:020000040800F2
:10300000A8730020D5300008B3C40008059E00084E
:1030100000000000000000000000000000000000B0
:10302000000000000000000000000000B5FA0008E9
:103030000000000000000000DDCC0008D9290108D4
:10304000E7300008E7300008E7300008E730000804
:10305000E7300008E7300008E7300008E7300008F4
:10306000E7300008E7300008E7300008F1530008B7
:10307000E7300008E7300008E7300008E7300008D4
:10308000E7300008E7300008E7300008E7300008C4
:10309000E7300008E7300008E7300008E7300008B4
:1030A000E7300008E7300008E7300008CD320108BB
:1030B000D5320108E7300008E730000800000000C2
:1030C0000348854600F01CF9004800474D4A0108B6
:1030D000A87300200448804704480047FEE7FEE745
:1030E000FEE7FEE7FEE7FEE7C52A0108C13000085B
:1030F00030B50B46014600202022012409E00D4690
:10310000D5409D4205D31D469540491B2546954017
:1031100040191546521E002DF1DC30BD70B500245B
:103120002546002801DA01244042002901DA012560
:103130004942FFF7DDFFAC4200D04042002C00D0F6
:10314000494270BD00487047C452020803460B4311
:103150009B0703D009E008C9121F08C0042AFAD24D
:1031600003E00B780370401C491C521EF9D27047D3
:10317000D2B201E00270401C491EFBD2704700220F
:10318000F6E710B513460A4604461946FFF7F0FF66
:10319000204610BD10B5044605E00B780370401CB6
:1031A000002B00D0491C521EF7D2204610BD421CF5
:1031B0000178401C0029FBD1801A704730B50446C5
:1031C0000020034600E05B1C934203D2E05CCD5C30
:1031D000401BF8D030BD0321001D401E03781202B1
:1031E0001A43491EF9D5104670470346032208705A
:1031F000000A491C521EFAD51846704770B506469B
:1032000010F0CCFE046805460A220021304600F08A
:103210003FF82C6070BD70B5064610F0BFFE046824
:1032200005460A220021304600F032F82C6070BDBD
:10323000F0B51FB40646002082B005464024019137
:1032400000901BE0019922460F46304600F07AF8C4
:10325000049A059B801A994110D3104619462246BC
:1032600000F060F8361A8F410197224601200021B4
:10327000009F00F057F838184D4100902046641E1A
:103280000028DFDC019B00982946324607B0F0BDDC
:10329000F7B5009C0F4600262578641C002D05D04C
:1032A000FFF750FF0068405DC007F5D12B2D02D01D
:1032B0002D2D18D0641E39462046029A00F097F84A
:1032C000002F04D03968A14201D1009939607105FD
:1032D000022400290BDA4042002803DD10F05EFED4
:1032E0000460A007FEBD012080020643E3E700283A
:1032F000F8DA10F053FE04600048FEBDFFFFFF7FC8
:10330000064C0125064E05E0E36807CC2B430C3C38
:1033100098471034B442F7D3FFF7D6FEE05C0208BA
:10332000005D020810B5202A04DB0146203A9140D6
:10333000002010BD914020239C1A0346E34019430E
:10334000904010BD10B5202A04DB0846203AD0403A
:10335000002110BD0B46D340D0402024A21A91403A
:103360000843194610BD3A2800D2303820230246BF
:103370009A43412A01D310463738884201D30020AE
:10338000C043704770B58C180578401C6B075B0F05
:1033900001D10378401C2A1106D10278401C03E0B9
:1033A00006780E70401C491C5B1EF9D12B0705D412
:1033B0000023521E0DD40B70491CFAE70378401C01
:1033C000CB1A921C03E01D780D70491C5B1C521E29
:1033D000F9D5A142D8D3002070BD01607047704775
:1033E0004D41494553515545202020200000F7B557
:1033F00082B0029C00272078641C15460197302873
:1034000002D0002D15D015E020780127641C782803
:1034100004D0582802D0002D09D00BE0002D01D097
:10342000102D07D1002710252078641C02E0082504
:1034300000E00A250026009610E000990127694364
:103440000818020C294680B2714300908E18380487
:10345000864201D3012001902078641C2946FFF7A1
:1034600082FF0028E9DA0398002805D0002F01D058
:10347000641E00E0029C04600198002806D010F051
:103480008DFD02210160C81E05B0F0BD0099300419
:103490000843F9E7836A0B4383624261704700295E
:1034A00004D0816801221143816070478168022243
:1034B000114381607047000010B50649884208D169
:1034C0004415012120460AF071F8002120460AF037
:1034D0006DF810BD00240140002182680123DB0744
:1034E0001A4382600F231B038268D20FD207491C44
:1034F000994201D0002AF7D18168002901DB006CD4
:10350000704700207047006C80B270470246002070
:10351000CB0104D5926801231B069A4300E0126890
:103520000A4200D00120704730B5C268084B1A40EB
:103530008C680B680D792343CC686D032C432343BF
:103540000C69496923430B431343C36030BD00003A
:1035500003D2FFFF8168042211438160704700217C
:10356000016001718160C1600161416170470000CB
:1035700070B5154C2078002821D014486178007867
:10358000002906D1002804D1104A2032927C002A5A
:1035900002D0012903D006E004F056FA03E0002827
:1035A00001D109F0E5FD6088002808D160789625F2
:1035B000012805D00120607004F0B6FC658070BD64
:1035C00000206070658070BD7A020020502F0020BE
:1035D000F8B5074603F0DAFF334C344E344D012F73
:1035E0001BD00027AF80EF802F81002007F0DAFB8F
:1035F000002007F0F7FBE07C07F01BFC002000F048
:103600005FF8707C002803D00FF0C0FD02F058F87E
:103610002F7008200EF092F8F8BD234F2549203F67
:10362000786840182449884206D2707C002803D06C
:10363000072000F00FFBF8BD012004F0DDFB607CEB
:10364000002801D00CF0C6F8FF20F530F8810C20DE
:10365000A8806420E8801948288100200AF0B8FD7D
:10366000707C0124022800D1AC7200280BD0B07C01
:10367000002802D108200EF061F809F079FD002041
:103680000AF0D4FD02E0012000F01AF8707C022854
:1036900002D0012007F086FB002007F0A3FB0120E9
:1036A00007F0C7FB2C70F8BD702F0020C030002041
:1036B000C02E002080345BFF80B92A00B80B0000C8
:1036C00010B50F49012807D0002048800AF07CFD82
:1036D00000200AF07DFD10BD642048800AF074FDD2
:1036E0000848407C002803D007480078012803D010
:1036F00001200AF06DFD10BD0AF093FD10BD000021
:10370000C02E0020C0300020502F002010B5064AE7
:10371000002804D0014610460FF0FEFA10BD00212B
:1037200010460FF0F9FA10BD000400403EB5044603
:103730000020009001902046FFF739FD02460290DC
:103740000720801A694640182146FFF7FFFC6946AA
:1037500008780007000FC8724878897800010907C7
:10376000090F084369468872C8780979000109077A
:10377000090F0843694648724879897900010907A9
:10378000090F08436946087202983EBD05490A7848
:10379000904203D0062802D0072008707047062008
:1037A00008707047A401002070B50024054D064E36
:1037B000285D0BF0FBFC61007052641CE4B20B2C22
:1037C000F6D370BD885501086439002010B50AF0A1
:1037D000D1FE09F01DFB0DF041FD0CF021F810BDEC
:1037E0004D414945535155452020202000000000FF
:1037F000F8B53C4C2078012858D13B4F787C002804
:10380000AAD7D3C89A2CC8955D6B8172FF87D14126
:103810004424ED7DD6AE7DFFB6E8B48FBBDA1D251E
:10382000470D2265BEBB200A63BDD6E5AE5F744579
:103830007F586AD80D4623D0F7C2A1259AD0E41F3D
:10384000D553B5D1DFC157BCF0FBA868D95371225D
:1038500086A8CC85B4C6E5816EAE037E02A6C4FE02
:10386000AAF602A246EBE381205F76BFA31C967BFB
:1038700068F6404CF839F2F92245BF8F74A8827877
:10388000C669ED8CC000C910FDA443B2B1FE00A909
:103890009CF6385212460ADC0085DB0C9BE553D3BC
:1038A000EDC8BCC5A7FBE47C48D4C947BBBED18DDD
:1038B00047D233C8A119FFDB0630289C12915D90D6
:1038C0002C9355D76D8A07ADEF3AA28DB459057880
:1038D000D93B4CDEB8AD895C727427B1F848A5219C
:1038E000A428C083D7AE5BFA13965DF16713F72D5A
:1038F000DADDB17E34579135A75474A9261B1C0F0D
:10390000C3F94DE81AA51AFA05989444B85A133227
:10391000843B643E22FF2BCF32FF8F8EF82936F88E
:10392000F6E2DDBCC180C8FC266F27ACB7FCC20A3A
:10393000FDC85E4D4DEFF32A50A21925C615113270
:10394000F5B4481C18EC15F5042E7837CB781070B8
:1039500028E678AAF023B216FF5D075F2D077E7474
:103960006DBFA8E5CD1D03C68F702930C314781D27
:10397000111FFA40FD6E52AB34D95CCBDDD6F97D18
:103980006E831BD727D7516B558CC472E75EE289D3
:10399000A5058E127F4F7DE452F6ED3945D78A8218
:1039A0006A031E9B0BCAA9FF96D75CC89714F646FC
:1039B0005FF4C54205830C0B5648C1DCBA2A43F7B5
:1039C00007C4DC642976653A619971406A6681535F
:1039D00081CA1F7A6324202A22D4493483B2B0607A
:1039E000CCC43ECA1FEEE4933ACEA488F93FE35715
:1039F0005CEEC5EE72FDB38DF7B9F83B73ADC5CB88
:103A00007A00861A98B53799F8F364AFE1B6387939
:103A10002C974BE4DD6A3EEA402D1E2F2A71B095AB
:103A20007AE3928C0A70B9F8240F00116CE2956960
:103A30002DACB315CB59F7536E48E587E8D34A0C44
:103A4000B77A137768F2F0F9486366167E75D57811
:103A50004D77A8B83D484D8372A66A87EAD28E9DFD
:103A6000A7006AB0F8A5757D548F41A32FED53B020
:103A70009F0E22ADA3AF3E5B877A518EEC994570C5
:103A80003C440A0448E9853250F6D47C6AF31012AB
:103A900083EDBFB8C629F9D49FD529D3155208D4D0
:103AA0006C0E89B5781DB0C63A99FA33140FC0BBB5
:103AB000464EF9B6DC82AAE6BA07A43AFDBFFE6715
:103AC0007C1FF2B4736A6CDD9F7860F26CCD8BA7BB
:103AD0009D897C60E144495A4FA607555D877EB0B9
:103AE0004803B44B55A515D52E74383E85EC5D18AA
:103AF0007FDCB78A0A441F0926944C6A3362593323
:103B00008F6ABB4CCCAED86EA988706E983BA689E4
:103B100086F0D6E316B8880BE5E2A2B8C48BB74EA0
:103B2000F4D190C7E6D5D4253FCDA6053323839B9A
:103B30009421F3A7F2736073E48FC7275E4E8BA2C4
:103B400071F3F6173252855A01D86D2B8758A1D0E0
:103B5000E674898D138AEBB78F66A6D2D28F8AF06E
:103B600019AB96BBECF8F19AFE7DA24D40FE20DC2D
:103B7000B49273A18F6A51977245F3B860E2E57A07
:103B8000FE03E800F509EEE904A8E31B15E796A299
:103B9000EEF8F831311A095AAC77C1542BAD94F1D3
:103BA00009588BC06547AA0C30B3B9A17D9F7156E7
:103BB0003EDC10361F0AFA99D0088CC5CE209CFC3A
:103BC0006BC89485630876C8D14745895A6F8ADCEB
:103BD000C2A1D5AD8BB762124DEC3059239A5BC2AE
:103BE0004D18D3899453D37B7238ECF3A69C1C995F
:103BF000E682DC0EDE34256EF61D3D6F03118AC8A9
:103C0000012672B06BF7E1655C62EBD3F787703128
:103C1000CEA1DD86C2247DF6A08DBCF931207DDDEC
:103C2000BC0D256CD83B32146FAD5D86C997B214BC
:103C30007EA26C286B7FC27AFD9A3EC032808EEFE6
:103C4000D753FA510086559CA72404B21B4376F241
:103C5000F669AC2DAE83A28A192D071A0196CC2ED7
:103C60004EF84E252EBF197810325636230F8B8A08
:103C7000670B4EC44DEFE0D93F99458842A8E1F467
:103C8000C5BFE7AC300B6E1C4378687263F606A6BE
:103C90006B85308A32690E0C828B4F4BF3B3592BF4
:103CA000FE6036A759DCE8A32ADBA9DA111DD85734
:103CB000EEFF5A94D376FD0AFEA5D02D652657F067
:103CC000A345D2E0CCD53FC39FA6E9FDC13705B7D8
:103CD000DBFDB6E9488844A1B30B2FB1B24DD549FD
:103CE0000621204E425059F0D5705AF0C96BBE0FD4
:103CF00085D1B274E18C951FAD300BB934A90D3D5F
:103D0000CAA94B100A5D1E610692EAECBD5E7F33C4
:103D1000EBC5B1ACDA0F6E27DB76779EFCF180D174
:103D20000B726C438A7FD22B499F17519F4F3C9255
:103D30008695121D4C88F72A70A0EB6DCF15B93609
:103D400005F459A4E9E111FC87C85857938EE8E0BF
:103D500022FC74C0D0CBB7CE7974A65F29DEE85DB3
:103D60009DFCFA94955416DE81FC8959EE8E086309
:103D70008A9FE541090E567B3F9DECBD094674A51F
:103D80004E8B1F322AC0F15ACE20F12A636952F5B8
:103D9000CA8D4C1979FF25CC57A5F51902D7D8AB98
:103DA000D9371FBE3278ADD695287CA8CFE203D68E
:103DB000C7E982833C0D08710A90635992D9234266
:103DC000F786DCBA645145C374C3030543F1761B1F
:103DD000AAFAE798A16229BD70BC8784883DAB6AC6
:103DE000C9393D32757EC55A83ABBBBC027F7CC5E9
:103DF00074D5C8868B4DE25D9830201D7C584239C1
:103E00007F0BA58C90B3112ABD6D14C7AA76C8FF8D
:103E1000786322E7786B36EAF13DFEED4331BEFD73
:103E20008E1092ED7A169A4E830387A6CEE29F6992
:103E3000D7AE7321EA24FE766DB8115F7EFFBA44D7
:103E4000962B3B33660F930708594F705DC34D7433
:103E50002434BBD0768841051052038440D3869D1C
:103E600002108A7290E572AC8D7C49824FB32AD6DB
:103E70009A0E26AF18C72DE2C4C7DEC4F51892EA21
:103E800032B457D41365A23D592657711C2D3F1DDE
:103E9000F98BBAB8DA2B57491EA5032D9A1EF7D411
:103EA000782089B55CAEACAAA01E997B628ABB93D0
:103EB0008532F6460964B2CE79DCBC7244A9BD1DD8
:103EC000D8B1FC64BFBBA8270D526B237C88B51703
:103ED000FF8B3920E7BE40AB4F57E610DE147C4025
:103EE00049D27B4528E3E5107B57766833118C83F4
:103EF0009F8DB68A7247EFCC2FF5BE9132519E9AB4
:103F00008F6BB04C09AED6BF7947FF244735DECA68
:103F1000712704ED99FDF8972A845D6F595AA7D34C
:103F200060E790C73261D1F52530A3F51869A2F694
:103F30009C971027AE25DC152415B2A35C47648C32
:103F4000A3288F0F5B2D65614210CC72C6B07A0B2F
:103F5000093E06750689620F56762D89433D58D372
:103F60000E36CFB0CC2D4417C9C1B02953A56884F3
:103F7000C1FF86FB1E09A67E8F92253600E22F2206
:103F80003F61E1290FD2B6242013694221A4945B3A
:103F90009E6DAE0941DF420B3BE5DFC5D0ACFCB105
:103FA0003B9F9AF4F12FA90E1FE3816C4D5E745E66
:103FB000507C697BD4F793C1190F7A36CBDC81969C
:103FC000EAFBE1726EEABDF8522743195A567ACBE2
:103FD000F323AE182D91667F4F7431512AA8A5ECBA
:103FE000EEC3C6D4C121521911B0EEDFF07E189D88
:103FF000DE4F7404469CC5F5F23D65B06E11FB546E
:10400000D67E8C6861DAD8A82DFEAAA3A38871E1B8
:10401000BF5ECD1B82167DF6F86CB9B74BDD64ED43
:10402000A5682AC4B8F63EA6CAAD4386E6B5329D59
:10403000C97749BE0D04D227D193A0F3E5FF15D966
:10404000924AC1754244079A250466E7D95B750315
:104050007772CC789C4F0D29CD9BA329404FC2F697
:10406000A1D66C752747CBC368EF5BC654CCFB1752
:104070005FD4095AB8098049D58268121C39AA1E32
:10408000AC211ABB7FDF61CCF6AB6EA248BB071038
:104090003E34F803EFBF4A2C5E3B5ED6C3E935DA07
:1040A000C55E42127DF42D315A0DE1804922278AE6
:1040B00007D65FF2A910C54CF9E7CD931B28182944
:1040C000A14FAD4ACCD90355FFC55A2CB554BB5F9F
:1040D0006A25A514A45DA78D43A322917B98A2D144
:1040E0002E1C3156E5F1EAABB481ECA1AFC3F54B20
:1040F000A8B1A58EA61A810705900D2859C0BC3617
:10410000CBAD541012540A990A6AD808CD073293DD
:10411000D41554FC2AA26A0673AF378600BC166E0B
:10412000EB205F3732006572CCA82725837D3D8266
:10413000ED58F7EC0F780A67EB741DD5CBCDEF1F68
:10414000E5B569D0B0DEE5A520A568274BBD19A06F
:10415000C96C955D2067B3EEF2A540E74C0C108B5F
:104160006E45F9BDFD8812DFD1FCCD36F114FA2F72
:10417000F4ACF849CA5E1DBEF1156EA45A82CC2D6E
:10418000F0DBEE4767EF4503094DDB4549F2ECA252
:10419000061D0DB082A824A3103E3669B7EE9953D0
:1041A0007E63EACB7A57198F42455EC4E873BD83BC
:1041B0009978FE12CDA90451155D63A99BC97B9323
:1041C000053E568FDD2E460A3333D3356F52C84E27
:1041D000C46B27816615D58E2BDCC7947185864A02
:1041E000CFC32F7B5517E8C924FF812DBE271CF6AE
:1041F000CFE6687B3518D3DC25B9299ABD6D0B163F
:10420000FB19A77CA0462920877431A5FA9658B7D8
:104210009E9863E6796A36EADB3FECED097C261D61
:10422000C736967F2DD688A6A687689F89DC542B33
:10423000727A3B79EA01EF0BBFE882D7E42B4BFEA1
:10424000D716A34176BF5A0489714770D608DBA8F8
:10425000203CA9DE1DF211F206EBAA00488F97C29E
:1042600005411A4FD413A172C505100E86CA60BB52
:10427000A1CBA27365C914F7B6A33F3AD7E66D1B6D
:104280002E9BAF3C4BCDED689EB454A99802317182
:10429000A6CBFC28ADF7A19CFA065D6E46F71792F7
:1042A000FC1E76EAFEB1A2EA1189825CCF0FBFD074
:1042B000AD86B22651626A7CAEFE50A396E7B67513
:1042C000E075FFBD70BA38509AB0F3616EEFA07F11
:1042D0006D8679A873E3C212B6CBAF17AB787FB007
:1042E0004DBA73C92531F17C3B13391B63325D3BF9
:1042F000BE9CC73D5B93FF513609B84B40D788023F
:104300000F3ABEB4EC5FD76E5F890F9FB2B7CD5F37
:104310008B01D43384B0E04E29ECA368BD5A9712C8
:1043200074FD5155B714D89D0248A3DD0F0CA6F6B5
:104330001725DB0CBA4FEC1B25CD2B8D4DD2777595
:1043400050EEDF674205E4026DEFCC730770A2D137
:1043500008C9475FDAAB24D5D77EADEA431E58497A
:104360006ECCD3838E75B3BCEE17A24DCAC2B9CC46
:10437000B46830C7CE482309772DAAF81803AF2BAD
:104380006A98E8F003F02F87A5751925848C68A238
:10439000A7C6612131E04323101AC3AD5F38DCA208
:1043A00078C377BBF3E5F4DE3BCC5CC8E021597AF7
:1043B00073FF3B97D84A0C6A6C9B8CE5CE20989192
:1043C00063A04B139F9A71A8D7B502DE7A121543EA
:1043D000757A6A46D2BFEBA524F47800A63B045D4B
:1043E000E6C68328A68A57A5B109EDD2F54FFCD1C0
:1043F000FC16945A61BB59B911AD2DF39A4F8BC974
:10440000EEB376089A63F1F05E935554245870E148
:1044100035E1CD1B869B7DD66816B89FC5DD7D83B3
:10442000816D0B9DD95BD81DC57B6C1FEFFE1355AD
:10443000807DCE065A7AC378EADECB855E8104BAE7
:10444000D351DB67207D5B6C16F36CD4DB0B89FAF0
:104450004082C44B7E4E5D55F40203760457A99802
:10446000F51E4E67BAD131D60AA8453FB133F0E9FF
:1044700065B1DA2C2BA38A6FF112245A05142A1C79
:104480008D5F21EECFD98B3D02740078B12617875E
:10449000CDCE3958EE0F0D0CCA895ED194E861BDBE
:1044A000FC3AD4A3573CE673EB648180437B987A53
:1044B0001EFB43FC0A83FC282728D19BA892F011FD
:1044C000835A1282A0ECF8A851336486B451DA5EA4
:1044D0004F4CA53B31CF857543AA4BC09A3D254330
:1044E00005832144F7013B53B1815D21B6D9F725FE
:1044F0008E23D1D78C7D9DC54C1C1CD8BD680D6703
:10450000CB714B3A085D0E60E533C81DB586F31FCD
:1045100024A45A31FDA06BF7003A8F0681FD30D8F4
:1045200066EC620AC256B67E276721C01770CDDAE4
:10453000FEA4A4B0DD857A98E4883A43DFC751FE33
:104540007D8CA656A31030ACD8357AC7BBED38F1B8
:1045500079FC4B912CBB30C0D7FC547F6B5C0419A9
:1045600099B3FBB1AC7412D7BE99AC5FC88BF44F52
:10457000E839D8ECF57ECF7664E1169C85F4FA8DA7
:10458000BECB7E461372C435D9B6D19A62D2A2B8D8
:10459000F3BD0BA0C2685D3113CCBCA9A467E80EC3
:1045A000DD781E9B8488A9FFCA4D50A4C7DDF29E0A
:1045B000FCD8CC46EC0806A05B9D392097017D6AAB
:1045C00027639DA3EDEC616F060FDC68996BA6F67F
:1045D000B1EA3708CED6DB06584177E47D17E245CD
:1045E000BDA529A45878E6555346D5D9F03AED56DD
:1045F00076663E3E84DA0C55D7E7D9AC7D700FE77E
:104600005BAFE7403041C69E0CF01102E0B64C7F34
:104610002C976B9C8C6D371AF5B83B16084EBE4F25
:10462000C6CE5B2F2BD6D93F2E0FE416D97F949997
:10463000867DC3889B94F33D05F01B87E6D2EA5044
:10464000A5223FE864233B64A9357770F647DA7802
:104650009F7588DE5DD0104D0A477AC780489E045A
:10466000C4594AE9F433847A008F20E90D83652721
:10467000930E2EAC29C95DC3BCA53303DDB5EDAFE8
:1046800088694D6968B1BAA4A1275DB0E393228C13
:10469000EFB511FAA9F6AF04A5DC0305693F245173
:1046A000DD0089B5F75F30755EC1E78B4F8EB12EA7
:1046B0005EBE06B1A0867229AEF643857075B4ED74
:1046C0003FCF0C83B2AAA8076B7F6B031C88A41989
:1046D000F3B77504CFD26FFF4686A5EA7FD275D9AE
:1046E000C1B17864253895DC4AE84964525DA2146A
:1046F000E953B757756CFE81BF42CF063A0A98BAA4
:10470000BEBBC82102A1D7BE738800D3E27EED3BB9
:104710008EF5F76AA906EB86249882E19582B74662
:104720003831B5969690EF2DFDC59D0A285102535C
:10473000B61B7AABBA9F9E97024CAE937B1E74A5B4
:10474000EBF1209023D5C45EE1B4ECDE67C5A20195
:10475000307B62061A8A0B27EB2724EE02FD76DEF9
:10476000EB77D08288678BD1667988A4BD29865083
:104770003BD863243F54333A50E8DB4D1BAF7FFBFB
:104780004E3DEBF1FCF99AB9715C201A848C96AB22
:104790002E6ABFB19E5F339E0715366ADBA2DCA18D
:1047A00029CA8199FE4EA496AFEDFBD61F2D755CEC
:1047B000717D22F24B22FE695DAF8D60DFB496A958
:1047C00013C76B50BD777301D4114AC95A73ED5D9D
:1047D0000F1C2A5AEC78677BB1BB7809BB5FAF7EB0
:1047E000EDC55A4A5235DF521145EB2AB4E71C9504
:1047F000F5E715CF9EC92733E0703FCBC0E08BCBE8
:10480000FC727B479A0569AE4DFEAAA3339771E10E
:10481000D173CD1B9693759F3A50F1D73B427E756D
:104820002C672B6FD9EB265760AC5485CB2FE696BF
:104830007E376AD86D8BC358DBC5ABD4FDB844E76F
:10484000D65BB3F1101B25DBF62B74D5A17176F284
:10485000771AAC75CE715D7D06FC0376083F4B562A
:10486000A72E6F8D6E896B290806561EA2E4CBB465
:104870007F3F88BCF839E9F9627B88F82510EA04A3
:10488000046FE87CDF4577A71AF86EAA97DE151A41
:1048900004043952CC470FD426A54EDEEC4944D34C
:1048A000E0C89CA3183DE00B5AB4F1164945F847FF
:1048B0004A545F9EB0E1D972063CC7BA164459B05B
:1048C000E3722482C57007ADE23BDC81B551FC5E2A
:1048D0002FE57D4FB27D325566AB25B1404CB4BC5F
:1048E000C46A214447AF5BFAB2E81DA9A10BF6DE0A
:1048F0008AD2C1198D7CE1727BCF7C795EA94CCEC6
:10490000CBA84F1049FD43AF443AB87BE37403C2D0
:10491000062DA3C76A88B8CF308086D47A413C017F
:10492000F9C2F53ED330A645067CEF69A74CBCB56D
:10493000595A041DBF40F2A6EB711AD5CAC5658845
:10494000F5B428E654C115F5C8AD7D5FFBB519A8CF
:104950007CCD69A8A0C1B216F35C55C784D4641994
:104960003DB3FBB1E46112D7BE99EC50383A38F848
:10497000C539BC2CBDC07AF3EE4D17058A96385C5C
:104980009CF1E1147AFCB43B6BB2F4B84E0B23E615
:10499000F04D7AEDB91E8DCE1634CDD0E7DC996A94
:1049A00028776E06CBFE09BDBE20AC6147E3F26FEF
:1049B000ED29BCDEFC0DA6C35FB5E351376B7A620F
:1049C00006CEAD029DD6E1A86FCBD3CDCBF087A2AA
:1049D000B03A654D310151437ED56D35A5716E27D5
:1049E000C5C203ABD97CEFCB77EA342FF4F7ECA741
:1049F000FDE591267A0C67DEF78FF734C96583747D
:104A00007EF18114A9D21971C40CB9CDE19449A7E2
:104A10002C97CB2E7CB26DC7D5849E1D06EFCEECB5
:104A2000675C92772A16E1039A7604ADCD1A64107A
:104A3000D210C271EA0187C65510BAEDE5DB3AA47F
:104A400037483AE867222AB9F9C9E71252EB2B0036
:104A50007CCBA9413D9871C03291EABD4D22F7C788
:104A6000AD624019F89B7BA5C8A2BFA90D7B2EDEC5
:104A7000902EA27379323E8BCC392113BC5C135833
:104A800025B35C24D8B6AD547E305CA17FE131748F
:104A900013A0B1481BD5AFF48A3C032D5530F72B3A
:104AA0002D94B3DC0830527D7C1AE23D9356089376
:104AB0003E840667084D228CAF04BC5225328A50D2
:104AC000D049FC4C794A9B689E76535B3A15A98F76
:104AD0005D437DB81D68770A1C5EA3C74CB77FB0E5
:104AE000B14E51FD0951D59DB6177AF07A3ADC9056
:104AF0006F4B3109985BDA3B07FA0B828F1008087D
:104B00008E90B9BC0E3372B684A7249A18436C35C4
:104B10009D081C9B2B02E86F28EC5A25943CB79EFD
:104B20000B1992CF95B1CB9C284BB8C45E88A2FEDE
:104B300097B7DBFF42D2CC4FDC802FFAFF2D708D70
:104B40006C807D2513F3E502B97DC6DA6502A629DE
:104B5000530AE5350A1A2A257FAB2620E08F8CF10F
:104B600054037C899D9CBAC09682AA1EE19C627403
:104B70008DA5D89918F1536673B544E0118F2F2392
:104B800096FCEBF90C94A6B98CA869629582947B8B
:104B90001AF7B061F1884303843EC38D73BBDCA177
:104BA00079C48BF37E057B86B5D1F201443EBDC44A
:104BB000688597585521FB6A1C06FCA2178A90F459
:104BC00062526952CFB570A0A62242C0B6237423A8
:104BD0006FEE3B164C30677346447A01AA3AA31D28
:104BE000FE36CD7C1915D3721EB9ED93F0B6176859
:104BF000FFC77ABBFF34276FF71D3A664AB18A199F
:104C0000A9FF766065FDF9204DFEA95392588926CB
:104C100026ACDBC263C17DD6E017B89F17477D8500
:104C2000BC6D2AC4A88C26EA2D875677FE6A706F61
:104C30002C806BD9677BC814BFEA8BAE6EB2054D72
:104C4000C469B2C193215FB7F4D94D92BA295FB359
:104C500046EFE51177846E5428012BDC80C4F363A2
:104C600083316E7D52C7E2A1703A1334CE3E8B8EF3
:104C700067F02034C84BECD9D99C40595475A9062B
:104C8000C694A85CDFB3610C42842E80F0048514C6
:104C900061AD31338F8B039D67756FAC832418E74B
:104CA00034AAAACCB3DF8C9FBE2E80EAA2D0D85DF6
:104CB00068935BB4ED7EFC022227D74B03DB5740A1
:104CC000AF2635B8C910149DB09043D4B7A9BA9394
:104CD000AF875DE1B9978C854B586A5D6AACAD30A2
:104CE0000378242CE9773120B1885C01A703E7B071
:104CF0008BD2A1E38A6E9115C8B07D515CA90D3BA2
:104D0000BBC64DC0785A0A91150FC1185D70236853
:104D1000C422945918AF6B27CB73A77CF80616FDF5
:104D2000F9E259BAC080B4FF3507366DB625DA22EC
:104D3000ED0C07CDBDF6F12A52A47F25CB15BD336E
:104D4000FBDD5081A86FEAF52D2878E71A31A773AB
:104D5000369361A92A037A5E4D7E19B8D3C975DDF1
:104D60006D11B1908D411ABD4434AA50C9FFC832AB
:104D7000C28FE09C26694336B04B1CF52DB2F81467
:104D8000BAEBE4326322F59305C0D14AB39FA6D3B0
:104D90008C4D171D8996C50C0EA4941F05E690F541
:104DA000206797337B51A4D5B728F690E78BE5664B
:104DB000E05D64EB84A4469DA59A09203EA97A9BF8
:104DC000EF9EB3CFD5E34DBEC39B62642BAE8F7A0B
:104DD0004FED9B0998A124DE008E19947185EE2A6F
:104DE0009F3C179A54EFBD31701BFA70F8C6BEAEE7
:104DF0007A47933626D5E78D7FB9D435757C4A46F8
:104E0000475209DC484E39694B3F31AFB06948A77A
:104E1000C9286BBC7D0BFFB2E525388F42293ED7F0
:104E20000F9E93862AE7929E228FD4A8CFF094B942
:104E3000771A42D0EB08F4AB65B99BDFE0233A6BFD
:104E4000962BBA4166222A43714347702686CDC508
:104E5000B4F30DB03968005CEC3B470F9106866DEA
:104E60007D9D22BB79987B8F8D6A50CF8E190B77F1
:104E70009CB7AD6248D335A9B7CD31028DBD424054
:104E8000B9261C39E92BA53C54365C71EE2BB516BE
:104E9000AE7BB56947F7A2042DD9020D1552A0AE1D
:104EA000EC5189B57815AC8A59D3E65B244CC1B373
:104EB0005AD7312E1154AE1EEEC87412DC5E367D08
:104EC00030578D23DA98A807EFE5396E4445E14362
:104ED0003D435138E0D24553B481A5EE111D7FB951
:104EE0004D226A3F2530F47D7A4B68A030577DD73C
:104EF000FA82CBA9779CD701C6C3BF933AFAD9549B
:104F00006F356815F6A6D64ECC69D0524245CE5FB5
:104F10008F00960D59C6E83929E4A348D4BAA7E909
:104F20000AA8D89A9648D005422CEB8058A4A2FE35
:104F300091B7D8F7BFBFC74727EDA65B5CBF7B7DA6
:104F4000A0D8EA2E521BACAA41E8CD83875EEA7155
:104F50000908475F0A136B1B9795FC2242E589F904
:104F60005E950E49B00D98D02F45A3EE4ADC71EF47
:104F7000C7FF30C51E5A5A4431179C80316F6E7876
:104F80006D3AE3DBED6AA5493D0B68118CAFD5089E
:104F9000CD91F8C9418F47F32F4DC3A62E5C9C9F3E
:104FA0003165A1F0FD6DA8F6324392AB090975A6F3
:104FB00036B268EB574172331C0E8D359E8B1F5FE6
:104FC00079C9E309BFDA7050967BCAB3423B3DA36F
:104FD0007F732B8A6C562FDB53DD30A1ABC2A5E566
:104FE000ACF98BB408F7D37311B9ADE5A01CE34E4F
:104FF00073CB2BB1ACB027B71D3732078AEB8BC10F
:10500000FFD6335E5288D1A75D6BAB73B3B951B68F
:1050100055E1CD3BFD247DF6E017B89F1F5F7D85F0
:105020001F272A9CF4E426CA57BF56779EE5324DC7
:10503000B2BC6BD81734C37855DCABD4FDB804E3ED
:10504000D75BB3F1101B25DBF62B74D52F5C76F202
:10505000771AAC75CE715D7D46E90376033F4B54FC
:10506000A72E6F8D6E896B2B70C85636F31B8B8AFB
:10507000670B4578986D420127B440884CAFEAF43D
:10508000C1B9E87CAF8471512EAB6EA2A0BB061EE5
:1050900064587C1A2BF71BDD1545A101836152B3BF
:1050A0007978F98548B1E88376B3E9E6EB01D85D14
:1050B000089B4595A47903FD64E8D122334EDF10A7
:1050C000A624A411CC9146E4E9A222DEAB490478DF
:1050D000783DB5846CBB848CEB892A610BF3D44694
:1050E00014EF6D4513C8A52DFB585E99EF02BB3D2B
:1050F0007405F4A69CE1913585D07C794D54220C41
:10510000E4CD4EC00685364E0DB0CD18ED384BF6C9
:10511000E02CB5AD2AAF6E27E574974BE9203C082B
:10512000FEE2FDBDC352A623366F32E13CF7DC4FF1
:10513000ED57231CAC28F72A6EA21B2783C42DEF42
:10514000F064D85A82A814F4EF387DE7C036083DE1
:1051500065546D992063BDEEF2AF71163D0E71542A
:105160001C67FBB3947A2AD7CBDCC5E2E48BF92227
:10517000F65FFD919E754336444654F41D96FDAC92
:10518000DF101E1544EEAC53F4008D91696CA3B48E
:10519000A94D0FA0DE6C3D3112CEF5787FBE9D4348
:1051A00078AC0E067B55E1DE82D85918AC5AE30B79
:1051B000EC2B8442F4A503711E968364F2007BBB42
:1051C000F811DDBFD97141CA5BA600092BDA795EFF
:1051D0009151B78A61092A2E79D46234DB10C2B5A5
:1051E00099382B3335451231421BAD00B877DC3B83
:1051F00083BC9416E371E785D319981D4DE00C1616
:10520000334297E1FD9309D44C27345F003CB7AF9C
:1052100058FA73C030220787A86D0EE21E17F605F4
:10522000F7A39DE6294E9094222FE497CEEA9C495D
:1052300052293C80E3F1EF272DF82A12E423024C97
:10524000A7B733112E626AB943610F30668EC6A8C4
:1052500094E99825CCE80075E22B4ADF10D5876DDC
:105260001D95B5371D1B7BA5CCA2407139536B4BE7
:10527000814BBB1B89E73CABB274A3CDC6CA1551A9
:105280003985443F76B88B5FA1F1B47F7B6C3FA436
:10529000AA57A1F5AC27630999D5D7D27552032433
:1052A00089DB8765C755A17A141FF6C6EB808D6828
:1052B0004E2306B19C80BA73A326768CCD3241EA88
:1052C00099CD02935367B89A94A01DDF67CD9FA52F
:1052D000ED4C79B8DF6C5FCF9258AF374FE266D8AC
:1052E000099B79B52BE8B953307D7E29740A4BF8B8
:1052F000BCA692527C4C9B882B4C01452B979EBAA6
:105300002EBDA821FF7EDB659CCA0423CB34C38756
:105310003D2EC6AE8AB0504D2A3C6265841948992C
:10532000A31B90CF6CB0DA2549CBB348052C0628D7
:1053300086DA2428A796DCD229CD3B8DA298ECAA48
:10534000B6B4DF67CA04E4025175DE1B0728A1F179
:105350001773518901C92D0E881C3EBD48D795236E
:10536000E07C7E3063B21F1D7E8203B4442E8153E5
:10537000D492872C12D643F37195553500E2D1F4BF
:10538000FFBA152E61D4B6248AE26B9C9518958BD2
:105390000D25A0FC998943034C80C6CB2FADDCA220
:1053A0006A056BE5E707EA9EA621F1F3056E7272C6
:1053B0007579208B2B487A0B1DC6CCE1DE99C5C1CF
:1053C000F13263584C212A9C4DD7C982B3A105966E
:1053D0005E4B2A5A3CFD667F6190586FAB1AFACD3E
:1053E000ECCFC7E4783BD3AB1791EC0B87600C0490
:1053F000E6822BB170B335FAF184752E32268BE933
:10540000FE0671009A23F5085C2BAB81E2E470A1E3
:10541000551BCC53976C6C96B158C8F8C5977DA5B1
:10542000BC4D36F6C98B278A6FA457378FBFB30D93
:10543000BFEA72B1757CCB6167A8AF25B6980BBD8A
:10544000C730FA41607C41D6E33994D0DFA23EBA3E
:105450008670BC4EF6562D3AC9982B649034C60F10
:10546000EF6E617F3C95F3EA48EF2671A97EB7980D
:10547000E7FC45E5B079E70B3066503B1D379A43B2
:10548000C10BB86E5FB29B3D4AEC61A0A20A101539
:105490002C1C483D11680BFC0F755DB6F2DF51DB2B
:1054A000FF52AF8D524EE8535BBC99814303DA3D06
:1054B00018045864A159F7490470A72C1106DD237C
:1054C000A10CD477FD4504EDE7A017BFB91370E731
:1054D00063AC877ABCE4A8EF61C8A62859F768686E
:1054E00026196D0E35C3D7B093E34792A5433D65AA
:1054F000C892BB360E3CD85D76814CE45261F2B95D
:1055000033344CE4EC7630FC3FF4C8159DA6EB82B6
:10551000C60594FE1CC721E7F0F7F68DF8283DF884
:10552000EF22ADF482769F0C070C6631BDFCEA0BCE
:10553000DC3C031DB6F8D02343D01A00C2E81DEFAF
:10554000FF644458488615D7D91579377BCE119812
:10555000713C671033B24A83B289163B2DBE9C243E
:105560006E6C7D6CEC2037B8CF04ADC9C4E5ECD3CC
:10557000C257CEB0DA6E71C2AC0C14952CFFB01CC1
:105580009FA25E2F8BAFF476B8FFD54362FA9AD50F
:10559000F04CC35281D4C5EC310CBDC1AF1E954354
:1055A00074AEF63B7887CD0252905DEDAEAEF79FBC
:1055B000FBD9F423CDA4CF83532E7BB986C968F3DE
:1055C000EE8655FC2A7F08E863502C6423F26E1B9C
:1055D000B01F5CFF3508252E10BC76C5403AEA2680
:1055E00025701F98561678C876EFD15F62F0EC866A
:1055F000D89790E62F2BE68D00C3D07D82ACF43691
:105600000DDFDD5C6B5F36695515298F1FB9378754
:10561000A49F6D6C97B92A72E52AF92D0544FA7991
:10562000A766B2D62B3499FD0FB9FDD221A6F28719
:10563000824E3E5F3BDCF75343482BE9E3252304CE
:105640009BD25201AF1EA7F399BC61226739BAFA07
:105650005C9780FD3E98FF8ADDE1591F29C24E51BB
:10566000F0D7893DD1A579A5C8AB66F33EA11B84CF
:1056700019E08A360A6F1ED9B48E4141E38412784C
:10568000CB6396DE63691B8AA6BB5C813BEB3174FE
:10569000BB1EB20EA9F5D2D07A2507CD45A90824A4
:1056A000D9D9DB899A1A36C8A732F6C61E5689D0D0
:1056B000DE2CF80051622A7CAEFF46A3ADC8BE1DA9
:1056C0006882F42C72E2A80F9B806B02647BA0AF0F
:1056D000B80D69F5E3D84E536A0FAEE704AD5FE944
:1056E00049D27B4526E1E510225078028E345DC315
:1056F000181CB33C5FF5B4182CD577D3B2439DD9B1
:105700008CD0BD0DF41ED7BE7380F82F93EBCE5214
:105710008E409230AD6274972859B6B891548797ED
:105720002AAF35CB92B087F905E2F6D9020CBB3629
:105730008DC6D877B49FDC9330DDB8D25FC77AA529
:10574000ADF5D0870C8BE68A4F30CAAFD763A05B2C
:105750000DA273570A552B9083E654565E6C8A81CE
:10576000107B24308C66B94A7A1E84B4424868396A
:10577000C0DF15251AD87FB77145BE380DA7522353
:105780006E40E4292FD7196A3B9A7F2B91ED5C1B61
:10579000512BFFCEBF404323C057C285D072DC815E
:1057A00059C5A1FEB857FBFE7BDCB5942D0254769B
:1057B000568C33DE1B4DA8995169C8A0FEB5B7DDE4
:1057C00043A04B529FC741ADE35162E07A52552B43
:1057D0004E6F1E771D7C517471A748049FDE94356F
:1057E000E8E739315890D3BBEEDCE8BDFED803F5CD
:1057F000F619DC969E6C25D7FDEE3E6CDF408A7D67
:105800007B2676B027F20EF57793B3EBF78A6C130D
:105810001A7D843A94B77D46BA1BA09D3AFCF88461
:10582000BE052E4CD13526CE7DCA3B4BC53F20252B
:105830007E1D6BA56B1546683658AFD6FBD00B6F37
:10584000758AD63DF489F9DE06D80D72D03A7443D4
:1058500076C2A62EA6145CE943F3007604862F23B5
:10586000A7286F8D2B675751FE325636C61D8BAA5F
:105870006FDD413C07EEE829DE074170F6B7EA0428
:10588000D4F4E91ACAB8219405AC6F51B32E02B60C
:10589000605438A3EBB7F40BA08A4F4B3FB751DBF2
:1058A0008DAD35555C4AFCA2593414312BFFDE5DB9
:1058B000E7D97F48A211FDFA51EAD39B6096A8412F
:1058C000425DD91585B3EA85C2ACF908A485FCC947
:1058D000378DA543B1A5A87C5B2931E0781CAAF1DE
:1058E0003FA12B4527C6A62DB25C5697A565E0AC17
:1058F0008F5ABFAEBDA79015B7C77CC931C25164DE
:10590000B9A04C5602550F413E42DA74B8E613C1B5
:10591000C78FAEAD2A1937F7747F1F0BFDF164D026
:10592000FB3E6996EB3629F595B137E176F6C44230
:105930009DC80D9F6DEFF2DA2B691B259D8A79BBFF
:1059400094F33D81A0EE15D5FD6B78179BE87CAEF6
:105950005C783BE0DFB4B23E476AE5EF98C9A51D2D
:105960006D9CFB91CCEEED0065D2B9A4317870B39B
:10597000C15FFCF1FC1E551B43F4779D0F26F87E9A
:10598000D4A017AF7AB67431F320D9F24A02A344F7
:10599000962508C0810F2DA4113CA87C63BAB89548
:1059A00022B717237F87F907BBD07238E589C26613
:1059B000EF21F8B3CBA013A54E4B9A419601496B4A
:1059C0005F67DE2F24C640C92A122B5F32FBC163FA
:1059D000B0303E203101206E08BA77779B0821D77E
:1059E0002FA28FC3551EE9E9B834BFC4F23F9E56BB
:1059F00044D06D318BD6E4EB367B38CF7FC60BC6F7
:105A0000FADCAFC4B1DB5EB9C7ED36AAA56229A145
:105A10005D08B97B7F67291EDF2B3F7DCFD0B94062
:105A20009A3ACE88E2D14937296F6F08C9E29509C1
:105A30004214C289FB11F7EAA62A28E941224A0C3E
:105A400093FAA5CE6C9A5A2C4F907F165903DF21FA
:105A5000DE7994633D9002AD08834BD74B2A9BAD12
:105A600038684AE1D0727A1DC151442B098A4BB083
:105A7000950E4EAF186F0EE3BCFE211BE13123F9EA
:105A8000313C52D40163813C5E275C106A413D7712
:105A9000AF01B6699991AB0447D907DDFC1008F452
:105AA000DDB1A9D30989B4BA5F7025C9F6C561B261
:105AB0005EBEFDB67483A056ACFEAFA2E5C943EA54
:105AC000F2CCFF22932840959DCB6BD3A1C5A5AF07
:105AD000820E72F816295D925496B2B65BFF716021
:105AE0007209AA522682EB0C68497C8A74EB691908
:105AF000771E57C87316FDEA224C6940DCCD9AD058
:105B000098E3EA80F226D96EAB8DE9617279CADD3D
:105B10008C4BD2E3F8BB8C5128EDAB0095541F940D
:105B20003011C6184387D1D5D1AEA3F5FCF3A2F648
:105B30006998DADF4E5FCC4FBF38A5739D5F7475EF
:105B400060BC1DADD6892E9F61E0EC73C740A2F109
:105B50004FC5085746AC4F60A7360C8842CD882900
:105B60003EC896E6B97588844E3FA094B46BEE1C8F
:105B7000C4087D4C1ABF6000704DA918117F2F9387
:105B80005962C3FBE608A70E74356D927C5BBA338D
:105B9000EFF9B03840572FD938C5D9720FA9E9C7E6
:105BA000730591FFF6F5F82137BBD0010F0A56A611
:105BB00050E163A369D8E99D1D068C75FED381ED84
:105BC000A0326AE59DB4D1A152454630838C72B3B0
:105BD000CF193F8B32E963F34B64C6D0AB7DA0167F
:105BE000E84D4715783BD1CC11FCE90BD366385909
:105BF000A913E1007FAB1D63C58BE0A91945500EC9
:105C0000EBA777E894FA59215DD4AE80F70DFFE059
:105C1000051ACFAC97B37926BDC0BF252BC92FB9C4
:105C2000B98D244C413225CA66B156C7CF48D2DF60
:105C300055CC6F52E917C7A87811AF04370E0D2F56
:105C400027CEB221EFC4559C032404B208EF76D2CC
:105C50002014E32DBE365D7D859A23760076C3DE63
:105C600082365D392E97E3A9F03A5370248485EC8F
:105C700067F85F72F835ECBD27F146EC56C3FB4D73
:105C800039B6DEA6C4B663AA0D256A2ABEFE64AF85
:105C90000D3AF007E7E403824F0693837FEA6ABD7B
:105CA000F9B294A3684AEC73A566EBE63D36D44B93
:105CB00018BEB206A2A50DB83D56D4C1179EDF9BF3
:105CC000A4DC548D6D760685CEDA379B9B5CCABA10
:105CD0004AC5A539CC3899E443AF2B387A94B84CEF
:105CE000047339B4171033F98E8221F0A6B7D32D7F
:105CF0008E02F7A09C7F8697F7C03D795C740DD229
:105D0000CF71E93B18561F132D9B9D1CB8E30376FA
:105D1000C0D538773D6F6B4734AC9BD484203DBCF5
:105D2000DF3269B6EE8EC6212CED7730A92CCD6717
:105D3000EDE100CD37F3E2F9E3FB3324F9C5145A62
:105D4000F5005C51231511259BE604AA4FE218A02B
:105D500086E36DE0641FFF78F28D563700035989A2
:105D600040B1D6BCF17612F73099AC5F8A81F92E3A
:105D7000E106BAB1F9A852AC444C5E053A95D17E21
:105D80001ECA1E176358F4E5F5002B974B09B8D3CC
:105D9000E82B12168867417412CEAC1F57D898436F
:105DA000DEAB1E9A7331A80FD9015818F65FF3972E
:105DB000ED29CC93577886A2294F33F897097B2C8D
:105DC0000678D94FF0A341C96A313A0373F4878B3F
:105DD000FEE215D2300031B8280CAD188919E34520
:105DE000CCE0691B51CE19E45D83B32CD06EC2C9DF
:105DF0007CBEB4167B00C47DE629D15C7DAD7DCB35
:105E00008FC5FF7FFAD199484D2D3118E1D04C77DD
:105E1000EBD76BBF62042E7CFD4B3FAF2BCFBE4751
:105E2000D65883E82BC625422ADEACA9C832B46016
:105E300076A20D55EB00FF3D656842525AE4F252DE
:105E4000970D3B3E672A45D448635F1E5612F3CE3A
:105E5000237E24653C9A303B2A5DB508C704A734ED
:105E60000C084B10D0CE755C750C40880F836A26E9
:105E700090DCAC1F08AE17ED437359CECDC3321E74
:105E80001DD2A3D31B6753C9247D3A086AFBEC8556
:105E9000AB896AAF13AC4B7D9F0FE8FC65CDE13356
:105EA000280E89B510ADACAA9FD1E65BEB88C193F3
:105EB0004E2BFE66EE8B8837AE26BE8ACD32BE1DD7
:105EC0006882FD948D64A80760A725DC6D74A17FAE
:105ED000F58169F5FE914F523AC329A772757CB1DD
:105EE0004A5B874260E1F58D271C7B88317359033B
:105EF00092B4130663E8BF6DE60E3CF9C3F2996FE6
:105F0000E7047DEFE1C6CFD20C0900FB9B1BEF0E2F
:105F1000CECE5E518C900741C83482E19485B79E05
:105F20000D1FB09E9648D0056A16A31549F88290B9
:105F30009F57DBF979DDEE29BB1CDA535DF975C09B
:105F4000A2F9C19A110AE4B2498BCFF94361A36760
:105F500039C543870A392FF5BCEB2A1832708829D6
:105F600032A4DEEB0C6ABBC09A10A0B4BC2168ACB2
:105F7000D49A79F30EF850BECD9CA28109132679EC
:105F80006F68E509E0195B6E52ECE81AAB8C8FABD9
:105F90006FC4A26361BA4ED3E9CDD0C56FF176A9C3
:105FA00061359B59ED355529206A70A9230B71A6DF
:105FB000F7B072A96B15F749D9DE62021F8985FF18
:105FC000439D6682000A9967177950E27A6F78DB01
:105FD000C6A3C8BD296898ACD46C7DD93617B488DF
:105FE0002CD7C3142447D37B3C46EDDBC02B990947
:105FF000DB15DE679DE4D8B04B3529064327C98100
:10600000EC3771E867FD53205D66C2E576D36189A0
:106010002525CD1397F628F2B0D88A9B3A487D35CE
:106020009D633A8C1B79277F4DC32E76E6FF369D04
:10603000D97663B06CA6D37BF54083D5FE6524D9B1
:10604000D383B6DB14CB9160F2BB342FF75C76F2CE
:10605000827DAC2D41C95D7DD967191E1A3FC3A24F
:10606000AD7EFE1F0947EBD900A773E6A21CAE7AEE
:10607000749665E4EDB3FE8820CD4D8838A8FF48BE
:106080008E62717EF5D11ACC0210677217F201761A
:1060900064EC7259D5B592DD06E124D6F769210783
:1060A000F050BC75542FEA29DABDE9527F23DC8D0C
:1060B000D5D75F442ECDE2B70EB20B8C1BCC8D87AB
:1060C000ABCE7CD7E1DF07A50BEF04DF844BC98F94
:1060D0000BB6A539A42884ACBC742A411AD6C701D2
:1060E000451862643746EFDA4115DA61A706F3987E
:1060F0008F67B7CB8FC9BC17B0C078F1A01635BE7B
:10610000E5A12486C0010A90059AD570BDD8608AA1
:10611000CCC5A7A42A5E22CB529788B06A7D75347D
:1061200009472D5A403222DA4F09FA649A2CC48169
:10613000A5061075BC71F2F2EA895E21CB050BEB66
:10614000F4B4583180A80DE51BAA7982597FB8A113
:106150007E3C691035B7BE70123F65712984738526
:10616000696C5969DE7B1EC3CEBCA88C267FCB45EB
:10617000C2D57D40FD7E7F72409436290A0608E133
:1061800092C41E1797E0F5530E0FD16A5B9FA3B41C
:10619000F92B0AA08C6F27AC121C87A0572398B349
:1061A000D7E218FD7631BDB3BAD55438E781F3266E
:1061B000E02ACF418BA407156C4D972976D274F352
:1061C00007C0D76F2317437B6B832A667B9087EFCB
:1061D000863B16D035D11107201C777488ACEB466E
:1061E000DD3218C357AAEE39773B93A5F03AED5646
:1061F00078667E3D8590E6ADB2E0D07D22390A3EDC
:1062000084DDA75C4046ECD94D2931AFB4D6B7A6A2
:10621000191B683484B584C5DA453E7802483E626D
:10622000C736AB7E2B14119F3AB9A01FC2399769AC
:10623000CBA93C895910BF3818B9D3AF1DF412D37C
:10624000934C0E7966785B2C6A9173F26092D82039
:10625000D1792A663699213BFEEC00004BBC850BB8
:106260003F814F68DD130373CC524011468843D4FD
:10627000E3DFA3C403AF3B5B3F7F0F7BCD71037BA9
:10628000363E5605680E95545AF6BC796F2191AF8B
:106290009B4B98EA7330AED2A821396B657828F70A
:1062A0007C0089B5093FA87A341AE65EEB5580A1D7
:1062B0005D37C9001D8C0037AD7EBCE2DCAC1E3FF3
:1062C0005871A9FD7C6AAADAFB4C8F91930BE069A7
:1062D0001DF77299E26433896A308F279CE57F0746
:1062E0006BB5DA942538F43A3EA532D91707B05188
:1062F0001E816CA9769CFB817946B8F3BB539962E9
:106300008B9270BC09791367D9C7F06E8BEB8E76D0
:10631000712768EA71A7F8B6E9FCA2B8C2CBDB1A0C
:106320005586F5C79660D1D52741A3F528F9C6F85B
:10633000B3038CDF4590CC6F91DA16ABE888A5ECFF
:10634000A609DF672C9FE402BF3714ADC660A2D553
:106350001913275427E1532486820488463D98D296
:1063600012C3D586BC66BB707479E4B5414B6938FD
:10637000E80F7D2B7ED0436D77C793E9407F2E9643
:106380006ED5EE2997D1A26957EE6A927E5BAAC6B6
:106390001127B04197C3422B6C47ACEA5DECB1AF1B
:1063A00057CB81B9E5B0A29636B2F0A24C51346811
:1063B00034D361A14BD9BBCE196EADDD9EED96F500
:1063C00067516F3ABED371F9D695D23A4ACF752B41
:1063D0000E742A7AD867677B55217461EB92A61DEB
:1063E000E237C41C54ADD8731AB9E5B2B0AF96C742
:1063F000F61DD5969F6EAF31F1E53F9EBD96EB142D
:10640000EEBB726065FD41244DFEAAA3A38871E135
:1064100035E9CE7D9C0D7D0FBA1BBA4FD4977FE333
:1064200065972B9FC18D261A4C7846EABE6A2321B8
:106430005EF66BD065E6E5D5D793A4BDFED8024FD6
:106440005A08B30C15EB507CF62E08DCDE933BA902
:1064500081B5AC28BE175D8D8F28222F2A30C3FE50
:1064600058F1EAA70CEED2EF00AFA9C1DCCF8F5AEA
:10647000D84430890C3EE809E2554058AAA8EA04FD
:10648000B406E85C3F4566AA873463C4A0481E1082
:1064900064583AEEEC030F680E3CA301DA675ABD6C
:1064A000FF5EB5445AA4E5730D61F9E541A9E13BEE
:1064B00030685A22A3A5FEFACFEFD2DBE3D35760B0
:1064C00003EAA530E89429A0DBDF60DFB579FA8F15
:1064D000DE702C89B0A999E15EC52A665BF2B02016
:1064E0004C193D2D1DDC53F095701DC9B500F79D6D
:1064F00090B4A8FF8FF49CC5981C141FDA960C6604
:10650000CA144D503A289E9015FCD80C7AC407C284
:10651000C0D5927638C76B42711FB7ABE8223F8275
:10652000FF336EB6508FD2F275B5530DB5201921D9
:10653000E4C5F480FC10E1F9EBC90143CD441667D2
:10654000F864525CC8A8D2A201FF7817AF6818801F
:10655000514D6FE8DA7DB21ED7A07C19075D74A497
:106560009263FB912CEE9B47C96AA93DE6EFEA22B4
:106570009F37049604730EC3505CE0222148A31297
:10658000A0D56F4E6ACEB56BF560E02C5B08ACA46D
:10659000F5F506A0B26F78C113C3AE8976E7E8CAF5
:1065A000061157A5774821BDA1225870F783F61F21
:1065B000FC39C093E77D002A612BDE78BF6F764BF4
:1065C000CC12CE5F2D7E0DA127593A3D6F529963B3
:1065D000CE62AAAC1E7561E2A9BE8F3C8919CB318F
:1065E000C9F015A4139FAC517E3B03A0CF5FCCA490
:1065F0006EB784F687DA5A50EB80D05D5D6C8347C6
:106600004B64D12389BC7811563233A6FD96B099DC
:106610009C5261BD84B55BC7EF2C761C332DF06DA9
:10662000C23093772E10E8C01081ADEDD881B1BB98
:10663000E05143B0E339FD590CDE115F06FC6164A3
:1066400089327A49672B74D473A16F185112C5B07F
:106650001CF1546F7145C07D0A017EE547D68794D1
:106660000A0433BEEA9D728FDC3165A39CA8FBEE61
:1066700099E600E160C9345B757B2113A5A717B8C3
:10668000769456783380F7011E1AFCC39302261CB9
:10669000AC8AAF7069AF5303B5D80B0D2CEF41CD69
:1066A000D4548025F8156CF255C01A8C358A899B14
:1066B0005EB6F1961158E8CEA6F73C6A9D967F69C2
:1066C000781792227C7AA9039770435694DAE25F96
:1066D000BCF1BA50FD8D352E116FB562964E36E87D
:1066E00010863AA9955A077EE1B27822802D5DC3C3
:1066F000BBDF975F04BCFF719EBEBF9B957E984237
:10670000AA31B89C063BD2D80BC70E95828DD131E9
:106710008EF4D2878CD4FE222A58B3D168535F926C
:106720003FA792A199C1D57D0FC2B509619A6AAB05
:106730009E14D2A1F21C001AA84E9E3559C55D13B5
:10674000964FDC974BD7E6021DF5C465C7D04B4387
:106750001817B7C5308528AF84E6D255457D7894A3
:10676000BE0DDFCBB9758884401A90A127DE68ACD6
:10677000D49A7F931F50526673B4BBE918192FF354
:1067800083BAEAF8F609A6699DEE79DF9DA0945BCD
:10679000196DB607C3174B653FC595742EA5F55106
:1067A0007BCDA869F62D810E1CB6F5490D0A7FA692
:1067B000768C611B634EFB9815168C741D27BD9B50
:1067C00037A17852BB02AD787979BB727E39210945
:1067D0006C7B23AACBB0677F67DC829BABB7847EE0
:1067E000C5A1CAC46B84B74718451828F7B01B6AFF
:1067F000E011D8A6EB69FDA0BBE8EBA936445F0E1B
:10680000FB2872938A2CF3385D6DAE73FB8162E5D1
:10681000257B60269AC67DF049DFABF73BF89517DC
:10682000BE06289EF98D281AC17CB24B2A6D4D7187
:10683000C9C8992B6D11CAB81F58A8D7FCD225D941
:10684000D7E4BCD1B0C2B18013B9728ECD5D8501E1
:1068500072CAAC25BFE6598D7D2A06E6F0CBC3DEB1
:1068600058F96E5D2EF4E2A1A36F5636B3818EE225
:10687000F7C0401CF9C116DE10994058AAA09EFE30
:10688000D4FCE85C5FDF61CC72C36E828EBB0076A5
:106890009A8B0C86EEB70BD807E53FD5DFBB29DA1C
:1068A000FC8C95C55CFC847B56D4E28B6320D8EDD0
:1068B00002681F95A1A4FC9E2A30D49BAE93474347
:1068C000A4CE8C119DD00610EB7E070F0A84FE7FAC
:1068D000513DA6C9E771BA11BC742A41ADD0A509D2
:1068E000510A652543C575F49FA05DD1549672BDCC
:1068F00087B4B1738E8C8315B3716CB958790EB6A9
:1069000068794DE87CA50F29064A56C4BA5E6C32F8
:10691000C1BDA77CB3776AFF585F95D6FC913D084F
:10692000FB8269DEC354DA32E5FD3685172DECB4FF
:10693000E9EF00CD99F0F2F8C21F1E9DCB1521356D
:10694000F00C5A87E1EF1CCF5850F958B6D5F0FA41
:10695000793463305F03B51DF21D4C71140F76332B
:106960006E0AFA05D8C311074AD5A0F9FFEDFC93CA
:106970001498FF42E3C86AAA44F0184D0346FBA5E9
:1069800016911F1F551FF75BB120D649516CE5B416
:10699000F1F90EC88767DA747DA4B8C00786D8837A
:1069A000E92B1F9345A7ABD7F2285BCBE283A697D1
:1069B000EC9DC8FBC275E179732B6F2E9BD51CF241
:1069C00060A59FA74A17DBA82FC123D46C918B59D0
:1069D000B38D166630B552DF2C647414C3C1E5461E
:1069E000DC323AC355AAE9817D3B78A4F3E71C79F0
:1069F0007B26607B2765E18ED759CA3B3A7C09A18B
:106A000078B4A6C8B46B3A9979F4F468B70E4FA479
:106A10005CBA71DA3F6335ADE69B3FCB06AFBD95FF
:106A2000EFE72A49797E912E2DDCA1CD9CE3960ECD
:106A300071C4C23CEFB9F48B7961A748AC4B4ABC36
:106A400090293E13332358934AD746C452ABD87883
:106A5000CC70197F7CF2414F90654AD55E2AC10700
:106A60008D380C8A40A1625FA534D241098876D462
:106A70009268D1720D173C5B407C2610DDC306790D
:106A8000350058BC6669D28C592557A30AF031C02D
:106A9000AF33BFB8D12FAC0405DAAACA0D9408FCF5
:106AA000D7F1BEDD0838ABA954C3955A16E0C2052C
:106AB0005F0AFDDE128C7736A836BB51D0ADCD3CD7
:106AC00078A3F9FC7C6AF7DFB1186A5B6C14BC8FA1
:106AD000FD8B7960FA444E5A68A6845F5FC778B32D
:106AE00058D16F94278FF63B3BC17CBA79EB9C1B46
:106AF00036D7377D576CDA394BFA2E7E3C099268CF
:106B0000EE63BB0AF216D46E388F1C33BAB22E90E5
:106B100089F3C7319C61F8222D54AC68A05C508980
:106B20002FA990779143C0F71713A1620B4AA34294
:106B300092FFD92F24971788231EAE513C4E74C163
:106B4000A291D19732D2E7D2023F9DB43370A2D145
:106B5000E67C4777E4A02A0D33392C88C2F9D3D6D6
:106B60009E32F4CB9421BAE8B95CA19C9DBD69A486
:106B7000214C78D3F54B5246B0ED5F37D036F50651
:106B80007B25EBD1A406A6B92376686AA5C19573C7
:106B900086BBB1493D1245653773EBC709C14DFF4F
:106BA0005EAD8197DAD5A1D737BACF010C00065375
:106BB00076876A5B7A4EFA99E2D1541BECD3B69B86
:106BC00063A095856C0D7270D59A42E05BE25D6DB5
:106BD0007E7A246A2CD9A4E96FD2D808ABCAA7C59B
:106BE0002319C3176A3BCA1D082FED0BB1671C9B05
:106BF000C771C40060BBE9BAF0EC0D084291B31351
:106C0000FDF695BEE6B7F8DF544CAB8AF67770E335
:106C10002525CD1391F654F37ADFEAC47FE17C8F0A
:106C20004BF42A9E2C2C6CCFAD62C42C0A563347F1
:106C3000C35B6BDAD6D1C3580815ABF43EC004BFB2
:106C4000235CB2012E8E50DAE34704BFD3A376F261
:106C500076C2A12EBD14DD5CC74674760386532030
:106C6000A84EAF2321DFE3800A5F597FA1A58B3AAD
:106C70007D9D4916F9859F082145438888ACE2E44B
:106C8000C4D1E9C8C5D368CE75A56C16B32E03A6CA
:106C9000B7873857EE47080C9C8B614B96B051FB79
:106CA0003D28BDC5AE6FE98BA563E9C653B6DC349C
:106CB00051565B9DA0E0BD164610289CBA9547DD55
:106CC000F343A410334506A5DBA604DDB5E9F5AC16
:106CD0008EE4A4ADA0CB875C1075070F56FC157928
:106CE0002917214D1F50349C806754F2B001F32CBA
:106CF00089D2B2AE2DA799D5B7717DCD54C21A6491
:106D0000CFA04F540B5509419241F8459A3F03CA11
:106D1000CAF587C46AF76AFF7A5F85DEF0D1546EE0
:106D2000C9D26465D352F723256F34E132F7C41218
:106D3000EDE405A9B52BE2F8E9CD3A24C8C5163F24
:106D40008E6F58815F196B2AA9626E5FBBE4105089
:106D5000175A5C262A68BA1CBFAC55172EDE185F7E
:106D6000657CFB01DDCF18D4C60EE438C459FB2383
:106D7000C28F9A9AF3C653AA64549CA9F241E8A61A
:106D8000BECBE0C01E32F683D20E2FD72E03A295C3
:106D9000315D0A7020F42C84ED13BD59CEFD99BBF2
:106DA00079781E9B0214A8F74A4DD958E0E7E5F020
:106DB000EC20CDB3DEA10961632B9129D2D77B935F
:106DC000373EE5F92FAE0114683B089553F4848BE8
:106DD0008AE414D819F133DA28D977CA80E8E34570
:106DE000CD80CFFF968CEC8C518D877DDD37EF7693
:106DF000BB6B8A8E790C26B497F910036517091EB0
:106E00006FF2A674AE232E214F9F321EE0D64FA400
:106E10005DBF6EBE5563177CE7FD15A00219BFB5B7
:106E2000C4EE45532E86610313DB7108C78A960BA7
:106E300071C3C338EC02F6EE60BA378EC14548DC48
:106E40008FF5D0D66F4A58964AD047C05110DA1DF8
:106E5000D9AB85B91CFE038D0EE49518F4D5876D6A
:106E6000F2DF4AC098807A859F11418943C87AFE33
:106E70006E4B21E304C921ED92CC614BCCC9108843
:106E800030BC5DF46BB1FEA5754E5CF86BF93484D3
:106E9000AA81B09882F3AB14EB0101CD64C5140450
:106EA000900589B20886A55A5EC1E6EBF46A022114
:106EB0005F09DB008D5DF0EEAD26DE8FF788923C3A
:106EC000667FFD4E794AAAB69EC06F00709FA1C82A
:106ED000A7D0590EE464E18C4096DA33BEB07D0150
:106EE00048637E963DBAF53A6074586478EBFF1DAE
:106EF0009D349F5B3FFFF550DA4B4543FE988D0272
:106F00008FD290BCB695152CA43173E353792A6BBC
:106F10006E62D23084B0CF482784A2087416B34D75
:106F20001EA7E3C69B90FE2B021CA2250B2CF22B66
:106F300091D72A62EA40CC4FD012A553A290745543
:106F4000F45A8C2E122AE4226196831FC740A2F1C4
:106F50000D264777A8232B05F7512CA8BC78B666D9
:106F60001FA3D01B9E6DA9305277E0EC42F66D7CDA
:106F7000C60F872CDCD0536E8E924D36107F177360
:106F800090FCEBF9CC59A6B98BE2179E7B18955B68
:106F9000112FCABD73EB635A3C1DD95D0FF2DDA9F9
:106FA00072358391FAD5A9FC27D5FBF1F2D5848DF2
:106FB000718A25AE60407AC205C68DC7CFD392FDD7
:106FC0009C778D894B1570A2C72340E0A58595D08D
:106FD00091BCCA242D60778B47BC6CF9AAC8A41455
:106FE000E6C73CC38D86D47D0E4CF3B3B0E53DC5FA
:106FF000F61EDA969E642997D72D3C6C42408EC9C6
:1070000001F1B5BB75EDF0FA5D62A8830C50B13AA1
:10701000CCBBCD1B97B65590B119A08F3BF9BE17CD
:1070200097638A9DE88D251AC479762E8FDE3A778C
:1070300073C32BE02D2B3FAF3912A9B2F5BB2DD96D
:10704000E7354CD601C5566C34F724EBDB52892565
:107050003BAEAE2D8646A3C0DED703765059C3FEA5
:1070600053296E7DEEA7E389F4BF56165CCB8BAA3D
:10707000890B567AF938F4F92095A684547FC8D440
:10708000C669F58CCCD87F3C29A17FCEBA2D0B7474
:10709000625D103CEF01080CAE8D51BE5E85536BF6
:1070A000F53BBC73589800315DBEF08040F31C8402
:1070B000E6935B9CA2E1F54606F0D227384BB287F7
:1070C000EF49A77C2F1775A0E8A6DB181699FA8F51
:1070D0007FA1A4314F7284AC1BEF2B498301B84EC2
:1070E0003920192217E95BF7A070A2E15813F53D8A
:1070F000B2938D37B5349113B6C26A11D1A30794F8
:10710000B1FB4CEA0FA548A40597C2ECB696FCD299
:10711000C5159CEDC76810A54EFD87D706F64ED164
:1071200003AF9272C2445A4027963E177D01F58FF5
:10713000EC5C02ED877D49AFEE100334CB151B37B5
:107140000D2966D4DB9B119CD8E870EF4370188042
:10715000F5276DC0784BB07E56B256175D9B79E22D
:1071600079DAFCDFDC7A22B130DBE5E0C287E03996
:10717000151EAD03F8AF63CDBA93582C7D0BF85CA8
:10718000E6EB1C776B7AE23BF188D04249FAA0BD6E
:10719000EDBC04B09DDF2D1C62CF2B7B0BBF9A93FF
:1071A00021A702476A3C3FDDE6D95EC8EF51094D91
:1071B000E0E9CC43CC1576A2CD4FDFF89509734BAF
:1071C0000A12D5F70B7F5FDA90E4FABA6B928C8BD8
:1071D0000AE212B8315921D6292C75C48185E645B9
:1071E000C5AD2FE28908ED39676EB55C0FE8EC8616
:1071F000C49490E66B98A7C5C4E0F2AD7681031FF6
:107200005CF2B775A12328405ADD23A6E2970CA7AC
:107210005EDA116268FF2213F2DD29760BE7A64CD5
:107220003FCFB08E29C6E1403A42A497CB32F867EF
:1072300062EFE988E9D19F8575255B8FE3F32ED254
:1072400087B7791164F23AFA59FC047054C387760F
:10725000CC34A2D174D001550ECB0AE1089AE36F69
:1072600007404AE2C2D239D93385807F0D8B87012E
:107270004202B2EE097FDB56AC392133E0CE1378FF
:10728000CD215D0197BF9C385D2E4A516FF9138463
:10729000AE839F98879E267E9E0C07FD6CCEC1D242
:1072A000D5ABC0901E7CACA26731CE321155CBAAB3
:1072B00078D602B15A83CCBF97369902B8FFB73D52
:1072C000D8471B14786A92DDFA24496B081CA12464
:1072D000B5B299CA1E29523B4F54A52E441F84674C
:1072E0007C0C1CC4406CEEE55E7478593258BD616C
:1072F0006611A03562F4BF461FFAC5C1311B62BDDD
:10730000AABDC0E6E6A6D74CAA2365A78383AA56E2
:107310008EAB9E5069C2F89651BE5A259AECB8279A
:10732000F49E98C5966191CD0A7BA805672582AE2B
:10733000694FDC0FDF1BCB27401CA508152C94D709
:107340005EB4D54718DA1EDBB97DCC536576A2D181
:1073500049AC4757CBF32B2573392C88626D8829AC
:107360000E3EDA8D8D69B8336F1FA864AA276A4C68
:10737000C50F7F2B80D64206301F7BCF188F262368
:1073800064B13620F009A1692FEA98428D55C68371
:10739000FFF4B6924BEF433A1C0D03F6297DC87EED
:1073A0007E0586F35505BAC3B78BB8591D7872862A
:1073B000BB5264C34A29FBC80C9B8CE51EA597FDF4
:1073C0009BD36A7A2FDD71A0A6D043E05C8207D5FB
:1073D0007B7B2DAA19B7967B4D6454D1BACEA97880
:1073E0004CE7822D11F5FB0116995D05A0BEE24E1A
:1073F000B9CEB0589060D69FFAED37BEDD988BC8F5
:10740000F64075B039F4F1F85BB3FE5DF38779317E
:1074100034A4BD866A757CDEC08D96F13B4D49E390
:10742000B711225C394126C36A54577FC90F3045D2
:10743000625A0E8C4843A324F7C258258E4D21EA88
:107440007207B30116CB6362577724CE3B07549A79
:1074500036282C0AB6E3595DC122F1A8F156C42E94
:107460004EF9677D2467895002AF364283498B828B
:10747000576E4015F057EED94B9B70025F76E234A1
:107480008C0208DEEA85C1904298AE30107A210A5B
:107490008508C753EE471BD4CAA65CD693EDF48F7C
:1074A000F7385D6752FCA27A526CC53F4323DE8DEC
:1074B00019D09B53434DF440861056735AE6473A11
:1074C000A59CE0CE3D890DA4E3DA4CBC55FBFBAF97
:1074D0000EB015DE28BB848C83BB2A6187E7A50923
:1074E00014EF2B2D03A2D3C04A576D2FA06AD72FBC
:1074F000C2C3394477ABBBCBB3A938611C9D0C32F6
:107500008A0C4C450D858E4D1507C83C814603C23B
:10751000C76D25F32BA66A0614AE468188463C2823
:107520008B3D6D66B3C5C14EC631373993DCEC8DEA
:10753000ED5D25ECD828D2AD16AEFBFECACD0E1FF0
:1075400055EA5884A1C60D05D938D861B5840CA276
:10755000715A45D8DBBC48C3F9C47615791F7CE263
:107560002DA400662FA61ABF96142865C7B9798E78
:10757000C0FAF991287236F934D9B9A3F24148A377
:10758000470C1E3713E0F553BDC0D14A3B9FA4D929
:10759000F148AA2E88BF2E5DB79AD82EB869384C0C
:1075A000CC211F9B1B05D942CAD75CC8F714F4FE37
:1075B000EC70CC4BC455FB76109493F193F87FF3A9
:1075C00006CF1CC92D7F009D7BAE2345AB82865B19
:1075D000C13515D0CF9474B6288476CCB9E8B628D6
:1075E000CD34079B5516F5C933D575EED866ECAE8C
:1075F0006F4738BF7B05EB7DD6E1D7AD7DC91E1641
:107600007AB20B2DD8B53599CAF1376FE0D25BA7A6
:107610005DBA9D7B78B2A7C2897C56260311BE4D08
:1076200099CEB3892A1E9D6E28D7AD3E08C3D5D109
:1076300073A2575582597F3948481A5F9CFB265DD3
:1076400069B73A106F221307894746A0D1CEF2F0EE
:1076500054CBAB483C4871856E6AB442BFDB867C34
:1076600039684B30AB1E12F54530425026D3F3B487
:10767000622FA2A3687753DA94FD211BCA3113CF7E
:1076800021B45DB400DFA18419FA7E61C3A8317C06
:10769000B47A1F39B437AED597054A2EA5E9092427
:1076A00081DCA0ED80EAAE5B37996739C1A6ADE217
:1076B0005E6EBBBE3905AAE6A806BCE5CBAFBF8DA2
:1076C0001071F1945B66ACC737296B0B6DECA37F2F
:1076D0005580B168CEE54D821F8BA8E7DEAF812DC6
:1076E00040D47B94DA1EBCAE021379D24DE6749B73
:1076F00016EEB0AA769DB6721EFABE4B14D7B13AFA
:10770000E133462109A8DCD18D413195AA8DCF877F
:10771000AB2DBF6B0102FF66188A9ADE9554A993C0
:107720005C9192C7FE112F686E435D4858F3A2F634
:10773000C865DAFFBA6BCC273488A452544F3D5643
:10774000660FDE9719D7E06E61B03372C671A1B9CA
:107750001873438A6BB33BB8D9142C8842C988612B
:107760000E3EDE3B39BEBDC1271FAC6472276CE400
:10777000C50E78AB1F09123EE644FA4800E22F031B
:107780001443EAF9E49CAAD5146D694A8175B43DA5
:10779000CEE8F03B458F48F3C3C23B7329AD20765A
:1077A000421F86999575AE2EE56C0F269ED864CB48
:1077B000768C9C7C7AF2EA044C098CC55825692A9F
:1077C000A27D5C3EBFD754F0E02C4FE0120250592E
:1077D0009ADB1F126928521545B5486FA01ADFC8F9
:1077E0000DC7833658EDD2CE12FCEE6EF50B109914
:1077F000F2A7BD00AF0A2EB75F303C6F7227801929
:1078000094FB7266982DCD38BDCBAA8BF67731DF0D
:10781000A5EE2DBB960E7D07974898C53B40787521
:10782000FD3BEA0EF8B926C26F54B02733285E97A5
:107830009EF26BD07AE626280A1DA30FFED8144EBE
:10784000F70BB20912EB54B4FCDA0C72CD3B76AAFA
:10785000747AAADC9846045CCC22D1A90196C12E88
:10786000B4FCCBDD2377C3D103A751E78644EBD229
:1078700037A280869861EB0122B66708752FE82C45
:10788000C09114AB720D61C4D054D365B02E03A661
:10789000CD86385AEC678D06A2F55B06A06751FBD2
:1078A000FB2ABDC50823E8A36AA7E9E6433BD93D07
:1078B000689B7AF8C34FFD2208C1F723531453483D
:1078C000A9BCBB79C9D00F04141D6401AE34DAB26F
:1078D00046BDA411B45D814C43ABD6B6E64DD4BCD5
:1078E00004AAC79E11706F25B38134A1B26BF67DD7
:1078F000CB7AA41405446E1707D3ED1B54324C3ECB
:10790000CBA84E10183C43F3443ACADCE657CAE20F
:1079100085A5A57C3B766DF639AF8B06A1F9DC51C8
:10792000FB3A699688501602DBB885EFC7B1CBBA2F
:107930001082AAC3CCB5F2DA2B691B25BBCA15EF9E
:10794000D59458E9D4EC15F5AEE587E867C81880FA
:107950007A546BC1A13BB71F33FD56175D6974A400
:107960003DB3FBB1DF1317D64F5CAF3807BDF8232B
:10797000B138F861A9A153AB54D1199D0A97792C5C
:10798000BFCADF4774EEF63B0A0728914B0AB228BC
:10799000A1420A70D9AD2DAC0259B91145BF19C326
:1079A000E827184BAE89A9DFAA455CE8B78EF396A5
:1079B000FCBCC92BCDA487F19A1D84F89461804C3E
:1079C000D915DD9F3DE341EA3B3C23653B88865B5F
:1079D00049AF110010D8DC09AB0788135EC5FA283F
:1079E000DB5807824272EC3913BBB57A5667C3C0C5
:1079F00000A995E703311D5A1532A55CC540F0C1B9
:107A0000C5D9A07C50839709654B25AEEC76B37041
:107A1000EAD143DA6C63170A1EFA8FA42A71AA44CA
:107A2000F32E685987CD909E210F5413CC323660C7
:107A300074738888E0D14B849D251AAF51624B2422
:107A40006F333B11362D5A2439F4477056C30F71EA
:107A5000CDC5A9B89CCC213B073E6AC7058A81BD2C
:107A60005CDA4BE8D9337BADCB82D87A085BA30DC7
:107A70006E092EAEF778B550CC392013CA1179A310
:107A800034B45FD4E760AC5458F6F07A6EF138A4A1
:107A9000FE55D43A4730AFF4EE0A030D9D5A08F470
:107AA00027D61F680888AC7AF818E08B0D883F64E9
:107AB0001762A80B115886BE8190B545DEA942EA2F
:107AC000E7CBFD4C734A55D03AA9835B6C15DD8F2B
:107AD00011815130E5944382198CA87859137ABFEB
:107AE00026F615B5CEFF9DD77C7D7DF22F3354331E
:107AF000DA84ADAADB3C1D96234C334197AA9D6ADC
:107B0000A732647B5E06D1B655A406F1AB8DF53F76
:107B1000752782E889682A672C3CD0626A530190F5
:107B20002AC16D10239DD52503CF96BC05FCEAA67E
:107B30003A17765F56EF34D24C47F65B5CBFD8D528
:107B40001BEE77EF0B025EF16A88C163CEB0600A6C
:107B500019AB46A7A74399E282E67E5240EDA059B1
:107B6000B36CB6B1CE6DBF303917B34406F6757C31
:107B7000DBCFD1531B00F19D7045BE3863A506785D
:107B8000675C4359CC6FAD6941E9C5E28785978B46
:107B9000C72124A6E92F070BADE6C2AD2A7DBE7B27
:107BA0007C15AF43F725AB2ECB6B7936235271860C
:107BB0005156CC0BC8EFF259E1D10C1DDFBD060CBC
:107BC00066707588BED259F0AF826AB85C5A72FA94
:107BD000532B42226C54A7E92DE47B01AB398A4533
:107BE000C49FC01CDFACD37B13991103F0BE1F49A7
:107BF0002FCF78C69BBCBFBBF6FF3D6E36308AE107
:107C0000AE2973608ABF0E2F9CBFA2EF93DF70E98D
:107C1000248DCDCBDBDF7B262BC5A99F5B1879ECB0
:107C2000BC0522CCDD3B2C167F3856579EF0324DDA
:107C300036BD6BD86C16C9A80E14ABF4EE45046FB4
:107C4000E08A4DD6B3C753BCFEFB7C6FDB5370227A
:107C5000BFA8AC2DBDC6FB85CC9B07764806C99650
:107C6000A6276F2F2EB6E2D906AE1743A3148D5A5E
:107C70002A444115F057EED9509C41585DA73EF972
:107C8000D4FCE85C9FDF61CC26B36EA288BB007693
:107C900064EC19368FEF0BD41EA57FB0F2E6938506
:107CA000F51A5C9D484FA89B7FBD60C5031BDA5F3A
:107CB0007168514408CD9C721E58D64219BE1608F0
:107CC00023042572D52300A5101DA2008DC4FBAF8F
:107CD0004EB5BFD9F1E504C40395AB037867A32182
:107CE000FFADBB9B2F3D339CB1D85F21D2DA9F4BB8
:107CF000CA8AB3AEFDA592D5DFA77C215F1161BF13
:107D000036769B390A5503411A41C81C4781291E02
:107D1000C7D5A67312326BD7ACB987D6D42E3C0820
:107D2000FB3267B6408ED60236FAC8E698F0C1BE7E
:107D30008D0D0515BDD9F22A50A11DF5C2181F875A
:107D400034ED5288A13D15F419697337DBBD1DC8A8
:107D5000783D4DD06139B9CE53725016640E7F54C0
:107D60005A62EB2C8C7412D72E1CA9393678D84D58
:107D7000E134CD27D9BB49E3444C160511F0DC347E
:107D8000DAF71F1F751FF75BD120D14A534AFAF566
:107D900001D0F570C1F725EC12C644891FF6ACEF8F
:107DA000653732E77717E9E37AFE9CE6BFC1A1A801
:107DB000F6693CDEECAFFA53431413C1572FBBB541
:107DC0000D97EFEB242668BE7773D3F833DA86532A
:107DD000B3CA55EE6941201E37DC2F84D150ED1C0B
:107DE000FA44269A7C6ACD339C19A93C00AAEC86F9
:107DF00090B890E6172FE68DA77CD53B7C7D0BC60F
:107E0000C6DAA7AC7F0B3399B2F5317F47BE4E7708
:107E1000C3D661D0193A3513E0DC3EAF1BC8BE486B
:107E2000C6CE935EDCCEF1C62BD7A03FC9EA9549FA
:107E30008CA5FD509B9CF78B5E606A12B12C4A0C9E
:107E400087BF3D78662212744C61BCA7B3CDDD7844
:107E5000A375576FA743FF8A29E35A4210D5876D50
:107E60001D955B89D0C333FDCB82327DF15CF50D6E
:107E70009DDEABA36A73C15CA77C2D7FEC99127069
:107E80003D4459D49965A754A3F15E7D6FF13875CF
:107E900062AD3929ABF78F849ED50BD060CE42F40A
:107EA000D7D11F681815AC8A0FCEE65B6075C1B3D9
:107EB0004E2BE10A7104ABE6B007BC824A73A855A9
:107EC000794BFC4D6B4AA85E9FA05DDE6C1DC12FF7
:107ED000EDB85979AEE65E3BC2F4AB364F1F84670E
:107EE000070A8742D8E0F58DC7A270DB7CEB6D1FD7
:107EF000635B69828A4B238E3601BEC23BA7D34B9C
:107F0000DE58B0D67C96D3D7834530E2923B848B43
:107F10005237D613D96FF896DDE3A2B8AC9EB74EB0
:107F2000A4E390C76250D1F51287A9BC08FCEAA669
:107F3000B65652ABBD9F82932375A552DD1472A530
:107F4000A8F1DF4714DAE2DB40E1CC7339B78A08E5
:107F5000093E47775BEC2B2593262C8852788E615F
:107F60005FF3CFE29B94BBC12F4FA664B225975B12
:107F7000C9D4842C82D743F3204ABBE800EA2B45BE
:107F80006908A2A1F001AC48743521128485B44A75
:107F9000A6AAB6B1C658430F3DE53E7AA672CC3CC0
:107FA00029CA8199E5B0A19677EBFAF800F37457E6
:107FB00037DC667B86F3054EF5DC8B15EF696A2AA4
:107FC000147F6E53F5D27A70D598527D0A5D750B89
:107FD0007D132B33AC6A761844F5086EABCAA675D0
:107FE000EFADD25CD1755A5B112AFC9B80D91CB9CC
:107FF000F617D6069B04242EF9CB3E9B4128CA894E
:10800000FD4F3220EA4DF1D85D63A8E3D0A6168477
:108010008ED522F6946E7DF7B148393F4B2F7DA562
:10802000C9272A9CC87E251A9878ABA09727CD9A95
:10803000D3707CB4787EE338E1A3AAD4B6808CEF09
:108040001F039267071A0DAC0CFC9D6ADB53D6B276
:108050005614B82CB206A68A542A23101457E3EEFD
:108060005CF1E3A50ED1F78834BFADC12BCCF796F8
:10807000729F202803E66BD15744E065AEA095FCC3
:10808000C561E3AC0C09651C777A7E3FD752015E6F
:108090009C45385ABFB80BDC07541DF4F24C50D93C
:1080A000FDF8BDC7180CF8C01A9EA9CC0A1F11CF45
:1080B0001B07A9676372FC080F1ED56F016097D27A
:1080C000A36EB473CDF20FC69BAD04FFCACCF9C941
:1080D0002283A518B01C853D411A29D063CC5B29A9
:1080E0001A8A214C0B505BFADCE6478D5809D2DD29
:1080F0008AD8928EA608D129BBC98A8A35A70C35A1
:10810000EBA341E12833F1463642A07A42814C1A72
:10811000C663CDCA0AC99020697786D6FCB14C9552
:10812000FC5A6D3CC258D2D220EE5F57BCFCD80D31
:108130000B92039CD44EF92AE4A6FAE2E2B1C828D5
:1081400035A4588180A05AF596593552BBCD188078
:10815000B7A8AE1CE3B0B23EEE3816362D0F74351C
:108160006C0DF3B3B51D1807CBD7B5A4367871B332
:10817000CC390747D3C852224E94542F0D96F9F6A6
:10818000AE0B1F1363ECE42FD0B2D2BA8B2A628DF0
:10819000F8DDFAEDED91098249F066EB4FB56B60C1
:1081A000694BDE09D335452C8ABEAD0F1014E2FAB7
:1081B0002D00C1608B83798F5A4BA5DAA56F5AFDCC
:1081C0002FA8D74F0EA469AC61E3CBBC13B3866272
:1081D000B65C01D230B8DB0991034FA29D08EE478F
:1081E000CF89D515E6C1DF5F528D9D1AFAE72E7C47
:1081F000822B90C61F2BE68D277C45CD91110A144A
:108200007A8B871ABA033B93254B30F61F6F27579B
:10821000530A7BBE9F0B3739EFFDC6A6E67FAE47FC
:108220002257439621C66347CBB7B4CD2A8B54A1BE
:1082300078A22F513569E75984D1AA97EBF3ACD5D1
:108240004C422B13B94BFA3C43B1A7A98E7BCBAA66
:1082500001C038A03648DB84D7535ADD9BB307757D
:1082600007D09E3902AB6BAF143B30B9045BB50F3E
:108270005EB6B271DEC65F93B674E9CA00A9037A2E
:10828000E0DD0C1C62696F8D974E4CA3B898716C41
:10829000A15B0DB16F9FBFD64F6C33156F1FBE2D05
:1082A0001F6983B7C7E18CB255115682D43FCBB159
:1082B00093D7E97E1B8C0037BEF4703BFDC9B4ED4B
:1082C000DDCE462C62B8626E8F6061D3F3C4507FFE
:1082D000EDD3B101E6964582D38F1A5F4F75B9D9B8
:1082E00079C37045B6E1E58FFE1CBD6A70EBD31A09
:1082F0005AE5BA5A769EFF72322DB54BBCD38DD259
:108300008F3AEDB4E55E7DB690A7BD9B82E9C8DEED
:10831000AEE0DCE3F2B942FE39EEA031A494BD9E9A
:108320004118F8A1971ED1F5FD1BB525373CB2F4D5
:10833000232EDC774098C6902C1F163A5FC78EA27A
:10834000A3F631800208556B476836A438BEAAD31D
:10835000B7CA45DFF134D1FB64F12A38455D80B9F5
:10836000171BDC5B9FD5BF706BAFA1B5289871DA86
:108370009D594FF9855E8A380447A1BF49282B21B2
:10838000F43632AEF10BAE326E654940DFD50D0BDF
:10839000ECF969315BD61A525C145AFC44CBC4F335
:1083A0007AC4D8CBA52732ACEFE161F01451E13BA0
:1083B0001FEA69F52B3513CF7560C59AF7E29F74F4
:1083C000EAF80205D6B478FA7F1242E05BE27381E4
:1083D000161D2223266C76074E9D712EC8A9AD3A34
:1083E000B5FFD260186113E911F9FDD3004D76FF96
:1083F000A649A967564C6D0461B3376C1322CBF1C3
:1084000078B4F0089C8A9B9E8C3DD78121A720825E
:108410004F1ADF449C0527953920370D7CE800EC86
:10842000CC666BDDCB5A5DA355C31C144CBE20FF3C
:1084300014CCFA8710141158A6A9C1B22C8F5EDC97
:108440005E6B3B9391BB440DFFA117EAA651A4D2EA
:108450002511A4A7EC4E3F3E5CCA91E4C2F6D34C72
:10846000CB4D371EEFF6EC3819C91C75377289C829
:108470007F14914C85333A29732648D2472EE02742
:108480009E0261444342656D0C106628E1777D745D
:10849000B67C6939E73D99855D36D6EE7A2B107A40
:1084A000F089E1AF0C4FACE15608B885C261D3EC5E
:1084B000180E5A24A19D944C0E69DD4832325D6934
:1084C000AA6BFE73C4FF569DCABE44E375CBFB1F67
:1084D0002BED55EADBCBDCD63EAAE34133F73D7BFF
:1084E0000E7870275798DA68F8E8DC50ADB22D772F
:1084F000F7D16A5ED61FFA73AC9A767D3EA2DF5E34
:1085000059338F414B3E53F2C4D8D47AAA3060A17C
:10851000C746B0146AC36BAFDAA7AA26AD203529C7
:10852000DA921064D171B4821A0656708B476F9339
:10853000BB75A2BD8741135AB459FC64F1AC34AD8C
:10854000D71562E8C16F76B7E152DA751A4CFE01B1
:108550009B7E4A837563BEEEF2ADBE401866D4C7FB
:1085600058D49BF25B7BD2F7AEAE1D39E64FEDB32C
:1085700031C2F94111F9A26C62E47B551E2E983D7F
:10858000AC73BE56725755F3E16831EA44B242F417
:10859000912B2A32870F0D0D1F74DDD84B06F8D1B1
:1085A00022CFBED971EF097E5879BD8AC4C22D5140
:1085B0000CF9CC63288506A1AF6D93F993287B9BBA
:1085C00013EFDD9F095F41CA5F1223652FB3865BFE
:1085D000E51B15D0552021DE5CFD77C40D39E24541
:1085E00059112FC2E13FED39B2CAB57C3E16ECA657
:1085F000A29790E66F2BE68DF3CFD05D935C0B16C0
:108600006BD0A75C00DC3949295F30879414498F0F
:10861000001C6BBC6865373AC53B3E7F02B2716592
:10862000C733A2AF7B2291BE2A8ABDEC71C994994F
:10863000F2910AA96BEA537B25EF01AFF1B6D09C0A
:10864000F72B3A999CF5C1F9406141715630247F6E
:108650005174682A16902DAF623A02BC56B3C755C2
:108660006D024B69D913A972DDDA040D173F25D7C6
:1086700090565EA498719FE9A7550111CD481C1032
:10868000CF6338D97CBBA4DD534EA676342C31742D
:10869000A0E1B16BB8CF238E960903F4EE9D48C8D4
:1086A0001C938DBDFE7BBCF65EC9E6A20703DB23EF
:1086B0004E23FFB672845029BE46BC721DBFBE3D1C
:1086C0009807FD44422F2D979F746BB76DA9A3CBDC
:1086D000FE657E68C6B50F71B581E7EAA17F644289
:1086E00058BA7AB46500E58F531371D2F5E435A515
:1086F0005B25B3EF799D0386694217F937FB920238
:10870000E604B114F70FBED8C5FF81529A83A73192
:10871000075897938CF0C80B2D842286D02573EFD1
:1087200037A9D4676087D1D522D2A3F5FEF3A2F68C
:10873000E265DAFF82DAC8292C1CAD70A29862A823
:1087400066BBE24F36F8A6030983DF1A8758E0D3E9
:108750000BCA4E87503C3A4DED506C9843B5995931
:108760005EF38EBBDC64B6A892C8B66A29987924F9
:108770004C6D740A1560526274B59BEA1716D5F4F5
:108780008BBDD264F16086BB542493955A59ACC614
:10879000E828F4B9791A43232CB5C38D5DA3DCA175
:1087A00019D5819985B0206E32D5FF97186454573A
:1087B0001EEA9A7CAFF49AB83C04E5A3D765B122CF
:1087C00077A25A34D7B48B772F9942E85DA3446DD2
:1087D00073793E6B040E9DACB4687801AF3A8E732A
:1087E000DDA1E372A78A31A718D99D46002BB709EE
:1087F0009616C4EE65BBE6BBF9EB0B4D4440BBAF30
:1088000001F1C7BC5EB8D1FA790ABA0B0950EF3D45
:10881000317EEE728E8E872129C4E69E2BC0815256
:1088200006D82DFAF15B0643A706481AE7F319BFED
:108830001EAA0BBB282FEB1EF5C8835DA0C00D6FD1
:10884000328D928910B7EDDEFCDA44B0B2355E9419
:108850007FA270F3FE144DD4AE94F9A1AF8AC3F693
:10886000B7D6461B4EA7838B10265FC620CBEBAD39
:108870007AF7003BF04DC2B9C26DC0615475C0AD0E
:10888000CDB190A3E440915132C2677237F0607469
:1088900074D5103CE6676503F3925FF633A951DBAC
:1088A0001D28BDC5489CE883B2CCE8CE33B65ECD6A
:1088B000180E5B24A2A1FF9A0580D04E7E6D7741F1
:1088C0008B2A5BC79E0C03C3FCA26EB9B4F0EB0FFE
:1088D000AE4CF5B9A5C5C424D30B246013F258F6E9
:1088E0005FA725F47DC68B5BA0EEA0FDB4F19711C8
:1088F0008AF331479C7EF873BE1140A63DE6000F17
:108900008B8E459C0DE5EAB945A3C91EBCDF0A1252
:10891000F5DAA23C5A324391797FC708E823556EB5
:10892000CB5464B6E48F22E5D0603731C30ECCD28D
:10893000CD95043D5458F3D297EC2949F9A814E792
:10894000CF445889E53EEAFDD2C8583512D5B89AC9
:1089500083EB911B090D921CB2BC7671D7D9825F53
:1089600045D4BBB0FC63EE00D9D1A989E38591451C
:10897000E14FF119F8FE3ACD0D1C5DA50597F55FA5
:1089800096ADE1C0903431C1D1BEED467BF8C289CD
:10899000B34C4213098E36C550CE9D604E6E724D5B
:1089A000495005F23B78A1A3BB68BCE0A7B8F2949C
:1089B000EDA0C593137B7A3C7B4FBA9FB76F814C78
:1089C000FA15DD97DA8E61C8425503039145388068
:1089D00077FD19B8110308B808C48D1366C3E24DBA
:1089E00024C027AA751CC45F53F34FAB5FEC5B61D7
:1089F00054D09936A8D0E5E495EBF0444D1B02C65F
:108A0000C2DCDBE122DD39492D3D31AFF0C64887BC
:108A1000B47A6A9468F73272E62C3F2F7F16776536
:108A2000469E975E74C9914EDF07B452BDC094B99B
:108A300062E7C8E0AA59F75260481A8EA073150D74
:108A40005E0A7AB165E25B250831411917B3D9A9ED
:108A5000DDF9A2B9BD38018D1FE14A0F790297F007
:108A600079224AE05AE17B8DBDC757CD19E65A8E6F
:108A7000F986A37A0E5F3D83B85581BBCCC91288B5
:108A8000758AFCA41824840C5E2F565064981165D6
:108A9000E2D1B261AC0FAFDC9DF4F8DABC1108FC96
:108AA000DEF141B5A828DC37FF69E653EFA7818DD9
:108AB000DE2C59C611545C1FACF6D402FDFF40EA0F
:108AC0001DCAFD944B62D89AEB526B033C12A17FF6
:108AD000CD44FCF8E6B04DE649E2AB834D1F75B1DD
:108AE000097B804220E3FEEB3813688378B356138A
:108AF000AD5677C87194FEA82699BF5B310F986A6E
:108B00008FD2CABFACAC77BF8DE300F3933BF6883E
:108B10009CE53FA18E0BFA1C73ECA368515FB69ED7
:108B2000631E9557A6DDD1D57630A3D52DB88CF32D
:108B3000F257EADF4590CC6F1A88A353A198AAAFE9
:108B4000A729229003D3E40640E0CCC39463E2D388
:108B5000B9A246E32B852AF594E924E04A8488B833
:108B60001C1BCCE88167BA742F1EE0B4422E0C5057
:108B7000C5DF5724E0DFFFB14ED8BBC8EFA02F03FD
:108B80001125EBD1049C232974356BF2863590EBCB
:108B9000F0959E65E9CF400B32E5EEAF28ACDE29BB
:108BA000831267439D436CAC35B1F1F50D037456E8
:108BB00060E762251660E85931048AC4DC3D6D2AFD
:108BC000B47A03343B8073A2DC41AD27CA3075FA16
:108BD00036473142230EFC270C888B7CEBF6AF7EA8
:108BE00069A530EC595CD37B10F89FD8AABC1D292D
:108BF0005616D5B65AB23773117F380540CBD1C956
:108C0000FFF621BB9BFA152658F35A1EDF8871E147
:108C1000DAA3CD3B8A937DF2B118B82F494B278751
:108C20001D042B28F88D271AC47B501FCF4F224ECE
:108C30007B2847D96DA29978F61AA308FF00CC616A
:108C4000CBCEB221EFC4559CA44E41D9F55D58D28C
:108C500006E7A041DE4E5F55D50303766006C99353
:108C60008F7E6F752F47E759FF725A16ABC4ED57C9
:108C7000769E6844303140A9421D4350548717F313
:108C8000D3B898E19FDF61CC76866EA2A0BB091FA6
:108C90002CF478666F25437C80578DF663DB502279
:108CA000F850F5655A2CE0F350BC6146BCF4C8821C
:108CB00008935BB4D733FD2A8C12D76B03DB5E2994
:108CC000AA26ECB85DB2055CABF44C7FB7997DAFDA
:108CD000EEC5EDB9B2AD8CDC49ABA2C184435CFFFB
:108CE00014E7216463825BFA3BA25DD1D796DD4134
:108CF000B8D3903EED34DB29BEF81E39D5956C2EE5
:108D0000CAA84F10AA1D9BF30763C91DD816A396C6
:108D10006459A4A91AA7680771C9B5CFFC2838FA05
:108D20009E726D663987AEFD56F206399DDCCFD254
:108D30004D151D75DD60E3EAE3052B3D0B570286FB
:108D40003CED5888813EEE2279E1197F1BA599C23E
:108D500066CD7CA8327BBF6A087A0BCD2968715436
:108D60009A60F4D9237A32EF611D215BC115F54A6F
:108D70008DFFFA41F1FE59ABCCE41C25864E07ABC2
:108D800019156E8A67EF55132217D14AB1DDE66ACD
:108D90002A8AF5A77E695D313EC3BD7987AE989377
:108DA0005FAAE1440F75A9DFCA4D1E80D0ED66A809
:108DB000ED2FED1BE7850D71B8958484CE4A1BD845
:108DC000518DBEDC4E3D228908412E555C9CC0462B
:108DD000D25676F0CED60D0058415AADC150E24D74
:108DE000DBC06FFC1D5ECD3A798DA76E7343A4EE98
:108DF0007CBE9716490DEECD283E14837D7DF1C1D2
:108E000070DDD7E14F045D974E2DCB78E5B9383A48
:108E1000A3DD4D6408FF3713E6DC182F04174492D6
:108E20003CE06C5918C9E103D5089410C8E26E6E95
:108E300081ACB315EB08F4AA43E81C8F1BF4A6D24F
:108E400068FD07CE16BFA5F370BE4570ACC43F7673
:108E5000AC34576FE345005DF8EC9401304787353B
:108E6000F2D70E3FA05E857A368D303C0F8B8101A4
:108E70003E05D2EE087FDF53CC39DFC4291C63E501
:108E800095BEA0F668B9578399F82C3CFFD331748E
:108E90008784B168B962500397D81390155A149C0F
:108EA0009C598BBD0579B7C65AC4C6031777CA63E8
:108EB0003966FE6D1979A3EF8DDE9772D97F1AE1BD
:108EC0005D478DD9D2125D061650E36195EFA5AFCF
:108ED0001C0D7B60E144EEFA4A5FABC75E7F8F41B9
:108EE0004D037A4855A5F78D1A2587D5A9E4A21414
:108EF0007151C7C752CC8FCC269C1F3B300A91BA08
:108F000092BEBEBCD6FEA7237280AA2CE276CE7794
:108F1000DEFFD633FD42F896D9792B28D4ECB5176D
:108F200035A783D6C03CD1A90F74A3D23590AFE347
:108F3000964FCB0FBBC73798AFC44D0C9D6850857B
:108F40008E4FFF57124204474450CBC3C560CBB786
:108F500011F54FDE03B332E5B65F2D002EFC82D94A
:108F60001770F183FC75FB9FAE38AC446F96EF9C95
:108F70003ED84822FF4D56DE77F5B9E879192775B6
:108F800066E8E2A9F6C941FC74F58E076AD696E256
:108F9000EF40380340774203D446E1C216CBF9B024
:108FA00034FA888EF72BB00E37BDD7010CBA5414A3
:108FB00073349A7C51F192FF1C58A494DC0DF7BDD8
:108FC0005AC66CEA45056079DECD42B87A00616226
:108FD0007CC36A63642E6EEBB52979B18B88A1AD31
:108FE0001610C0CD303BD5253E18EC6390FE25FF12
:108FF000F3AF2EB165B40335192A3FD662038C71E5
:1090000004F180B892A2F1A07532AB3B93C74887B8
:1090100020C437CC7CDE1590B04698CDEC8F7DA572
:10902000490A2A9C88E426CA69A4501D45DFE13517
:10903000FDC86A20A584B31FBEF4E246FED9F145FF
:10904000D753C2667C6E5494E7BE03DADB83F22A00
:109050007773E50FBA70513DC29A03A67D8E83D512
:10906000E7054E1E3E2AE3A9008B567EA33C8BE209
:10907000870B537AF930212B2A26B0185474EA252D
:10908000C563EA7BC3B65DAC07C273C2B02201867A
:1090900064512AABC3D41B2C0D3904F2E89518F3A4
:1090A0009C58EFF98ABEE5A9B64FE0C34A0F987DF8
:1090B000112C53F7E3390D6AF6ADD74FFE8957608F
:1090C000076DA410B8FC07851B5F04DDB65CFBAC24
:1090D000BD85A951ACCD18EE695A26387A98A5D12C
:1090E000067633B590E80FDA9FE6FB911060706D5D
:1090F000C48B171E0834B7763181F8D1C1A289C656
:109100004F09C6B99B3516F2813ACE54EA762FA4A0
:10911000586502CF2CEF65AE77E719B6C6423A48DC
:109120003D7ACB0505101A7BBA0FF479AB4F089244
:10913000BF69141777DB0267FBEC500210EB8F8FCF
:109140003C9CD1A1A8F614BFD73CE4571A8E19E273
:1091500078767CA32129A283F20726702F68748475
:109160007F16F1D3DC8B13D7BE6BA89CB68A7962CD
:10917000B13879E389C9538B452C1CBDCD04881BBC
:10918000FEEF1E77737AF55BF920D4425DF82395E4
:10919000B3751BF19BDF277CCD12ABB956D698C9AE
:1091A000287F1B6B6BD5BB5EB7B05618325FFF567E
:1091B000FCABC3C2C6CD0C719493953992017D6B03
:1091C00045F1D31E2B164B1AACED260D7B0F8BDA17
:1091D000B2521F00F0DFD9190D980481EA38E26518
:1091E000AA2A2FC2950EED3931B9DC3B9863EC8683
:1091F00059E590C6C88E276CD7C9D07D5839665FAF
:109200001522A75C83C34A0C2E0D318FE0F34877FB
:10921000C9D169DA78B24DC1B54E3EE2F81FBFBC84
:10922000C63EE3E92B1E946E43D7A537CBE2E4DEBE
:109230007172B3EFEB01873C752D1EE941B14A0D08
:109240006CFD5DCA662A5FD42B5D41F1517BD178FC
:109250005F77AC785EA407DC0653400F3D048405BD
:109260001D9D4AC093AB56A8FD41248169917BD6D0
:10927000B4CE9137098F3FAB4431337CF089137DF5
:109280008BFC56C4C0996D6D9E6E1D802BC9314DEF
:10929000B69B48BF0928ABB2F339AD6F97370824A6
:1092A00099D98ED3088DACAC5801C63D1F8729686B
:1092B0005EB6F99667608BFAC3CA0130285C8E5B94
:1092C000808AFD648AA3A8079E166B036477225FD9
:1092D0002EABF20AE34C0C72116AF4178C0DF4D227
:1092E0004D213AA9E5AAF085CB8678020A5C5DE3B8
:1092F000BE9AB75A0709F33F16D4BF9F0A6C1422CF
:1093000086A2199C7F971EF6C67689CB9AD3D3473F
:109310007727B7ECED5C5DF4DA140B981DBD7E0683
:109320007EE019FF9E78A168FA0BA3D5F069B19988
:10933000AA0FDAFA0407C68F8C3D656A9D0735547B
:10934000E611DF7E0F1A1DD5073FC815AA5C0CB3C6
:10935000EB5B47522AE12B24A750D65FDD31890110
:10936000145BB3D76368BC300E4781EC43DC60EF1D
:10937000C429780F3E1CBEA958234375E8662F23E5
:109380001EF4F6959451A1B15CC46942E5D5688C90
:109390006125A90F34CF430E1CE5E3CB6FBD99F3D4
:1093A00086C79198FF355129D56DF1F119C2456EE7
:1093B000FFD06ACD7132F09318FEBBDCFC8DD7EF85
:1093C000F2F2639295DB7B50F54C4F105075672499
:1093D0005E436A6BA63A2747C0D690F1DB57AA17BF
:1093E000CDFF8305D20F25BC1F4BCCE3B0AF96CB8E
:1093F00007D0D446CF632567DCE23D6E4929CB9187
:10940000FF2E79909343FB907D7220DDF3DE70EBAD
:10941000218DCD1395F67DF6B2D8B89F4B2F7C8564
:10942000F75A2A96221A27C825F226109EF0324DA6
:109430008AA56BD87D83C970FF3AEBE87FF0468739
:10944000D2D2B5691ACBDD61F243142FDED2729A03
:109450007CA22EF046D15D7DE3B670336376C3DE29
:10946000C03C6E7D18A790CC638F5636B38185E2E1
:10947000B7D3401CFFC1EA2B306F4CD9581FE0F422
:10948000AFBCE414DF4D6DA402FE6FAAB5DE0BF491
:109490006FDD3032E5676B01F4925554FB3854B3FD
:1094A000F7E8E718B5EBE8830AB3E9E66633EE259B
:1094B000182E5BB4C40BFD2AC620D74B5C28116064
:1094C000861FA4307428B650EBEA04FFBA33EAC60C
:1094D000BE87A7EBB4AD0CDF33CC576369B534431B
:1094E000068821449FF32B9D32BA20F37523644FE5
:1094F0008820B37E042FE172B1AABC41CDA30F94A2
:10950000C8A1C5B378320B918DC9B87B0B7403E247
:10951000D015A4AC627B9428883A86D7F121F52B2C
:109520003B1492B1D88ED62A1F9F46309044330503
:10953000F18B011D40FF4822CE11E4F24E18148930
:1095400084B418A328AD3905273D78339A8239C8E9
:109550001F1C79D8A110AF760D7A5FC930667E9C4A
:10956000ECC7E1D923AC1309CB0C55EE5935E04BD0
:109570003E88929C88AF1A894C242DF444B4B84696
:10958000A73B1F16EACCB569E020987A0B30A845B6
:10959000FE4C435201D53C5DB2EC8005497E989368
:1095A000D1EAE19B83CA09FF7AE11990E14153B600
:1095B0002C10491BCE65A6819B7456A16804786A5D
:1095C00063F2390D287283394355DBF86BB6863365
:1095D000B11215B8797020F6584973A28B19C828B2
:1095E000850EAFE27D666719DB9BFC42F03E1B57A0
:1095F00083610239534D978CF3812F8AC5A00A16D7
:10960000524A255C1AABB32B4CDD31AF90FB089B63
:109610005F029D4F7861C81F652B2315FD1EACB5F9
:1096200097766C8630E619FC022E348789DE04F9C1
:10963000167ADF787D09E8A8E9B88ACFC1236A4C99
:10964000F66A3A1116BF0A6CB6694280C5538EE8B5
:10965000FAE9C8F83D9871C0917B4ADF3047D62DB2
:109660000C00DAA0C0C35BEDAC1241A17E163BD664
:10967000B19EC33308AF4F16BCA4518E5F814638EC
:1096800013F43C4469B9DDC9EA285CA16BD5311CEF
:10969000E3A9B168516296BD964D3A67EE87319A5B
:1096A000CB5B89BE0C78ACAE55A773137969E973AF
:1096B0001FE6FB3E187EBB8DA7D1AFA7DCA0B6CDC1
:1096C0006C070493FA67A9618D725B3E65CD9BA21E
:1096D000054C61781F63308F4B30BD356F4A766023
:1096E000780E82080139D2E5C3A231DF82A6FFE3FA
:1096F000CFB47E123DBD76692EA4A28BC2DDF2B737
:10970000EB5EA6D553CC2546267751CB5BA384765A
:1097100007C8DA0BA906E586D03BFF65D5DCB51690
:109720003DE381A49F67D1000674A2DA040C829005
:1097300082572328EA924D170A14BDA3DC7366777B
:109740009614D697EDD61C9F6186D4633EB7E10C84
:1097500098FB695E0E13AA1995341CB54B3D7AD55A
:10976000E6361FD78E678BFD67CF4C68BB63A9B009
:10977000D60D49C616D8B5B288D8BBC8E8662F231F
:10978000AE71EAF98813A6B964A0694A9F758B3255
:1097900064A0FB3950A55A600F1CE55433C7CDF9BE
:1097A000F1A7A36A7447B70F3CB2A159F4D5D48A84
:1097B00074EA76C3404EED180B168615136E849529
:1097C00074B07BCFAABA71FAD74D4410553A61896B
:1097D0006BFA3D6A26B8A7A051747461B948B59474
:1097E000FBD7C9C4E186DEBB5077ACFBE0D65CE3B7
:1097F000FC162DB1E2B02701F485360847C09CD98C
:10980000F4F6D9BB9B42E6E84DFEAAA3A39D71E105
:10981000FD5ECD1BB34253F3D438B8BFFB587D85F2
:10982000F2636CBCFDB826EAD65DE782CEDF326D0E
:1098300002DA6AF07D83C370F63A79DCF12916D733
:10984000D709B30915EB443EE6AA16DAD183F2290B
:1098500061B2BDAFB0975235CC227DAD1196D39792
:10986000CE2E698444AFA3A90AD55897AA7C815A01
:10987000044546D4B80FA829283F4CD9501FE0F41E
:10988000AFBAEC14DF4D61ECC2B46EA2FF4846568D
:10989000410F387A88AD0BDCBEADEE23F39951FB56
:1098A000B357BCED1C29D8B035D5E9C60726E84E1C
:1098B00077605BB4B384FD220EC0B34A5B2D55269E
:1098C000A9CDA878C7004F7EE1A21442BF31FAF5B6
:1098D0002FEDA0E9B92F8E0D45C320B1464F57E6B5
:1098E0000CF826C514C8512A865BB0368247D7606B
:1098F000F9F2B15EEB66911577D17C7912A74B46F0
:10990000EEF24DC0B1ADBB6405BAC83CBB3E00AB86
:10991000845CE48C22D51B90B08D87D6BC543D204E
:10992000EBA72F5AC1D1D24A2CBF21EAB544DC4F54
:10993000AE3A40789C2D96DA8C631B25C9AD14B6DF
:1099400055B490E1D0A915D5181A7837AB7818A876
:1099500071CC73C16808B078F82C5A7F27DE885E16
:1099600067D4EB2CD613128DCF04ACC9CF6FF2A203
:10997000C737F2910874A06C4CC61B740EFEF2AC93
:109980005511F3D046AB861692F0D16A2C10A2B5D1
:10999000315D0A70C6D16B8C379FBD59FE46296672
:1099A00029571EBB6BC2A4B3BAD9FD8AE083F197D5
:1099B000CC4F3594A37826C7A29A5F2493085BFD09
:1099C000FE1979422D76B83A6F32030392458386A9
:1099D000915CEC07A9DC21FB28F26759891CE3257F
:1099E000DDA522AE551F4C7B74E9B47DD0511571B5
:1099F0002D6BB08082DA4850D3E8F03B84AA8DCB3F
:109A00007B0A5E8CB4D2192FB4FAD673C000B17041
:109A100026D76B99784C2787E5293F1F1282FE785D
:109A2000CD3F6A594ECD9AF828B9A74ECC8A9E6987
:109A3000E1A8C7E0FB9CF77B40FC348A85702F4F80
:109A4000970A3B3101385A2442080E28561AD85832
:109A5000DFA0A9483C98713A0A52438640D3829DC0
:109A60000D084B10D1C30BCACD5230C60E837A26D7
:109A700092DED2140BAF4FECECAB211338CE13783F
:109A800049215C0769BDAE515E2C595101972525CE
:109A900038DAE4397AA6AC14F463105C309EDCA5A5
:109AA000DCB0E0D3F75FBC71235CE67BE4C2442307
:109AB0005BBCFBEF4234AA3E1F2FB950DF26ECBD42
:109AC00081C0819F20D3A9019F746B0B12EDAD2F34
:109AD000FCD02900E5647D8F4F56AE365F547C6024
:109AE0001E0E37FD25889DEB3C24FC53793E1892D1
:109AF0005ADDBE5A1EFA3F77D94B5941320A8D6B57
:109B00004F44476BC07592D68CE7689596BA8B0622
:109B100048A1DF33E00638B0D63B74629431DF28C9
:109B2000319054969F40B893C2345C02C526ABF680
:109B30009645DFFE7A693398DBC7AC535D4D72748E
:109B4000660F2090EBD0ED0241E2CB7207465D0636
:109B5000EA79A7570B532922EF502BD907BC0C5891
:109B6000D8FAD7EBF5037BE691C80E6E6F96683C8A
:109B7000AC697FAA9B59163FB414D28E3917D0F422
:109B8000CDBBC390D361596E80EF41608535FC3DFC
:109B9000EAA9F53087D62A651E7D3C7ABA77DCA320
:109BA00074C4A1F10AF2602436B1FEF0106A8B8110
:109BB000B5567AC3CB17FA2974608B949BE413AC27
:109BC000A7F10234A8BA8E77A99F42204D92720B5A
:109BD0003F582ACA440E632A00E5BE58C2ACB77D7E
:109BE0001310B1CE9B5DD3CB782FEB8A74EF59C89D
:109BF0003246BD009104DAB0973738FEB2DC859961
:109C000098E173409A25F1D00B728493B4A771C187
:109C1000675ECD1B972633D6A461B8BF33C87DA538
:109C200042D92ABCD8CF26A212995657CED7322570
:109C30007E9E6BB0928346E8FAACBDB2E1B604BB3F
:109C4000C493823813925F6C12F70B0AD8D9784B01
:109C500076C0AD9CBCA6555EC3F02A1005EEC92E99
:109C600052F9C340C32587B5E43DEA744AE7821A36
:109C70008703BE81F08FE1B428F940EE54C2E8902A
:109C8000CEB10CA3314D61ECFC3132CAB42C5A1F59
:109C900065ECC18DB46D52B3035551C94B1807B56E
:109CA000C560B4DB694AD2C555ADDCBD118ADE554D
:109CB00066FE5F68A019FADA0238B0BA188E054855
:109CC000EABCF318AF214C65EFC83CE24C8EC4757A
:109CD0002EE59DB8EA6D84864B5B2E6313F25DF62C
:109CE00031A0D11826FD5BD8F1B8D963A50EF1DDFE
:109CF00089DFA38E88718EE5BF1154A51B010D630A
:109D0000C3614D580085404D0522370CB84603729B
:109D1000A939493E8FCD9F04486F87D3F1E13CB00C
:109D2000F3E2C7BDC250D69BE64C3F09B79CA1EEFB
:109D300000C7A17F4FDBDB3AEB7C12E5CB7D1D3FFB
:109D40003A6F5981A07715D1D0007887D6D1F532F6
:109D5000DC5E9E333AABB41F1CAD5EC77CD38A1960
:109D60009DE6FB939C429245F5A52A5BC21DFE220F
:109D70002F5FF091BC73AD363C0C1425F64A81D5AB
:109D8000C6835E2F1BAFCDFAB1ECE9EBF3A3A6BD02
:109D9000D5BD111901D52E5D16CC052D47BE60C766
:109DA00091DE5EA5FAC5BCB7FAE4A71F125BF356B5
:109DB000FEE975EACF8F4C9DE1EC5AC01C5AC232C5
:109DC0004DF2673EE447C999D29A22DD62429480FF
:109DD000B13AAD71C1A1DF432A0CC31F8E71E245B8
:109DE000C329A796541E256D74EB0DDDF35FB5A74F
:109DF00072AE91B3AFCAE6ADD8FBD05D43660B1629
:109E00007D26A75C0F0076E64E4433C72826F774FC
:109E100013A5957B7C42CD3FE5E03EBF1282BE4656
:109E2000C4FE97D66B2A5DEA71E337AD301195B960
:109E300062EFC3A8DB947ECB64BA0BE9FB4BB5DBC6
:109E4000ECF33A10642259F4CEBA42713E75DA0B43
:109E5000DCADEC1BC39806ED6A5D4E7B4852033DBA
:109E60001F6D4C69F8A5737D948D20A066EDFA7680
:109E700090DF63D30D0E3C3FB80623128D63DA5991
:109E8000B41698A66930853256F65A7E63F01912D8
:109E9000A35B89B7A8F687B296D5C9D364CE2092C2
:109EA000D4D1586B01189C375FE5E6331473C1D3E6
:109EB0004E2B7FF6015CA3EF67D03413DCAF45EA8D
:109EC0008DCCED2852DCADD788AD9403690DCB194C
:109ED0002D717969771448524A74BF965D772F11B6
:109EE00048D3EA34651A252C327568A02B99CC61C9
:109EF0009F05973C724CD78C279D9FFD3EDA75B627
:109F000089F2A821F6BED6DE9CC20B99F6EADF17CD
:109F1000DFB8DC3A8292EBF03BFF6ACCC4CCF7723C
:109F2000648190C76F97A92BFEC5C30D1861A1F678
:109F30006F90A821AAD2CC6F0812A5532DDA761300
:109F40008544FB2C3A52E40A4611FC79CD90B2B715
:109F500029BBDF070AE32CF570EF04D044E58DF050
:109F60001FABAE76BC6541173BC3D029429828B0E1
:109F7000EC5F31C25D584502704393B0744329567B
:109F8000F639EBF1F7F9F8E9453F6AB28C45965B93
:109F9000B6A8B6A169DF033DFC87EBFD29D8217681
:109FA0000C1B87499AFAA8F63E43D9A90C0A7DA64C
:109FB00036B2A0396378FCEC1D06FC58DEB56B2A7E
:109FC000B27A6992BED28D771B9F42E02ACF752B61
:109FD000C7592A7AF07E677B55217262F282A7D533
:109FE000B6FF9748CC099A45CA0167B9084DC5D153
:109FF000BC2B1D5E452CAD33A8A57D521A018BC923
:10A00000EEBB7340B625F1F84DF6AEE5D3E179F13C
:10A01000DCAB2CC3960E7607907EA88FC29FA65D00
:10A02000BD0D2F6DF88D3BDA967283AFCEF733BD41
:10A030007EAA7B456C16D3E5E75FA1BC3F8E04B6D4
:10A04000D2A3B200D14D73BCFEFB806EDF9377F3D9
:10A05000B724892DB7C623813825CBAD01563F29BA
:10A0600056FB7EE0EEA7E389F83A5370AF72CAE27E
:10A070008899404CF837E9013CB4BA8FBCACEB2C62
:10A08000DE91C0345FD169AE085455CBDA66890AD7
:10A09000653F191AD7DF629413451FAA93F9501B25
:10A0A000DB78DA853864CAAB434DF9E62363F015F3
:10A0B000280F53F78351EFEA2958BE03075E173C78
:10A0C000C30C8D58DDD90A55CBC3122F9F32D1C591
:10A0D00006F6E510915D04856D5B0C211CD48C495E
:10A0E000022AD9D907A8590A97C03AB150C4D54510
:10A0F000E39AF102BC6CB15546065C784EC90996EC
:10A10000DEA94B102E156DD1FD07E95CAD566382BB
:10A110003C9885EC3CAF0BB7883297DEF1D13D0817
:10A12000EB62780EAA18965E062F5F79AF50AC925C
:10A130003892225DDB68203DFB7112D5DA9D15E671
:10A14000F94430C9B8B210FDDDC85E77DCAD1760E8
:10A150005F7C0A80E3ACB41E92ED5FD72B671FCC07
:10A16000A4C0DAF1FE731126FE0C8979D6ED98634E
:10A17000D70F4C86A9A153ABBC341DDD45B4F87C88
:10A180002AE91E17637AF93BFDB911124E02A14765
:10A19000C34F5A13C1172B6C17C4B5890CBCD8AC6C
:10A1A000FB574EF833F7A8DFBA085A13E71C0C9692
:10A1B000C13984E33B6206819B5D93F907067B9B73
:10A1C000075BD5F7ED2641C261C3240D2BCA82532C
:10A1D000B7CA10B87111617628D4763589C80E9F38
:10A1E000CDAD2FE2950EED3923E4B57CC8A2E81A77
:10A1F0007C029A36B3D1DE10287C5DCD721B0B1326
:10A20000536CA8C4F0AE394107DD3DABE10078BE28
:10A2100055036D44F0420662C12F3AF7FAC0289AFE
:10A22000CCFEBD8608E6D296022FECC7E512B9B186
:10A230004282E789EF890F8CC7670A37E1224E8691
:10A2400097983AA06492B8B658627E165BABD17804
:10A2500021759081F80A015D028B5BDC42D8A60B68
:10A2600000B8B537131CDF912AC02D9DC74C69D4A7
:10A2700095561339F1785554BAA0FFD4E8C317F0B6
:10A28000C4FEA4D30B6675937A2458295ABAC9A37D
:10A29000F65463AF8DF5AB5CEF4EFBDA3210C4338E
:10A2A000CD91792874ADACAAA05477CB1B31C1B63F
:10A2B00076D0EADE5121AAE6E406AD56DCC98E244A
:10A2C000711EFBBCFA9A997FAC726F8B94CA9FA0E7
:10A2D000F6115760C5440C5A62A6E73F738752B81F
:10A2E0007923499421B00D5A70AA6CBA7A3A594927
:10A2F0009E3EB6EB752C1DC33E9F86FD2AB293BAD7
:10A300002ABE8085323CD7BE8CE718F090E9EF3149
:10A310009F4829E4E2BF5CAACE7ECF845D43AF4C68
:10A320003049218D6E97C32A0A167D123BFEA67E08
:10A33000670D2228B1901488171FA1DB6C048CA232
:10A34000A3F60D802108E08A30AB34A438BE6E1627
:10A350000C33B7CA17C62B2578A3AB184F8B880DC3
:10A3600004C4DEED95DDBBBD6E178D444298589553
:10A37000CD067F0397286A167C47BF60E8A8C9FD11
:10A380006AA1C7F1EEF9A20F71836FF48F3D90D2ED
:10A39000EE49B2D147854A003DA3EACB2815D671D4
:10A3A0002C192CA418B7A1FD34B1D8970DB473EEB5
:10A3B000895B7C74E614170B783A5F02D2B7937509
:10A3C000DAEA93857C0C9067DDD5B27DEE77750B6C
:10A3D00080EEADEA210E701D45B0780F93B7A41D35
:10A3E000CA37F30C5155D48302206DFBF9C60C9B80
:10A3F000F59F2CB134B226A7F35B39D847F78D7F90
:10A40000F49E70E99A9BF3485561A680F231588713
:10A4100022C4C7CB8DDA75E35D8AB49C394A54E314
:10A42000BDB32D24273CC414C299BBE5AAC3E78A57
:10A43000753A9B453933C378095FA36AF76D0E03FC
:10A44000D7E5B3B412AF5F6CF6F7FA2F24C6EF620C
:10A4500054CDA14BA8705D59C6F206C623EEC74E77
:10A46000A49172C56E9FFB3930D2561EDDE42A825C
:10A47000456D5CACE839EBF93EFD4C505087E2E4A9
:10A48000F458EEF5C500FB1401645E9BB6A70AA65E
:10A4900003841BE2E93E0B6D1BEE5D66F20E4BBDC5
:10A4A000D45EA47D52FC3A786AC148EE40D2E8649A
:10A4B0005856B89CAEE1E1922E0812D9B772B3D2C9
:10A4C000A6F4A5181D21031DC87A0760B559FF1F02
:10A4D000E422AD0C5D3F754B4BA320917AF284389A
:10A4E0005A7313BC0B184BF2A6704149AB0BEEDD4F
:10A4F0009612B172858C91A29EA760C2457B14DE34
:10A500003476393E10ED4AA8C008C91CBCE6007A72
:10A51000E7B5A0134E938F65D668B7EFFEA836D87F
:10A5200062EA6EA6F369D0AB2CBFB3E99494CA5B20
:10A53000EDE406ADBD9FDB9CF7C2039FD27D1F3FBC
:10A54000706F4039E0F7D067FBF87A3F9A1C7C9C2B
:10A550009DAE71782C63BCEFC2D0460FED9C628C2F
:10A56000644EE3B0941803BE8F34A9F9DA2DE021CC
:10A57000C7D700961273701342CD1C44112DFACC2C
:10A58000BF7C04714A89ECEBFB00B19157B28A8D14
:10A5900034DF6E4C6D25281413C424884306BB2376
:10A5A0002AC81E9B7EE7F618A748AC5559C6F2BECE
:10A5B00013BC5DD3D61B0AC7442BB7F89281834CDA
:10A5C000D913DD9A31C601E27B835B4D642295E3AA
:10A5D000F14715D823F180D61E2F647CC921A31D15
:10A5E000CD392B324511E6C97FE4B88CFFF7EC106A
:10A5F00047D0B18074B7F735283E288068EDFB8BD3
:10A600007E8BAEAC6B0C3B8948A4387F49B94D2E8C
:10A6100047B26B0D7AD20C7CDF4B3FC92371AFFD83
:10A62000CDEE8755CB2F550C3667A4C7C012AFDFD0
:10A6300072C4E2EEF7BBE6E39A6FC252FD9B6A3446
:10A6400053B8962D8BB098E348076769081AF05005
:10A65000CCA6AA48309707AD08FB59674553C754A5
:10A6600004D0B23FD4036815C8DB0098075B990992
:10A670009457B9CB091E3D3B87C220A5EDA71CC24C
:10A68000240C56D48B63A2EC5E1F98337749317C3F
:10A69000A27B8A0EA9418EB282BF12B59A18AE294A
:10A6A000CCB9898CCC1AD46A5DC9E4AB135FE143A1
:10A6B0002D7E945AFCCEA6E1A307AFEA9DD2AE252B
:10A6C000B885EB4C7548B006D7135E6A741FE04737
:10A6D000F85981BFDD6954EB4FDEAD8653747F00BE
:10A6E00053B57B23045EE43530A5C8D8762FB95125
:10A6F000CD4C1A669A0EECE966E18F83FB98936263
:10A700009C9088ACF21ED23788DF09233134D5EE15
:10A710008B78D48289D0E89521EEA30EB5E2A6F617
:10A720003E11041D9E54356728D2A9D4F02B422A2D
:10A73000A657D44EBEFFC9C62095AC83D6906FCC29
:10A74000A3A1DDF612BAF40149E2CDC5E606B3696C
:10A7500013733B8D03F7CFB7898F1C99465C8D80AF
:10A760001A23D73BEBBABE4975A7A005414E788F97
:10A77000CC0D784D3E6E42D67A95D332186BCBB164
:10A7800072D9EAF1FDF99DDF74834824993F85E38E
:10A79000112F9CBC513F433AF887AE91C23FCA6625
:10A7A000C78280B1CDB0AC423607FB21E1DB4CCB98
:10A7B00066196A7BF6F2EA041D048BACCC9697F519
:10A7C00066506A52B78078A01663C0A12A35750B0F
:10A7D000772928122EC9171CD5BB78098BEAA47DCE
:10A7E00013524284DC3BD9C3072FF4BD89DD55BD2C
:10A7F000FC3BD167564EAF05F014370842408EE35C
:10A80000F14AB5F29EEA948C3D5BECD37ABBF873C7
:10A81000B41E35E8F4606190B2A07FA637885D89E8
:10A82000BCF80A99D82BC358399CA5E5376D30F58B
:10A830007E7A33029F84A743F7C65B28FB40F4224D
:10A84000B375B201E88ED1DA082B45A29330F260DD
:10A8500073726C0F3A745DA4C2940375167CCD9329
:10A8600070B46ABDC0C30BB147FFCD2A388628E853
:10A870008F6D2272F457E4C9024941A57572EAE46A
:10A8800021F3BE453C42C1CD02A46E729BF4F2E4BA
:10A89000006738561F4BF34163735FD60F2CD0B956
:10A8A000FFCAB9A3504AC9C5C9DEEB145745C23B1C
:10A8B0003B6852AEEA2D74B88A564E715A72DCD299
:10A8C000A3FFA4ABACB65EC6A2EE0DF3A13263CD7E
:10A8D0000A17A51FAF6D97E5CA02210708F7F542D1
:10A8E0005D426264DE98D668B1845A48A96CFE075E
:10A8F0008B63B6C745EE1F73BE0115455C7A84F4C1
:10A90000B0D43E864569A7037EEEAC205DC467A740
:10A9100037F6D290DC3D6B4EFECD5B2504BC3C2867
:10A9200004356D46A75ED6224249373148B94D42BB
:10A93000E033127B124AF3039B421BE563FE927DD8
:10A94000F5B05D4181A8114DD8E88AEEDFD1BC3267
:10A95000C55E9A3321D38178B29197850768753C9B
:10A960006D6C3B68D9EBE24ADE99AD55A6BD1A7312
:10A97000600FDB1099FFF1FA54D91CD56998F87C67
:10A98000CE5E1AA966537558F1295149EB03A24CC2
:10A99000514C071D61E607FE7B9E162B4F84D8B7EE
:10A9A000295BB63A7B59A72F23E214AB6413F396C5
:10A9B000CE03CA2A2837026151399EC1FB59FBA731
:10A9C000875C45FDD58D31570F3D23650FB4865B00
:10A9D000C1AF1BBC925B03844986979D8CC8B29D16
:10A9E0006D6A0E9815244C903B8831EEFAE7777F1C
:10A9F0007DB0978E4D2EE02CD284607D5D60A35794
:10AA00005A64A314BA03B591E36C4132846848A731
:10AA10007C2E6BD41C44371A15B8B3EF067116C4DC
:10AA2000CE769B3F3F179216D2080D146DCB30980F
:10AA3000D61FEBD04B63F4AB66B8E058BEF8665C4B
:10AA40003642FB49662A50D5486047C157A391ABAF
:10AA5000E6AB31B94798FE8A91E4B508F9051C00C8
:10AA60008D0C011090CF0C5D0D5E34510E8D7AD19E
:10AA7000D9DD9E71A9AE0FEDBC1320A5331693A7A7
:10AA8000A6DC76626909ADE2522565BB73F033C27C
:10AA9000978B4EBF242A500305DA4D0964CA1BF573
:10AAA000F667C3D681E1ACAA66D8B063A403C0033D
:10AAB0007ED8F8671F4CAA5F6D641B6C273D1E3C57
:10AAC000781702932F65296E8D7003607F0CA903A0
:10AAD000FDD9049898DC4FE2B2C4BF34CE7578B18A
:10AAE000B6041A4B25388FE43BC578B3788B6FA535
:10AAF0007E1EBB597D9D00867D41665B3B0E986D39
:10AB0000C76184BE56AFF7D88CE001476D3CF6882C
:10AB1000E09AB95D89D4F49510F6BAB9A884B6F86C
:10AB200036756F10D39D2E2251CDDFD664FE02F70D
:10AB30009647DA48BBFB339807C2A5E74D4C5E1336
:10AB40008628B34713BCE6B6BE37FEAE38B7E20E72
:10AB50001433B7CA0B233CE587322D8E36EA080A38
:10AB600024CD7EEABC03BB766FAB5F634A2130E441
:10AB7000C5BF75F8356E7B6F72F3BB5C2819D0F4D6
:10AB800079BC152ED1D6457E37306346D4ED94037B
:10AB9000EDF0B19341814AC33A1DC25E29ABD96140
:10ABA0007AC4794E50FFE9DE768B37630D055C3051
:10ABB0004A9C6C1B5930F1291C068D75D20D96FCF0
:10ABC000A0324B34BF6340B03CD7837250E275CBA8
:10ABD00024BBCA45ECFA98AC966A75099AACE5763E
:10ABE000D0AFCB2C51ED53221241DD2BC8D61C29FE
:10ABF000D01435F477FE3F010F3AE9B34BFBBD4863
:10AC0000F63470E893FA59219DF1AA8299E160B473
:10AC10002D74CDE29E0675F4A022FABFBB7051EFF1
:10AC2000BDB4282DD9592E43A6D85A74AFC53A754C
:10AC3000BF3860606E9C03EA081D11080107CC61F3
:10AC4000DDEFC43DE6892A80F424B1415B947F4A5C
:10AC5000B62BBC35A91E51AECBEA231F26558B9DC2
:10AC6000B84F741B6E8FE339E13DBE84A9C4A55271
:10AC7000B3595A7DDE32A06A3B2C5A3E154FEA94F6
:10AC800025F300EEC5004314BA636EA2B09EF8E44B
:10AC9000745FA958E7B6F40B82885FD6FFD0516B7A
:10ACA000FC89BF756A4A083156BFE3E7BCF4588196
:10ACB000E7D9D54AB3059016023DD7B9FC8810876D
:10ACC000A469A7304DF207A5BBC504DFDE48FAAF83
:10ACD000D13AA539CCB4848C66F82A4133BFA4019B
:10ACE000CA33206C6735DBF1B179DDF2070AF7D49E
:10ACF0002AD3BD441146F476DBE1797CB0E3A104AC
:10AD0000CB5861860C85B64F0F4AC5C4B85005AA0A
:10AD1000F226A20D2EC2DBD750B22F9759B33F6057
:10AD2000F2E293B86D11A6BF064B3759D30ACCD2C5
:10AD3000A4710D31BE42F1D0B80D4A1D83956588CE
:10AD400091925881D05B019F4961F83EBA1467A186
:10AD5000E86D3C998062B3E76DAC0746BE5765DE8F
:10AD60003486AFE80922847EAB37C419888E511A25
:10AD700048CDF22C50CC5D594D291ADF63E2914445
:10AD8000F69B7A2B837DA5026088592848F9F2ED5D
:10AD9000A11C514C1AE65D3176C2BD79B8B998B3A1
:10ADA0004D511E9B0BC2A4B3BADB3DEAEBEBF39E05
:10ADB000E6D9C545CDA0F0875A459B0947517B93FD
:10ADC0000F3EFC3EFE2E31574A92F0351B0F371ACC
:10ADD000646A654D8040F48E584177E4A938E22DCD
:10ADE00093122FC2258BED3C6387B574FBC7EDA092
:10ADF0007DBE9E16DB55E685C619D05C3D7D0FC62F
:10AE000056DB022CC04E39480D2D357FC7BFEDF7FC
:10AE10002C976ABD386233CAC4F4982F728ABF4433
:10AE2000873E975E30CF37CE5A42A4EF97C094B991
:10AE30000215B3EFFB94BB7C01971B8C4243862425
:10AE400096573B1B64D24347481457EDCF70DADD69
:10AE5000CC34A8982C0DFD8AA9E644B743DBC63D47
:10AE60000D01CBB0DBAA7AADC5024BCB07E32A8A32
:10AE7000508FAB5908FD2FD1BDAC26E3CBA91611DD
:10AE800026A5A4D3DA60AD8403FD4C3C68993D6CE3
:10AE90005E4CB148F9EDAFD45E15030DBDEC08F47E
:10AEA000CC9475628D55A7C256C0A70B145640E3CB
:10AEB00056D7FB66190CA2866FAEBA3A1CFEB717BE
:10AEC0007945FC227DABAD6F67A7E4DA6CCD9BA41E
:10AED000ED4C7948B6AE4F528A46AF37DAC67F9806
:10AEE0005946864240E5FEE53E7439527A3ADC9393
:10AEF00096E5B55A7FCCF73927C0B9F3FA5B904095
:10AF00008E30B9DAF9BFD2D674806F2A923BD48CD6
:10AF10009E6DD613D97AF896E9FCA2B809E2B66616
:10AF200024546C10D39DDF9D0013E28508FD23A6F9
:10AF30009D2EDBFFB21FC7276540AC3B9C1E7D5F8B
:10AF4000A77BD62F1250E50A4610C41BC309B1C017
:10AF5000E1740C8E0B33DDFF97AB28E04AF57DCE14
:10AF60004EB1DEEB686ABBC0AE0FA0B4B7DC688C34
:10AF7000D49A7B939F5153BE619FAB75D06F2F23A3
:10AF80007EF4E891B457A6697DEF79DF718A945B0E
:10AF9000116D31F15EE143063C13E7AC67CEFCC8AE
:10AFA0007975C5A1D51888FFCE6418293564765700
:10AFB000568B61A347D8F89118F68F7DDEED90F59A
:10AFC0006F5076929E8361A0B614E5B1595762CB5B
:10AFD0005E2A3B7A4C39C02A46B169C9A972AD1DB7
:10AFE000E53EC9155AE52BAC9391DDCBD0EF2C880B
:10AFF0009746D6639CAC27DFC0FD1D3F43448ACFF4
:10B00000FD9E095B1B1391C1580DAABE0B50B339AD
:10B01000054135CC5ADE7D4FC068BD0FCBD57DA52F
:10B020001D1F2A9CC87EDA1DAC79A976C997335CAE
:10B030003FFA62F2EC46C611F5CAA384F1C100D70B
:10B040002F8461D910CB2B66E7B604928B4976F238
:10B050004FC0AC05AE83593B3A259DAA053EE2D4CC
:10B06000E376EF2D2DDEE18908FF5907A17C735DA2
:10B07000CB465089A82BE809ABF2407045E2EA24A0
:10B08000CF08E417C6896DA64E850F987B16194E1A
:10B09000AD07C753E9470BD503A54BEE52ED11E7BA
:10B0A000F1304936086CE8A24A8468B253BED87DB4
:10B0B000EC015B945701FD2A2A3FD74B03DBAB978A
:10B0C000F890A2781ED146F5EBCB858FB630F8AF5D
:10B0D00026B5AA08B2C57C5BCB733AFC2B8EA421A3
:10B0E00031C2216C0735A72DD25C4899A402B67DE8
:10B0F0008AD3302E8D7D9045A5A9FE274DA9DE402F
:10B100000B9D4DEB0BAF0BC00CB0894DB09692E48C
:10B11000C0F0A6AD2BFE6BF631FE8516F8203D592A
:10B12000BA63640EC30AD72A219F3F59B345DFC3D0
:10B1300015825FC5BCF8F420FBE41F4DC7DDE02895
:10B14000A5AE5881F4DE15F518287837FFC918A088
:10B1500069A96FA82032B2CED374468AED1E7484DA
:10B160007D290766F9A719BFC50DE869C6EC797393
:10B17000C936FA41F1FE5BC3051C1A9DCCC7F156D6
:10B18000BF991F716CFEF03B0907FE924BDA786C99
:10B19000E1D00A50D9AD2DACF2DCBD79720A98BB72
:10B1A00039E21CF3FB0AA90F43004C55138EF396AA
:10B1B000FCBC3094317E00C95A4CD2A99708FACB16
:10B1C00004A7DF9F252E4EDB695BDBB2654A96C67E
:10B1D000E12015D05CB521F638498B1360C3E92D09
:10B1E000CF316E92551F6C697B82B47CF867E4CED8
:10B1F0007DEC968EBA5CEFA7D6BBD13B6E6C0E7E13
:10B200008CD554A3B003A7905DB0318FB07C48A714
:10B210009C1A6BBC8440371A95B838190F71BE4F11
:10B22000D1CE87E62B4C9096302FB4A9DDF2636E19
:10B23000A0ADC7EE863D1EC965BB38E9D145B5DB7B
:10B2400030F41B7791F5E9FB5B6948894413AB3512
:10B25000DCAAA13A15FE313BFDECD00140DAF7F053
:10B260001D6652F02714CC72C934A3662EED8C01F2
:10B270000F01D2EEC9BF3F8BBC842133BC54171ED3
:10B2800020D25C0D6549A03C5E7C5DA96401391249
:10B29000BF9B46BF0928AEB2B463236B651F182C51
:10B2A000AC9CA3D308898CCC5F11EC8364CAC9D54C
:10B2B00046AE0EB18183AB884031BC721DBFBE3D2E
:10B2C0000882F9227FBAA56AFF132B3A6C1E222E40
:10B2D0003E807961F7444F584CA6A56FDD2635E8CE
:10B2E0005EC1B8C40968F64D302DFA5330639F92A1
:10B2F000969CBD58BEA008866B43CF064713996A3B
:10B300009FF7446BA375D9D68E5641A392EA4F0797
:10B310008599D7338130F3FE28B0ABD055D5BE64C4
:10B32000359399AF961AD0FD05E2ABBD0C95B1E708
:10B3300061908120BA9FCA963480A13B555781B253
:10B34000F633DF47F21AE40281F0CC73CB43A2D18B
:10B35000093647570BE2274F8D3574EB11D5481A44
:10B3600005F31ED3D55972526916554744979F5B12
:10B370007BD1729D1D6E55EF772DB338FDA2294A02
:10B380007C78A2B9E494A699C03A69429582947BEC
:10B39000CBEBD46471932723021AC3AD5F38DAC7AD
:10B3A00085128742E749AAFE16E3F1F16D52755600
:10B3B00013B248FB4440FAC31D0E9A35D0DD9B946E
:10B3C00071B19C85AD0D7BC9266282CF136CBD5ACD
:10B3D0007D512028C55490AC4D6B585BABE0C44701
:10B3E000EFAEC3140144DB3E60D4EEB3F8A6FA5EC0
:10B3F000A70DD4665F7C256714CF3D6E52D4771EAF
:10B4000029FC7D089E2BB0A85D622BD3F8EE70E17D
:10B410002D2CC6719F6E2CAE7149B1B53A1A6DDFF5
:10B42000BC0D2D6CDF8323A37CB4A1A01021329D21
:10B43000F7727B456E7ED360020DABF4AECA04BFDB
:10B440001743B201C83F55BC87BE37B2C23A7CAE83
:10B450007778A6DDFE07D7F3D1991ADE9134C106BD
:10B46000B14FE41F2D4EE38D1B6F5CB957D38A8B10
:10B470003BBE5C6F6C53EAF16B797351AD84A61AD5
:10B48000A141B607C1BDF7AE0055750A234C04872C
:10B490004D0C52FA63253FDC0495FB44F3B8387B2E
:10B4A000D46842128FF1EFCB7B962DB74271D88DC5
:10B4B00051D62B09571EFD2A7A40D6633B6457604C
:10B4C0007B6EA4109DCA07A5FB5FFB084284F2C7F0
:10B4D000D93224C7B7C4568440522A6173C5EC7070
:10B4E00006BA2915178A13ABB1507129B79EF70D0B
:10B4F000FFDDB17EDF669115A75480AE041B030EFD
:10B50000C8A00CB008548BC10EF3C91CB10608A822
:10B51000CD6D35F6EBFE62DD71FD978CF9293BF8B8
:10B52000FC5A680FD04121F546B137E1BCF4DC4F3D
:10B53000EE3D080549EFF2DABB631B250BD515EF8D
:10B5400005975881B05B1B9DD962B86EB7CF14C9FF
:10B550007D5FA4FC000D45C9BA735F7E64327FE253
:10B5600034A7F9BDD9891A85CE26E16BC6EDE06610
:10B57000D1C2FA43F3FC53A90E169CCB15D3E8E1D4
:10B58000EED11E17737A0984E20ADF22410BE3E54C
:10B59000F14C8B2082DE2CAC1A9CB6134ED689CB94
:10B5A000E82617B17A05B985BBD05B38E0E9F6FF2C
:10B5B000FF383B94D67BF9769E92836494615383E3
:10B5C000F209DDBF7D6441CAAB23236557B1865BB9
:10B5D000C1AF26D029682B8229D67D34C90928EB32
:10B5E000DB5B366AC47CEFC166823F1EF3CEECA201
:10B5F0006476DA498FCAE78C9BC9CC26E91F09EE2D
:10B60000323E947548207577280D6CD4ED0DDDC55C
:10B6100058FA72EC22C2BB88D12D3DBFA685BE442C
:10B620009E9E8ADED4C187432DB785E50DB395EB89
:10B630008DA54B579B9CF77B91B71A8F9D534B243D
:10B64000BF003B31BE005A24197B47704686247FD9
:10B65000E974A0D0CB4FBE80055298D74323876DA5
:10B66000055102B1D20373FCCD7808F0F15C1109E9
:10B670008143A25350A03F8BEFBE2113DC54EFAFA8
:10B68000A26D576C61B8EC045E27DDF163983374EA
:10B69000A3DBB900E8AEA9BC5F540A27649D0992F8
:10B6A000D3108CDDFF5F0D77A016AA8404CAC19366
:10B6B0000EA4F966D14CAAEEE34FBC7ACD3A42EA29
:10B6C0000FCEF22C71BBE9579F71EA536074A07FD3
:10B6D000F5817500E7ED5442432AA65F9E26769ACF
:10B6E000488173FD2562F4853D85706A7E524ED295
:10B6F000695BCC87884BD98E3601BBF337126CADB2
:10B70000DF78B8BC02A1D7BE4C4700F39ACFCE5722
:10B710009E652AE4C4B9F3FE20EDE3E89485361E65
:10B720003CA891C79E10D99DC34DA5BDC9ADABDC4A
:10B730009715DB99A95EC927D3CAF28EA29876AA7B
:10B74000B6B4DF674210E40215F0CC73D344A2D143
:10B750000936453FCBBAD4F2A6E83C1582FD8809EC
:10B760000E3E223CB9BCB0A87E1EE1E443FFE9DCFA
:10B77000CC667BFB17585B06711DBD80D12E260958
:10B780006F33EB9FFB18A3D183E2469F7A524E851D
:10B79000FE65B041119D4303DC05C3AD3217DC8962
:10B7A00069507D4EF0FCA6963CB2B0A10D03F506A3
:10B7B0007DE561AB4378F1F3156E1D9D1FE49ED7C7
:10B7C00062F27B08BEDA7650D12D4789494382DC8C
:10B7D00073A6D5AD9BB677E646DC50115E0DA43559
:10B7E000BCDDC314984DD37B9C6AEDDB802B19FF25
:10B7F000F871D462FB6D1501073A47B248278DAF47
:10B80000F42763066DFD85245D42EABBDBF215DD9E
:10B81000C1EEC91778F50D6BAC8DFCF33B481DD517
:10B820005D550ACCF98D06DB27F7766646AE3B4DB3
:10B83000BE8C6B722D33AD8C0A1DC50AF6D86E4EC8
:10B840002C843CDE77DB540408230942DAEB75FADA
:10B850007382AD95BA1E5FADC74A117E02A7C3FEC3
:10B8600050F1D8A3D1B7E23920F7571EACE48A32A1
:10B8700088965DE49869ED0162B54EA4547FCBD4FF
:10B88000C669F38CCCD8403C06AC605392EE68108D
:10B89000678C60821460CB010B9558DEED495AD35A
:10B8A000DDC8ACCD7ADCFDAB7E4C818043F39A825F
:10B8B00010DE9B4CC349F52222C0F28B7B28AA974D
:10B8C000D09651D7A5B607759216F518DD3FFA7FC9
:10B8D0009B3848DED8CB815C7A72C3A613F25FF640
:10B8E0008DA6C4837FC6532AAA5ABC36CF65F5FD00
:10B8F000FD0C6CB9E41A97C57C1BA5BE35A70DB627
:10B90000067C9827F482C04965C2C514B8A7F8150B
:10B9100091DA537B47709220D373EFB0FAF166D679
:10B9200003E5FBB9C35849D2ABA83711E723CCD202
:10B93000F1C004CD95F0E196EBA947FF32128533B3
:10B940009DD25A51E71035ADD93069C7BA550AA80A
:10B9500069CC6C783163BFEEF315A91F28FE753CE6
:10B96000CDB4F943DC7BEA0099D5A1E9A5351BE408
:10B97000C45FE4DCFCAEAB7C0B9D19F5F44146A73B
:10B98000BACB028A33E0F553014554DA5F08E0DCB4
:10B99000992BFDA7526C28ACEB1B0DA2BE69384851
:10B9A00029760E9B7E87410386B561A4CFDBF29E8C
:10B9B0008ED9DE41F724269C5C9D5722850B58A624
:10B9C00016A8E11F25AEF9104369226D3162BD361C
:10B9D000B13B04D034D1F102115D1FA2E250C80D79
:10B9E000C5E09518471C865F628D82FCF8E7487CAD
:10B9F0008561863F7A05AE7DE16AE1DC151BA15EBB
:10BA000073D20DA6A2D1522F5C4B1E2FE8B6DC7D5F
:10BA1000480B03DA8FB584C1CD64C9A8CACCBC2356
:10BA2000AF58BAC7DCC103452ADB88A1A684A4C4E9
:10BA30007D7ACB70C348008CDF630DE6E11A787124
:10BA40008533B26D5F563E18ADF3427CB9E0C9AAAA
:10BA5000B7CFB9DE2018098D6DE16B5F480AEBB7EF
:10BA600012804230B919582DC582267B0E8A5BD6CA
:10BA7000940E20AF0C3FCF16AEA60392ECFC14A898
:10BA8000546FC7C365D4B949FCE17D226770591270
:10BA900001C3B9B8C82D1A13A2740125A5DF08F493
:10BAA000A01B89B549CAC3FF2BC1AB1A771FA8FDDC
:10BAB0003B9EF946345180E084A5BC72258ABE3D88
:10BAC0005D44D817729AA827BA7D410D464EAB52F5
:10BAD000FDF17948B0A761427B76AF17C7617FB0AF
:10BAE00069D35A950538D58D1A7558025A3B57EEC9
:10BAF0009EACB77A579CDF51069C9F9B1B0AB96A84
:10BB0000AF62B89C47306C645CB2CF7192CBCE7799
:10BB1000D8E3F823B807F8B6D1795B6F755EB79EA6
:10BB2000791BA0AFA62D11AD0132AB052126AAC508
:10BB30008562EFEAF9598A5A0875E51B5D477D85EC
:10BB4000A4F9D999120AE4B25DE3F871F26193D1D4
:10BB5000E7740B8C0BE23A2582E6225442E9AC678B
:10BB60002ED6DEE39E95984066CF466D67FE08EFC1
:10BB700087366BF9043542086FC5B338CDA61F5E12
:10BB80006E69E809EF89AE69A3EC0D7E868973A81A
:10BB9000EEF990614457B3D8C488C3AC3CADD971B9
:10BBA000921EA8A4E2A5A02EF16AF1F0AD02718662
:10BBB000955798364BF8F045E49B8CC4CFB5922D41
:10BBC000B87B6B569BD211C3977C4BDD4AD27DDB91
:10BBD000CCA24E462F64928845B59809AE1A68CE1D
:10BBE000145AC3340852D37BB053EDDBDCB11C993B
:10BBF0006635D466964C2547D5E01760681281E417
:10BC0000FE067340992FC0E873729AD0BEEF0BC145
:10BC1000002FC73696267DD6A08DBE9FC29F135F8C
:10BC2000BC05D04B7933365791305670CE4833FA35
:10BC30007C1D6BD86D17D2149AACCD9CF51007B64D
:10BC4000D4A29C02127D15805C5F668AD835E4AE72
:10BC5000364E4659F72AD33F370A2C020055A99889
:10BC6000BE40761BD160775060F3FC1EA1E5888A48
:10BC70008E4904CE07E6B8D6DCD840787978EA2435
:10BC80003AF4E87E87D159CCFC73B27FB02A0170B8
:10BC90003B5F07588FB64BDC07E35E620D6E2105F4
:10BCA000E350A0A8374AD9447ABFF3800322E75D66
:10BCB000E6D9994F5DC671F47533B449B34F574017
:10BCC000A3FAA5A433075B7BFEA20485B451E35F0E
:10BCD0003EE6B19B9EACE78C421E2AD5854312FA04
:10BCE000FAAD579A11A11CFAB6502F2F5803023DF6
:10BCF000820295A28C7ED9148FC182AEFE1C0FB633
:10BD0000EC7CB37D185600132B9BAB1CB8E3037679
:10BD10003AD23877CE686BD78F7087F646673D206A
:10BD20003B226D66E323B774436F785AB70CCCF2AD
:10BD30005CD6B0DB0FC14B7CEB591B05355015EDC4
:10BD4000BDB560815E196B28D83C7931E4EE27A23D
:10BD5000193D2DC020DDB3AA0C7A44C9306668E9CC
:10BD600002DACA56FC7808B18E0D9639383A9CF83A
:10BD70003F88D69F8AAD30A9E4451CF50D20F9C84F
:10BD8000401CE0CA7787F509F0D8C6BA5B09B1371D
:10BD9000DB4C697088022D18EC1BE5A2B969804D57
:10BDA0002E76569B7C87BD0145D8A9D8EF51354DDD
:10BDB000EC2B8442F4A5F8761E906D64870A711905
:10BDC00029CFBE9F2CCB417E95E463BE8D55867BEB
:10BDD0004EE515F00F4620F6E8CC77C4CD59960411
:10BDE000ED555D903A4CED19B9360B8144FA227548
:10BDF0007C9690C67D65D48C97B1D23B3D4143750E
:10BE00007F6BA41A387133434CDC03BC6BC438C05D
:10BE1000BC1A6BBC4078371A14B83EC7FAC0889C6D
:10BE200038E97B51D6C1B94463B6A2A901A699DF0E
:10BE30002A676BD3EB061B6765B0187EC671722646
:10BE4000F778D32D91F59DFD4807272A7449DB8AA1
:10BE5000CCCA29DA3E68260F3A112A8D4FDA2F3ED6
:10BE60006D5A6BBAD0E173CEC75308C20E323BEEA7
:10BE7000114C822108855ED90CC622EB25FDE4AF6A
:10BE8000816D57C468012B365AD5B59D6B49C6A341
:10BE90000752B2A840CBAFD469D2A4D48DF3FF230C
:10BEA00046D889BD28788CF85EEB87091131E9DD29
:10BEB000EEF6794691656DAE1EBE3C725D96B97F19
:10BEC000C85F7D64F283EF44AB16DB4B1701A60A13
:10BED000FCD17EB87D6EBF1EE2349CC45E7A4E49B2
:10BEE00048D37D45B6E2DE4D3D758FD5EFE5A55EC5
:10BEF0002EC4377AF7A53E196FA07EDB3A0A9EBAA8
:10BF00000AB8B8B4FC5E67F60C7780CA95A97E1FA4
:10BF10000ED0560ACE2348DE2E99B37824CC376E45
:10BF2000B4F8918D9449D3074B2EA2970A3CE3BDF8
:10BF3000DF7B9BBC0B07C4322C15A4A11D737C00B6
:10BF4000CB170AB61162635286B0CCA3D4BF5A4C49
:10BF5000E1BA47575BEC2B25F7A329EEBB3A00D19A
:10BF60000DC7BFA3D459DB80662625E022B66985BC
:10BF7000C7FFD9B35F34D20C76B6BAE8703F8A7780
:10BF80006208EAF903DE97607D5D080A94959C27B4
:10BF9000DEE070F349EE8A5A3C1CC75DD77AAA7975
:10BFA0008612C34785B8A8FEC164C72FF5C574764D
:10BFB0005A8360AB1832FA99DC168CC5CE2097FCF8
:10BFC00073A06E82660B63A2D42E538658D272DBA6
:10BFD000CCA43AE7AC72677B60B952078199A4356B
:10BFE0001452C572683B2BAC4191120CF36132F4D0
:10BFF0009E4FFD3E984E2A04D88B64768505E2F765
:10C00000767DBF5C9A22F0097D31CAD1D5EFF1DD92
:10C01000D2AB2CC3F75C5FACB93AF8A32A2BF5E797
:10C02000BFF52A9CF8B9469870CC597787C1BA1EDB
:10C030001EF049826D34D31BFDC8FBB77EE9842D09
:10C04000F701B02B7249EDDEF3D2B3D0DAA04694FB
:10C0500076B2AC2DBE1E4CADE6A0015C62040AC2F5
:10C06000E71899AAEC6FE1EF02A75DE489469BA06F
:10C070001FCC4D7CF830B11123004B9851771DF344
:10C080000FBC10E1CDD1489E02A406F0B6479048FF
:10C090003D45301FFF970F2D2F073784F1D008C281
:10C0A000F57DB815FFF5103E0BA6E9E6BBB6278A6D
:10C0B000B9D040FDA31135780E639B7773167618BF
:10C0C000A56EAA73E8B65EB8058E64859403FA8DF2
:10C0D0002686A711B45FC4B063F92A4B1BC6A6E13C
:10C0E0002C3761783FE5559549BCAA26D3DB8113EF
:10C0F0003AB0B58CCC40682940160BA15A01F45ACD
:10C10000CBA1BA377A8D0A9125C8A84E911306AAF9
:10C11000445DA6A42B5E69276B74820693F8C495D0
:10C12000AB286D66935FD622DEFAC8E6D4F2EDBA8C
:10C13000ED54C54FBD7BB7C68321327DCFE7198C47
:10C14000DAD2019E5C8A17F9D9C17A31BB2D7E9E65
:10C150006154ADFCD7BC8DC6F2A558E7386734BA38
:10C16000A4800C669EA37A8DE756A91BCE8EEBD3D6
:10C170008161D013F9843BF95784129C6DA831403A
:10C18000491C2DCF4DBDC5799982D2464AF3468BC5
:10C19000F18D0A74B5F2296C2A81BD71464ED8AD75
:10C1A00011321BF3FB0FABD7BB295E18365BF6468B
:10C1B000CDF034DE9CBF06A10B4293F96F9C7FFD4E
:10C1C0006586A2F15213D6F45A6B8B3D50B2818B27
:10C1D00066E402E5EFD0C30FCD0D861578C9139440
:10C1E0003CB922FB36126B5E8223445CF63FEA5771
:10C1F00009DE90BE7B05E47D2C3E988085E00BC671
:10C20000D6DB5FE1B6DB38B94E25325E17B13C7C38
:10C210005C026D4C80B57BC5E7FDA4A502C7829B7F
:10C220003FA3938ED2C13540D242A4C6CA1395B95A
:10C230004222345F1ADD5F0365B0137FE02B41FCBF
:10C24000952232E1612A5DD44961B0A7B3CF23358D
:10C25000DCA9A8686946F9C0023BB50825057FF04E
:10C260000D094E11D1C34BFDCF52B776DB57D38E9C
:10C2700091D6AB8308A7347BBEAC28E3CBC9148826
:10C2800035B4ABD3A16555C95E265C71AC28C9E94C
:10C29000AB8B4EBFA22857499F05F4DAD813A0AC48
:10C2A000DC0984450980A35A5DC9EBAB135FCA431F
:10C2B00058B6F4961254A11EAEF64B85707346A084
:10C2C0007817FD946F64509A9E7094D441C259E2DD
:10C2D000FCD17FB863684F52B381E5E9A7EA7DB02E
:10C2E000BE04E0498D60F5853785790A75CB5FCB53
:10C2F000937CB0527C6CF9592B6CBC9330FA996AE0
:10C3000078B532600E33D7BE8C87882A6A76CF57CD
:10C3100071271AED71FDF8962F3CC06494844E99F4
:10C32000131F685A6997B728AB4AA6DC070CAAFF07
:10C330009BB7DCF6B5BFCF4629EDA45A46BF737C48
:10C34000BFD9DF4E0FFAE402B637AAAF3FFD8289AC
:10C35000E6744589F37E0B6D87E6C45242E58BF99E
:10C3600019AB293CC5B9435D6E1F57631622688C13
:10C370003DD88726E7957336405D7B7AEFA81FFD91
:10C3800096FCCAA1C411662B8BE22F9F7D18955B8A
:10C39000192FAEB8B91AB8D46BCE3B30D47A547BCF
:10C3A00081588691F7D55F29916C096CF4D5448F3B
:10C3B0008E119F6CEB22016B1C067B12F369603AB5
:10C3C000F7826B52EFDD71A06E6742E064C78FDCCD
:10C3D000A6A5D3AD6DB6741345EC7801AA3A5EC23A
:10C3E0009B1FC310595DD3CB924A9FD950BF1D2DBF
:10C3F000D6712AB15AB6290FF05D3306504291AF7B
:10C40000F4A776069DFA5925560BAB33F3337DE23C
:10C410000F1AD11A94B20FF64ECF7247C59FA55F7F
:10C4200083982ABC60C926CA51AA5677EBF51C47E7
:10C430000D8A6BF80607C3780815ABF48E4544F7F0
:10C44000CF5B97F116E755B9E44717BAD7A363FA5C
:10C450007283BFEDA71E46ADDAFA1A86A05EC10C44
:10C46000A72699AAF76C931401AF364654C35F51BF
:10C47000123E44C40DE911DEB79A30C53027E824D6
:10C4800033B622A7AA70651CE97C97753BF170EB67
:10C49000608C2A839F2A0BFCA5775FD6E32C11932F
:10C4A000F830BE355E24E95348B4E817B8F4E480A8
:10C4B00008932BF39B84E62A6F56DF1B134E1F1045
:10C4C000A2482840A5B60775E2120FDFDC3FF2FF55
:10C4D00062B52949D8CB845C427312FC4B012679A2
:10C4E000057E201C17AA4D0A3AA8539B3C236D15C4
:10C4F000999A385945526E103AA1D71A1899A04105
:10C50000E68FC08015361FD105C2083A797887A218
:10C51000C16DA0EC1A32A3D1B08103B6FA49BC18A0
:10C52000FF725DFBC394D6E226AE37F108FF837D30
:10C53000EE3C067574684D29A4D6E5E2CFE5EFCA56
:10C54000F57958411F1D5A5ADB517A5F73ADA773B5
:10C5500036939307244B483BF26056D75D9B885334
:10C56000A462FFD7FC2413D6C9DC8BE3E68BE83347
:10C570003788C99FDEC253AE622267EB0D9EC88C1E
:10C580003EAC1D37643F098FF8DDF6494426A4B858
:10C59000FA4727507260A17010CC4AAE7A65E80E57
:10C5A00029A7F6400BCA09973AF85CF122C1F29626
:10C5B000EAF9E09C6CED86815B7496BB3741FBBB6E
:10C5C00007F798DC8D36C4BF6BE3F7BE1B0F875BA4
:10C5D000B1EA3108419C210E7700075972CF1A9CAD
:10C5E000BDAD22AAD04E2869D3A3F54050776C8602
:10C5F0007C8F55A67A0DE05DDE367015FD5D0B2F44
:10C600007E40073430F33970086E91E76513487740
:10C61000EDD11B21807B371AB5223E7F7282BE4D41
:10C62000CECF6F594CC8D0C62887ACEDD981549F66
:10C630007387C2889B9C0B8C7A663EE20967B6DBE7
:10C64000E2F492594A44D30400588D38162DDBAEDB
:10C65000A7B538DA3260CF1D033B4C0F97042F2566
:10C660008D200AD9D681D3E54D72009848C8D39E53
:10C6700097AB81B35B93F5CBBDA427C30B1F13709E
:10C680003F44F44CE899ED6D5864F4E9EBD1714DF9
:10C69000EDC81920AF82BE14364D832D25F609BE94
:10C6A000DE088B4741B4ADE85D01A7105D6B80F0FB
:10C6B000F7F6F11B1954AB1CEECAB427D9C7386D75
:10C6C000BE47FD942561A807EFED6B239404A17F7D
:10C6D000ADDE796896214B34488695EF5F7B7540D7
:10C6E0005BBE52CD2530F37CC3A224DC7B3B75932B
:10C6F0009C8C408DE64605866F43B2F33B569862AC
:10C700008692B8BCF07E79618C5B0E026A3C6E8BBF
:10C710008EF8D3C38EA0D9F029EC556FB15B448954
:10C7200036C16710EF9A28223FCCD3489CDEA2F690
:10C730006248DAFF42DA8B0724AAC63F3C25CB4B7E
:10C74000874F8A1B001BD60423A8F753C0B0BA0D2D
:10C75000341AC1C59771BDB735869E04F07F3A463D
:10C7600006A0C1D0BB66246DFE8D121EE5B8E91E81
:10C77000669DD069AD9AE1FCC2D7097AA2F09D030B
:10C7800095B6CC200C94A7B974E5C99A7D18945B32
:10C79000EE282CB9B91A4203C3C25F72D730DCA1AC
:10C7A000861219460DB8E09676FBB1CF0D0F7AA62A
:10C7B0007686465B2B68D79B5E72EC8DDEBDB30D33
:10C7C00045E09285360971A02192643AA2CF7501A5
:10C7D0006B8B4A3A0C6A250F25FC7801AD3A8255DD
:10C7E000151041C8585D24AC079315460A69D24715
:10C7F0000EC0B2B99C6CD2B0FF37C5F342417C1E6B
:10C80000F5FC73606DFDF922A5FE50544C5970E1A2
:10C81000DCAB65C395068A214FC140023A487B557F
:10C8200094DD2B4C4D3425CA9872A0AE3662321579
:10C830002EDE4D980D5ED370F638EBE89E9005B273
:10C84000D4A3936916CBF5630FB61BDA2C84842C22
:10C850008EEFADFDC3C95B8DA32AFBEB01563529D5
:10C8600010F896E02D67A956F832ACC128CB7317A3
:10C87000714E8CC8FB311FDEED9CB8C5AEA0F2FC3A
:10C880003CFC15AB160B9951F973B07A48B301A66D
:10C890009F83C0C7EEB7F20B048DA74B086E9F02B3
:10C8A00005A54612F7F5103EA16BD73CBBBEDD8D4A
:10C8B00099D5A309A3A95D22FDC2D74BE499FB99A1
:10C8C0005BD1A43039DF07A5C7C504DFC5CCFEC9DD
:10C8D0002F359BC6B0A18D7C51C602397B9CA1D05F
:10C8E000FDAD419916A073AA4657CB285DD4B9F384
:10C8F00087BAB1228D7498E5B7C17AA9C01E0D6AB6
:10C90000C550B537AD8E0A99006ACFDC983003C2A6
:10C9100033D27872D9686AF78778F90F01F67ED535
:10C920008BAF6D465772D622D26037314FB9C8B43B
:10C9300015829AC69945D29CC5252B3D4AE515EC32
:10C94000D6DE588FAE3E14FBD4C85A58B8E3155003
:10C9500000446EC7F72B255655CF70E67D4634B898
:10C960003DFCEB71C71422C8B7745BFE15AD6B6359
:10C97000921F8039F9F679A346B4E122D24C00E146
:10C98000BFCBE68A30AFA51BF9ACD142B1FA5562F4
:10C990005691E33889BE295C1EA6AC6BCFCA98932A
:10C9A000D1EADE098C809F0042455EC6E270FA9EA5
:10C9B000EFD11F035FE555E15A8D07B9C44973C331
:10C9C000F0195343EDECB61D4EECDBF8479D865B4A
:10C9D000191815D0817520F616497BA29C7EE0239C
:10C9E000CAB147A452CE55E373EBDC1AF4F7E6DA8A
:10C9F0004CACB2923B31261F7F8B28AE43E00B3606
:10CA00005E129038B0F339695DB836C7E03E49AF81
:10CA100058FA6BBD686235CAC4F62EE20216BC45F0
:10CA2000C5EE8F553B8B91BE68FDA4CFD97793D1CE
:10CA3000722AC280EFF1F65A75B8185FEEF85A9173
:10CA4000962B391164F250FF59FC47501431DBA882
:10CA50002C3C3D2810990BD5F4ECDB0440DE8FD93B
:10CA600004B44F54D6777C19D95328C7F85CFC0D11
:10CA700090DFAA15097F5D56BDA5EF31FCA713A86D
:10CA8000B269696B50DF558395FA68C96141051C2D
:10CA9000A03BA168A547EFF593B50DB9E5CF0744D5
:10CAA00099219900C8A8BD1A7FC1F4EB1475D2036F
:10CAB0004A0AF3EF293A5239AB2BBD50DFAE865B01
:10CAC00080C00B9873BB906167A7F7DF651DA37DDE
:10CAD000F6D0B94E1A637F8942E0AD3157FF79E154
:10CAE0004AD43DC4A16931DC3375708BBA1DA114E1
:10CAF0007556DF3CF33E3BF33CF4B92B536C1DC938
:10CB00000835AED3F3279BA1B43106239532BE5628
:10CB1000E696D7938861B936AD4C24199C8576EF9B
:10CB20003163D46594F4B8933A74A505BD24A3F495
:10CB3000BF21E299BC9F6D97241FB552652972A54C
:10CB400000F1DE462A6CE2D23F38CC72FF06A40127
:10CB50009F7B52C7FB7E2B05DF162EE80EE189690D
:10CB6000BAB0DEEB564DBBE09E8A61245D926889C7
:10CB7000A45578F32BF833338F42BAFF10773BD3A9
:10CB80005407EB701441A36935E8890A45BC741B4E
:10CB9000CF9EA8707BE14D653D9DC47D7C71A681D3
:10CBA00048A3B1FF02F2522553E651AC0D0A61A62B
:10CBB0004CEA6122AB60FF4935DB6C8D21A596ED17
:10CBC00083E0613B85B47FC6D7CD4530618E740963
:10CBD0002D591B1C1C0E90ACA46FDD5CEA5A5488C6
:10CBE000EDAFCF0C1D0D2ABC9C52EDDB54A11C995E
:10CBF000068215F68F74346630CD344A027983CBC1
:10CC0000CC4F76B099F7C0955462C2CBFAA331D914
:10CC10004D3CC81ABE4E34D5387AED673B402E7570
:10CC2000BD052B4CDB30D9CE6EB17411CF765A05D1
:10CC30007B7A8704055EC3411F8AAC04910C2BD913
:10CC4000FD1BD421080CAAB6F2D226D4E235777A9D
:10CC500071A254F6B0D6643BC77A04A6F38D406C3B
:10CC6000A6228A5F2A77B9A9529642B5F8281018E9
:10CC7000C4FCB8E7CA57D16F1A23B78FDAACEA24DD
:10CC8000AC33E978E3850999AEF146E3A04301743A
:10CC9000665D103C176007002771A7015E6263BDE7
:10CCA000C45E95A3A2FBB2795BBDE38E46F30F820F
:10CCB0001E66578CE741E32AFEE73D97104E5390DE
:10CCC0009E91A179C7D04F07AA5AF4423942FAAFD0
:10CCD00076C5A779B0A185EC13A42A610BF3A40152
:10CCE00074EFD693A27D5BF29071439AFF5BF425BB
:10CCF0009722AC16CD24911CAE31A4D75DC91B97E9
:10CD0000D1C76DF21D0809951DF2C911A9A602C768
:10CD1000D150BE032AA54B07AC09078DF8203DD89A
:10CD2000E5EB6D66C28054F8276F36E180F6BC4FA4
:10CD3000ED501148A687F2F0E089C7834B9E14EEB0
:10CD4000F4645558A0CE1425F1E27937BA3D767ACD
:10CD500009A16AAAA9176BB8026A537DFF30FDF8D2
:10CD6000B41A21768C7412D70E1CA939D2FDF8237F
:10CD70009F2EF969E93BAC7C799CE022B64CFC1A09
:10CD80009EAD16079538D289F0EED4BAAB5200EDBD
:10CD9000F16F1A134925A5CB32AAB169B16983494C
:10CDA000297F1E6BFB30C9879B805CEAEFE2E6FAC5
:10CDB0002C0ECDB3CBA5E6F1A79AFF25930869F316
:10CDC000F1190046CD2642EA6CE3F9BD63B78875D8
:10CDD000B41701E1292C2CB6A994FEE48020AB0EF7
:10CDE000CC752B1288C5FDA4773BB1A7E0AA1271C0
:10CDF0006769807B7A0D1F5A6C31C0C079AD59CA02
:10CE00006B9FA75CE0DC3949DD0F31AF187F48A785
:10CE10002C9F74D47A3E367CC53C3E7518E7741A54
:10CE2000941848A16843DAC1218FA4CC4AB59FE683
:10CE30006955D8A72856E47CBE9759D97205D123E5
:10CE4000147FB24E6F0B9B71D8468E5FD745277FFC
:10CE5000BF71D82532F2614F516416F9A4F5C33879
:10CE6000016CAFBADD93EAF3C07BC5F607AC72F98B
:10CE70005089732C48F8DED0FDF2B83545EE922D7E
:10CE800024EB552DA9EC34739709DDF7B4363154F2
:10CE90005F84B16869E7AFD4EE90146165C92D92E3
:10CEA000A71C9175F35FA8725AC1108CA189B12E8D
:10CEB0001E805926ED8BB434EFAEBE0AD58DAE5E22
:10CEC0003830F5B07FD26E57192094D43FC2A47F7A
:10CED0000B06DBB69629EF1ACA76AF0E9937DFF844
:10CEE000C9F37AAC237A55C5BA55783B3C78FD8BAB
:10CEF000D8F9B752AB6D2A96DE85BF9B6B05996A50
:10CF000077F7B8B4FF5F2B69798E41AB90B3C675E4
:10CF10009E9356158895F996D1715E6F395D86207E
:10CF2000C48592CF97B9D3F202D2E4EB01F4A30502
:10CF30009E42DA3FFF717C070E712573DC76BC3DA3
:10CF4000DD35DF4F1DFAA43C89A0CC73C1B0FC0BCA
:10CF500019AB6CA7BBABAB05070F2BCAB2A18B01FA
:10CF600002521ED587A547178FC611FC03C0E1AC3E
:10CF70004D36B1BB1F0855BE399F0BA0905FAF1A4D
:10CF800069231AB5F701A740B40B6982858525137B
:10CF900067D8395809C4F34B3960D86D2FAD6DE9A6
:10CFA000F0E508A0BD6618B633C6E231BD4AF47696
:10CFB000F6B561E14B21F86955388D87DA75D6B63B
:10CFC00063A96AA2F6EC30E3670D4A9D5A5A74FBD6
:10CFD0003F45220F2801677BCDE4B059541D6ECB2D
:10CFE000ECC73B89A044D37B4046EDDBE02B1EF031
:10CFF000F47F22B15BB435FAEAC93D4E44538BC984
:10D00000EEB375609DFA65275C0AAA837B27617C75
:10D01000236ECD1BA693FA66A51AB916342078554F
:10D0200048DF2A9DD9EB28A06E2E537FCB0F3845C1
:10D030007D5A64D06CE6D370F73BEBE8F2B64D83D3
:10D04000CA2F163975491580E223EA41CB52E752BF
:10D05000751AA53DB8C69384C16233EB3084C3DE34
:10D06000A1346E7DD622E2EF3DC5C64C714E8BA831
:10D07000F7A6C486C259E90F025D4F5F5011DC0765
:10D08000FB42C569CF6061C53A54D2C0B5DD40747A
:10D090004D3A18421960510402956EBFB3BB11C2DC
:10D0A000D55EB915E1F4E9A39A9FC9DC51D3683F75
:10D0B00015FF70FD8313BD332C58219C54964342B9
:10D0C0008A24A4A93B07457D101D94044DC4DA8A27
:10D0D0002415A9D992C4C48E03B20E098D4392F9C6
:10D0E000FB7ADA933E7CA36791E65821F0D9EB44B2
:10D0F000CAD0F167AC1A94C58A1A84E45CC1CD45E4
:10D10000EB9B5110B837016010F2E81EAC3F43DAD8
:10D1100032D2B8743EAD7F9E70177101EFF939C8F5
:10D12000F45B2D648349F64423BF47EB0B4EDC21AF
:10D13000E63C441FFC31DA9C1DAE13FD335815EF5D
:10D140000E63A05BA6A655F7D051382F4E3AE67F66
:10D1500095FB6EA860699B78B2B552C770D68C19E2
:10D160006BAEFBB11C6B12D72E1CA939B4E3F823AC
:10D1700039CAF845057957724444E6223048D61238
:10D18000BECE6E4F60E7FEA2DDBFE9124F02A5459D
:10D19000F04C0A707E6009762F9CC0D932EE600E8A
:10D1A0000C1F3E8B7BE72983BAD05D381D564F4854
:10D1B00016FE209ABCEDF1762891546BB7613BC501
:10D1C00007C6D86F2DC601966B3B22956A96889B41
:10D1D00046ED9F0B3009282F29D370359170C25529
:10D1E0004C6B3AAA4E0EE54572E3A48CF133ECAADF
:10D1F0006E46B0807DDD7451D6399C8773114B0229
:10D20000DB5BA7747B23384948FDE3744537B03AAC
:10D210005D0A5BEC0D31DDDDE52D3EAFBDC88E1D39
:10D22000C636927FDDC14A46D108B6123335E46076
:10D230008BA55D52139CF77B35B71A8F43014A0CBF
:10D2400063253B119EB76C4B7139467850E2A3F3CE
:10D25000D8A1AB48CB4FFD870333592E41DA71BAC1
:10D26000B3D843E010E57A07E2380B8423E2712358
:10D270001A84710F08A43D7ABF0E3A37CF34137861
:10D28000C363F1DC902484397B4A77F82BE552257F
:10D2900022D1B06EF88BAEDD98F403A765EB0900E0
:10D2A000BA5088750888CCFBA8163481155FC9432D
:10D2B0005F6E6FBCE68B6630AEFEBAA2DB7F26E601
:10D2C000808AFD44846D2CDE67ED135B6D15A08EA6
:10D2D000070697B5CEED2E0BC234AAC7FF2E7FB836
:10D2E00048227F4540E353DC2B1D795B7B32513272
:10D2F0005ED0B7527E6CD60866A237F93EFA393353
:10D300008F6AB94DF37E83652A06FC24A9343180E7
:10D31000A12FEE6B88682F6629EC546FF45C4FD315
:10D3200064CE90C77650D1F5F262A2FDFCF3A2F66E
:10D330005657DAFFA6DACCFE25ADCD355B9F98A80F
:10D34000BAB4CFD2ED0B1BD5B43FDCEE30F524419F
:10D350001CC551310BE729918482283C4759A80B01
:10D3600010AADC6369B2BF1F6F1FA0042CFD378EAB
:10D37000640E784F1F08AEB9739E9887117232DA27
:10D380006F6FE709D588A431738F6F926058845806
:10D39000EC7290601E8742B43CA13E7A7875C761FA
:10D3A00065448311F29FAE2EE16EE1F20F8854576F
:10D3B000298C611C4B9C074E55DE8105DFB8980D0A
:10D3C000742169DAB902B97DC646406A7A532A0BDC
:10D3D0007ECC2ACED1BF5DA3B86382D3A25A548833
:10D3E000E6C6C4ACAD8A57A51B2FEFBDFF3F1E118B
:10D3F000F0C766BB8F6F27EDD0EC626E43F68B7D76
:10D4000003F157B872EDF1D8A2BCAAA3D38751E4B7
:10D410001304CD3BB6065D9295088BD075487DA56B
:10D420009D050AF2978563CA6F855657EEFF12482D
:10D430004DEE45DD5D18F23CF7EAABF4EE4502BF78
:10D440002084EEDF111BAD6B78F704B2DB83742A06
:10D4500066EFAC0D4E83DACDC094037203E2C74A87
:10D46000A29268C92FB2B58A46ADF617A3148B3FB6
:10D47000762ABDC37DEBF7613D2A4002547FCDD4AF
:10D48000DAE0EBF4C900091112A76D28902F467657
:10D4900065EB38EE1360D103FA82C50CF3B7752B38
:10D4A000E7B9BE4D5EFCB07E35BFB6E4E322D85D81
:10D4B00018BB5A205EC699F01633D4C1334F0840CA
:10D4C000A2FBA4A43107C57A161D8605B2C90A328B
:10D4D0003C64A691B67DC45153A829EB5B95E2212B
:10D4E00005CD21F0EB77E92567474D70A48BF1FD61
:10D4F000B90F68B94C6C9115481E7C597DC12D152A
:10D5000088C003915C552A9105BAC83C995651B719
:10D510008A6BEDC26DAF4BF7708F87F62CB78FE437
:10D520002AD5BFB20AD815EA264F3711972CECD26C
:10D53000BE214B6D9C28D2FAEB591B05CEAF15E6E8
:10D54000F64409C8A1AD44B4A85F297E3A8E49E1EA
:10D55000095B6DE0205BB07EF7C7561E2EFEA5CDA1
:10D560006CDF2AF0AC1CC39E4F6F7878B68AF80344
:10D57000C16FFA21FCC453A247B40DBC0CF5E93DC0
:10D58000CEAC0F5EE28CE41281B7D16A4B3AA0D5E3
:10D59000F4270A798A47BCE513AF2C3837D909DA62
:10D5A000A8148FDA0B30A9FFBAE85EA8E2EBF39F6C
:10D5B000EFD91D0BCDC6D7E12B2A42B1166AAADBE3
:10D5C00077A9DDBF2D4E43AA785B222D6A9097384C
:10D5D000B07A5498206B30BE699C768C9972F32592
:10D5E000CC702E8A541C7F1DE288B43CB17FD3A43A
:10D5F0006E9201853A4D27C7DEC0D97CBC3F0A5DDB
:10D600008400F36E21B0380A0C667887A94609E4D5
:10D610005C0BEAFC0805373AE51D3C1F0E8F416D97
:10D6200038E16550D38395F817B1D487C5E39CD909
:10D630004E1FC380F7F1F35379481287FDD36F4C27
:10D64000E762CB106E425A0D7E0E7D0C765BDACE11
:10D650000DC9C9F84ED0065E191950BF52F03D11E0
:10D66000DC60EBA0E288A988E5A670CBECCB56166F
:10D67000B49E47B42CEFDC4CCDEC2E134CE51218C5
:10D6800045FC5F06BA9ABD34D10AE39D6BF9368436
:10D69000AA8A784B2195A825BC6D446E428FC7336A
:10D6A000FF69CED62FC8676DAF8BE77C1D78888F5A
:10D6B00076D80CB10C81D28D8EB67D95AFE7EC1982
:10D6C0007AE3B76C90FAA9C7155889435E56F359A7
:10D6D000FF256102C4F54D924B547D147D364DFB00
:10D6E0009BF57B614079F54D5A344A49E81C523329
:10D6F000AFC73E7DFEB3FE582A6C8FD0BB2D1945B7
:10D700008D6AB14CC6E517DD0C70000237AA36CA27
:10D710002FB12EAE2921000B28EC629B34C54FD3CC
:10D7200034F192A79672ABD5D632A3D5884377D67B
:10D73000966EE7DFA8EFCC6F277BA55304667F1FAB
:10D74000A620D3B71303E8F243E9C083962B78F7FA
:10D75000CB8D46549883204787C62D88328A9941BD
:10D76000EB6CCFA16FA2EA8A9FD8A09443CE6AEC5B
:10D77000C76528B3EF0BCA0D7126EAA860182F03FE
:10D780006E51E899F260A6B170C5610A8487843849
:10D79000E6B8C00649CF032B7C35CBED5FCADC81F0
:10D7A00079F583F9F64FF9B631B0EAD3946175355E
:10D7B00027CC10CC4B18F8F91D048AACCC9397F504
:10D7C0006050631AAFB179E0A6224AA8CA317D4BF6
:10D7D0000F1C2A5A2C58651B55217D63F882DF11D6
:10D7E00008E460770B1D8033182AEEB8A3FE0C0402
:10D7F000F627D6069C06742F79C5B44E4322DA89E3
:10D800008E4173409A1AF3984DF6BEE9E7EE21492E
:10D8100065444D89856FAFF5BB48DD9C7018138D4D
:10D82000BBF6329F13BB48D2EF3756749DAF318D94
:10D8300062A9A0886C15902875E221843488849EA2
:10D84000D5307851181B556C70F304BAD9A37EF209
:10D8500076A22EF5B5165E8DB72D13EB7474C3FE4C
:10D86000D1FB91A21E95E389103A5F7E1C168AD2E5
:10D8700066FE4144B969A1216B6501085777EAF456
:10D88000AFB9E874CD2063CC0274087AA0B3005617
:10D89000547E385A9F220BD95851BBF6F369650361
:10D8A000FD30AB345446F9FB129AE8126B45A8C020
:10D8B000190BCBCC6336F1DA0E5B8F13134657B0DE
:10D8C000A420A61044F78E88B9928DE7BC60A30F00
:10D8D0005E788D7FC03084AC73892A610FB6A42135
:10D8E0008E58216407355C9262815CA1C202B67DCC
:10D8F00088D2B1AEBDA4911DB5317E795D1121BE36
:10D90000DB3C4DC038770A91FD0FC8CC4A8E22C24D
:10D91000C4D5DE742FC96AF1868D87DBF4D03C0C48
:10D92000F05D6DB6F488EE572C073190B7FC020A13
:10D930008969E08FB8240609EBA937FDCEAD35F72C
:10D9400073F55851631615252DE05051437018801A
:10D95000491E6DC0004FB2760A3850712DDEBE5C94
:10D960004DBCFB618DA317B1E62CA5C8C6E9F04CF0
:10D97000C69FC03CF97E1B7341221DF80E669C4079
:10D980005A59AA75961CF5832408F92CB397A295C9
:10D99000C16F0A70712225A912C8A41747BCB1B182
:10D9A0001911E24C168FBDDF4D0FDC16D5810441F5
:10D9B00091F7CE44DFCD81E0514D642EE0D71BBD01
:10D9C00003E0ED352D5B403F6A33270666FAA64B30
:10D9D000B69B1FD0C6D64B0045E25AE2A4360BB424
:10D9E000CC32FAE07C78DD5F8F3CFFA4E4371B711A
:10D9F00021689AE68CDABC5362A8F03B85E00B36CE
:10DA00007B26A714B0E73921B5B835C9E86348A724
:10DA10005CBA47D37A6409BBC50B3A8A0317942CC6
:10DA2000071C1BCF2FD6909E0DB664EDE9F39C1812
:10DA30007872345FD0DFD43345A09CCEEB23BDDBBE
:10DA4000A2F405B06C22ADF378BF2756523DB696CE
:10DA5000F18F8596E36900591953AEFD60CA83CCF6
:10DA60000700BD37F31D63C0CD5061C726ED8701A8
:10DA70009606B673FE782555B6A4D6C4DB1F0210F1
:10DA800015ACDA4562B95A834FF874A0439733DE78
:10DA9000B9AEB39DA8F6AF659DC54A336CE901DA0E
:10DAA00029F088B729EE577DB41EF25BE3803F6E04
:10DAB00054BE0EB1EA81944FA4F64B852A72BE85FE
:10DAC000808AFD64528EA86F9F546B6B7C88AB7FFD
:10DAD0000A0695B5E0DC4D56CE17A537A8A0996D7E
:10DAE0004ABB5A852199FF8DCDA298DF6AA65DE3D6
:10DAF0009EB8B7320709FE542AF452B9BE4B936A56
:10DB000078B56C61FCC6D5BA08160AF3653C008A84
:10DB10008898F6238CC1F296DE3B6A6590EC975E9E
:10DB200030609AC761971328728FA3F508D8A29E18
:10DB30009673DA9742DAC121261991F2574F83A2E0
:10DB400013F4D428B728D9A34BE03BA468BDA5B9EA
:10DB500039BBC31601E3DCF22EEB29E062F50D4878
:10DB600014AB293C3FB88F6153BE582963CA68E49F
:10DB7000E42B79930F9D526FB966BBE811AFD1FECC
:10DB80006E60E29FF5D95C64285C5E4284556286D3
:10DB9000B591A3614057B1DE657CD1AD6CB4DD7148
:10DBA0009418D9F0E425A92EDF6E8BF01D0275863E
:10DBB000935179AA5F28FB49FDDBDFAC97B5962D21
:10DBC000BE7D393BC4D270700F981389275274DB25
:10DBD000AAA67A13646866AB94693760B5CAA5C50E
:10DBE000211A8D7D475DD2ABD994A0B2CEBE1D491E
:10DBF00033CA980FA06C24B73130760768418A1970
:10DC000043FB18619308D9F85CB3125EB4EE22E1CD
:10DC100024AC79C6D06F51F6B1C808427E21368552
:10DC2000BCD5864198EB271AAE7F575CC7DC7025C0
:10DC30007FC92BD86CC661A5B7A3DCD4FF009A625C
:10DC40004A52FB20361B546C6EF639DB9553772213
:10DC5000E3AF9044F1165C8D572F6C770956C22EB6
:10DC60002AFB571427B7E25989726E7FAA148A5A81
:10DC7000F243777DF131E9D9A39876315C77EBF403
:10DC8000B9BCDD15C6D0601C7B795ACBB92E01A674
:10DC900011811033E6B7DDC506852F0BD1D058DBD7
:10DCA000BF29BC1533F1C6CA53BCE83624FEC434C0
:10DCB000110E498DA2C19FF72C59DE4B129E099D72
:10DCC0008A25AD10CC005D78C3A30DDFB489AC729A
:10DCD000098CAC19B17DD65165C223617A44EAFC46
:10DCE0002113554416701127ACE919F1081AF6FDF5
:10DCF000CF0F9317C97C90C5F61C6CE452FC0D46FF
:10DD000075824DC073770AB13D90C83C99F203E229
:10DD100096CCA48CD53C6BD728C387F6AEA73C28FD
:10DD2000CCB26D463D77D602D9303711CFEACCF26E
:10DD3000E822043DBE79F2DA395D1B05246D15CF6A
:10DD4000E0FB58A19ED115D5B3087817DCED1880FB
:10DD50001B2C6DE0700BB23EB5DD5637174E74A428
:10DD60005A0CFB91CBEB12F72AECA9190D1DF80305
:10DD7000749FF861667E538B469E1CD50C84F85CBC
:10DD8000465E1A716D89E03EF0DCD3BB2352A3BD21
:10DD9000E4BD0A7C8B464504A2AEAD892BEEE6932A
:10DDA00028A71A417C7296F2BAD45538DEE78D96D0
:10DDB000EDF9289FC6CC6F01484D922948D58306BE
:10DDC000696EECF93E7E401AB2EF28656BB1BF3D3B
:10DDD000B0596BD030D1F302D04177E42D39E24510
:10DDE00073132FE2458BED3843EBB4AC37EBF1A75F
:10DDF0007594A7E67ADD2451C774D07D6DE8097F5C
:10DE00004C02A6AC0B0F29D44210318FF0F35ECF39
:10DE10001D5260B57F923750F1447E47167E3627FB
:10DE2000C4CC928E3B8B909E3A42A51F823A94B10D
:10DE30007183D3E06B5CF7536B481B5FC6FF4A0EE0
:10DE40009A433B196CD2527C095D87E25E43D9A0AC
:10DE5000DB50A2E83D9811C0033B5A424A8A876DC5
:10DE60001D9D4AE0C05E7B8D9D5D40A18E9F200977
:10DE700011478853FDA03F8B84862113DC54051085
:10DE800074EC570D6F49AD1E4A4F1C997F98B91617
:10DE9000A879B168B96AAFD48E9802DD761708FC0C
:10DEA000DFF099DD88D5ACA25131E78BFB8CC1B195
:10DEB00053D7F96E1BACE2B6EECA7CC095FFB43501
:10DEC0007FEEB71472BAB89A9F707B9E264DA07FE2
:10DED000ED4C7868F6294F721A59AF37DF63246F1B
:10DEE000C94A50B5D137F58D025778026AAE5D1335
:10DEF0007753A7C767099851274CE742FB2F59472B
:10DF00009FFFB89CE63BD0D68C0F00FB941BC257FA
:10DF10008F209AEA0947FB6328ECB2259584A7D3A2
:10DF200034C1805A5650D1F51287A4BD08A4A2FE70
:10DF300090B7D6FFBB9FF696A43AA6A75C4F64E8BD
:10DF4000A629CFDA120AF49F81F0CC73D7F5A3018A
:10DF50000C7B475F0A132A2597AB2C885270989C3C
:10DF60001FA2C91B9E6CF73090C8EE6943FF608CFE
:10DF7000C5DF0D231F09576E7195CB30107E0F231F
:10DF80006FB18621F408B6B975E5019A8585618C73
:10DF90005323A0FC418F46F33D1DE45D2CA5F951B0
:10DFA0007DCD90690BF2982336B2D1F10CD2228E3E
:10DFB000778D70AB4AF8A841E3067912796E97FC29
:10DFC00062A09485620C613DD64462E05B8233D3EB
:10DFD0007F7A3A7A2DB825A3BB6350D454CA51C274
:10DFE000791CC315595D2CACDB97FD460E691044B6
:10DFF000F616C4669EBC17BFF1EC1D6E4391A511C9
:10E00000EEBB70409FFA4D27584EAEAEF7AA67C1DF
:10E01000257DC91B97D65F2EB119B09F3A98635DD5
:10E02000AD982A9DD0EB271A767D5776CAFF339D8F
:10E030006B727B456D17CB78F61ABB0CFED100BF17
:10E04000D683BED9101BA06B96F0142FCBC6659A51
:10E0500076732C7641C1DE82C7228BAE103FD294FC
:10E06000AF6C7F16AC8F79EB0D5C467C232C9BE06C
:10E07000E7FC44E6F159C811A21B41505687EA2437
:10E08000C4B1BCA4DF4D299409AC6D52B12E00A6D9
:10E09000298428C7EFB70B0C4E8D4F4BE7A951DBF6
:10E0A000AD37BDC5D838B37CDA25C3C6838B3C8277
:10E0B000D84781B1B384FC2204C0D79BDA9047DDF6
:10E0C000A24CA4C0B80E17389B5F01B9E759FB7F7B
:10E0D000433D613D548184815A5B3B097ACEA5283A
:10E0E0000682211F17A8580AB0809DD2A360E5EDD3
:10E0F00086BAB87FCC249836F7E73C571CF95C66A3
:10E10000CA71713B003C0D91044AF0C7BA9603C333
:10E110009505A57C19744A9122AF8606D7FA4C95CD
:10E12000AF146D662D71D622574B3711A7B9CDDAD2
:10E13000EEA5031D49FFD821FBE41D253E12333413
:10E14000E5294814A0CE1425C5E268AAAB78197059
:10E150008EE57D5D500C428B773D5CA826B078390A
:10E160006000FB06DDCD1062CDB8A8E96934FDB3CF
:10E1700031C2E8D4F9A65B5B4594642F0D96F9ACE7
:10E1800061111F17603F2F89E14DD34A48DA746F40
:10E19000EF4DFDA7F46D2C7CA716ADE4572B999B92
:10E1A0002B87E14C5089B942450F4016F71CF3B656
:10E1B000FCBCC82BCCF806A959BD92F968DEFF4417
:10E1C0001753DDBFED6E41CA7BA622B5244896C623
:10E1D000A1AF14D833F1200EBD0667598918E39515
:10E1E00062EA3F5F458BEC31701BB57CF1E7CE7F77
:10E1F0006C2B91E67ADDF854C774D07D6DE80B1670
:10E2000084D533A3B5BF3948ED76CE7848B8497781
:10E210000BD0CBE77A63C8CD47F32EE21607BE4595
:10E22000B759831B2A16904EA105B452D977956928
:10E2300075AAD3151B9470CB936F1050E12B23FD5F
:10E2400061FD3DCA662A3FD58C0D81183749D1AE94
:10E250003995AE0837B8048D91E54DFA4F8F0AA273
:10E2600050CE17C0D01347763385927CB2E27BD66E
:10E27000B1C7AAD108AF5FD9BAA422C3931B13A810
:10E280009C6EEB6AD0D68D4A2E7E57A92F01013E97
:10E290005D5CDBB31B9F1CBABE1D435545D103FC1F
:10E2A0009CF126DD48B5587DC91E623D260EF1D58C
:10E2B00045AEE91A200259B319ABBDE276C7BC8A54
:10E2C0007BA4F9F572E2A8B73A18185E4C058026CF
:10E2D000FD9B1B0E1963708DB58117E9FF2B7FB86D
:10E2E0006D237B95D9EFAB50C5A2E2DD7B3BA21439
:10E2F000E753B65A884BD18E239CBC4B24D09FD277
:10E300008E6338E70979FC60895760A1A2B2CE56C6
:10E3100076273AE98EF0080BD1B5A768775841996E
:10E32000171A27006E19D425E1CE7612E8A2A2FEB4
:10E3300090B651979A578C172415A4A2A49842AC72
:10E34000A429BF15E4DD90DF40E82F82C1D8A3D017
:10E3500099F8B8800F3D2B257BE1085542EB2E5BE9
:10E360001DABBEB99CB52719EF77E6E445AF46DE95
:10E37000F42511A9E0DF95B3714DBD186C162F235C
:10E3800026314BA3F500FE4914F5102CF5DDD467BA
:10E390002E6AC031448FFEF03CC5E1772F7D5C785A
:10E3A000D99F8191F4D4A9FE96E1F0F1F1D58E8A3E
:10E3B000778B57FAB4FFCE46E3D1A418DEBD3E0DED
:10E3C00004C84B4ABF7971A872B443E0A6859FD7B1
:10E3D00018132B7B2D39677D03E482DE9216C47AF5
:10E3E000CCD8BB4C5955D88B7020E482F0B71B6950
:10E3F000FD1FD19698642697E1E53C9EB596EB14F7
:10E4000005F1B3BE9B2A0E2FB0BDD2DBE28F731194
:10E41000207CCECB05DF7CF6D04CEDF7FD183BD44D
:10E42000A90502CED8EB4E98C9F75277AEAD334D61
:10E430007E7A930203D1B7B8EF0A0B86FED0F86854
:10E44000668F125F1113544D0EFCA46A9F3B56EA6F
:10E45000362AAF2550E65F552A02087EEAA6D2F694
:10E460004FD690AA136B1A5E5D7705D15CC3D75760
:10E4700076966EE4F831E8D9F79F7D34332713F3AD
:10E4800083B917ABAC0D60C42D5491759FF3007E1A
:10E490006DACC78D1C6B0AD432A55FD613E945DB82
:10E4A000D56ABDC5307E08FB5BB4EE166F4BF845F0
:10E4B00058564A9CA1E1F82A05E097927B147E1AEF
:10E4C000A36EAC737B21E7FDEAC2B72EB4897876E0
:10E4D0000E228270F8F58484415B6A5F33C4BDE626
:10E4E00005AA599D17702723A5475CF147539674D9
:10E4F0008ADB698FEC2D99159F937C7935930B6698
:10E50000C8715139C79262CB2CC0C83EB135C933EE
:10E51000245DA4A4ED5E6AF790FF81D6FBF132D1B1
:10E520003AF592B1C28DD72A249F2659F17C3D1429
:10E53000E23C4C45BC20F00AAB47537521031D87D4
:10E54000D5AC982BA0C61005D93887E0B833187021
:10E550003EE5B206206B4DC90F7057C716D78243F0
:10E560001DB3FBB1C86B12D72E1CA93906FDF823C9
:10E570005B7DF841893B45C7641839931683F8746D
:10E58000AA3B3EBA4289C542B1F1C548456CA66571
:10E59000CC95624D09E80CF512EBBD560FCBB8F5E2
:10E5A0003D752FFD3F475D086B052C55C7D80941C8
:10E5B0002DF1CB2BEDFC66B15B1293DE972633EE8B
:10E5C00004A7FD9D416FC9F29FE4E3B81B0F867B52
:10E5D000453515D0219420B828DC8E134EC3F2D8CF
:10E5E000DDA56F8A4672FC31781BA774EFC7FFAEBA
:10E5F0006B4685EE6EFD4685D51BD05D88AA07CD9E
:10E600006B9F8724B3DB3AB94A2DC478E5BD583AED
:10E610005DDAAF6081B595C6E32C797F07C7669C4C
:10E62000D7A3938ED5C187412BDF849FD97F6D6E91
:10E63000E7AED315A316F75B652D911FC122498460
:10E6400063FDA6CC66225A9448D145C055C3CF7706
:10E65000D2C1A8E0999017AD163947B6435273BAA4
:10E6600078DD2086D34A7BAD3485E07C06E26FD42A
:10E6700085CFA1FBFD785556D6C2229A33C1EAAFA9
:10E68000A06957946824AD8445FEA666DBFE31740C
:10E690004BF9B040A89FAFD5DF57736AF5C008F4B7
:10E6A000DD69EDB409DFDCCD2FCEE65B173FC0EBB3
:10E6B0005FB7F897D95D2B4EDE91BC72A98DBE3D38
:10E6C000888274D472BFA8079CA0BDDD4C1CA0F743
:10E6D00009062CB5E6B0523C4A514F17DE4E77B2D0
:10E6E000485B8E4216E515B23D7D7DF07B3B34A53F
:10E6F00016D8F15ABFC8FC914FFA30CF3D0A513EAF
:10E70000AF60B935DEC8D36EB98F20E6F6D72AC51B
:10E7100098FC34C0E1067FC229E882DE9A94776EC5
:10E72000B5F898C597C8252213CFCAB380A6F2E6DC
:10E730001E15FAFDBBC6E42920CDB98B7D5A1049C0
:10E7400042BBD74BFBF9ED92B17DCC538F13A3F9AC
:10E7500009366356088BDFF295EB2FE1BDED80594A
:10E760000E36DECBB06ABBC08E3AA0B4536B975B5B
:10E77000A7D0792B4CD053BE719DAB7560EA3E4E4D
:10E78000423BCAFBE4608EDF80E2899E8BEC8059BD
:10E79000CEE9BE09B55099DF1047397A0875D9A579
:10E7A0001DE6A1FFF6F5522031DAD0F33E135430C6
:10E7B000755C80744F41F29B141F89ADDD654D225D
:10E7C000133D6B727FC271A05A3743C8BA42750BB2
:10E7D0005FFB2A5A2D01987B4DE4086E31E8A415A1
:10E7E000FC52C8787800D27312B8EDDB0F69CA45C5
:10E7F000FE7FE6679F306D04F5841D7F4AE18FA19F
:10E800009A2753785B8CF1F97C36A9EAF220617C77
:10E810005573CD1B56167DF6E07EB8BF2BDD5D87A8
:10E82000BA6C22F42C3CB4166ACC501FEEFD125C7C
:10E830005EBA9F0FE6CAC7780D1DD50CEE4D049F3A
:10E84000DF20B329900B55BC87BE04B6DE3E709C1A
:10E85000165285578E6B5D8D572D674AE4C4C8F2FA
:10E8600051D51EE04AAEE38988DA573EB3818EE285
:10E87000779F424DEB21F97DD8920E8357A704F87C
:10E88000D4FCE85C3BDF61CC72319175D1F1F8A129
:10E8900019822936CFEE2EBA144019ABFCD1119350
:10E8A0000BEFDF1D5924E1537BE5E9E60B562D8A7A
:10E8B000ABD75F447CCCFDFAB5EFA7D6104F277CD1
:10E8C000579BB2CCC3B601A51E1DA2069500BCDAAB
:10E8D000D43287C25D6A84ACB7A42A612B9BA42181
:10E8E00014EF2144EB772520B180A126FCD9FE4509
:10E8F0008AD3312573ABA2CEB1C17EA9421E0D666B
:10E9000034763D3C0C3D0A9044CECC7546560B9275
:10E91000D498A48C3EBF6BF700A087D662033C0856
:10E92000EBA76A0F8B08D22A209F2239B3DCC48A56
:10E93000EC5D06ED43FF8C26FBE41FF5E21F05723C
:10E94000A5BB5881D05B11932DEFFAE8BBE50F51C1
:10E950001874CDC934938373DAF4571F3CFF56DC27
:10E960007F9AF544DC7A1AB131DB59E2C6ED07F43F
:10E970006084F8913E7059AB4694FC2B0D96D02DD7
:10E98000CE56387D23F5A708F2DA28B86942B1934C
:10E9900007B90B787D473EA5383CA78557B7B363C9
:10E9A000268B1B927AA7A1D6502941A066DEF09F44
:10E9B000EDD0CF424DF286FE4A5D536B6FDEAB4722
:10E9C0007753CC960C8E53C391C22E6593454E87D8
:10E9D000C1A70DD924F126223DD56D349E1115B461
:10E9E000C330D715E8C29DA469E2BB8CEF3E165731
:10E9F00077B66831CED19610C7CED07285AABBCA81
:10EA00000B9FA87C480495953DB03BAF18B1E07BC7
:10EA10002C9767BC80B593C695B03E5F9218BE45F3
:10EA2000072E938ED383199AA7B62D94CCEB9049D9
:10EA3000F91BE391625FF6527B491A882925C3616D
:10EA4000972221E199F50CFEA6C16FD1394225A08C
:10EA5000DD5AA8B8375889550AC2C2C75EDBCF0E47
:10EA60001901BE378B184B970DC04061F18B93860F
:10EA70006509EEAD03AF17DA4439094ACCC91188EC
:10EA8000758A7455902452836BFC59A042A0104E95
:10EA9000A2193B54ACFDAD26745DFC07973EE25CC9
:10EAA0008E399B27E228C8A05E3C8259FEF7C7B08A
:10EAB000B5C09A64C33F398CAE0C56F2F50EB55B07
:10EAC000924F024E7D4BA80E928A94027D0C291D16
:10EAD000FD28710E6EAC51530235BB36ABA0616B95
:10EAE00079E9BE072DF825B53AE7870A7AC6A2C3A9
:10EAF0009E84B7A0779C3BC37DF4E4F27B121B5449
:10EB0000495C17B0A75CBCE7875C6E01C9D711C52B
:10EB1000E1A1ED138CB0CC4C25CBA98881BE974BDD
:10EB20001ECEA4DEA822D1F5FDC5890C3E3CA390E3
:10EB3000964725289F96FD8F357BA553A29854AC08
:10EB40008AE9EE21120A1BD55A39EBB358612BF131
:10EB500019A3B8801E3A0AE5C35F2C88BD3A98D045
:10EB6000026BA5EA9C65441765C6B77439FF688CCB
:10EB70003BD87F220DC8096F7045443F11A622E3A0
:10EB80005460EAF90BDE5A617CF5734385856B8C22
:10EB90001920B3A158864303C3C231753BB938333A
:10EBA00059A3754E46F844AECE2E10FD5FFB1F0FE5
:10EBB00076872F5B1016250B7357B7E5DB65772437
:10EBC0006F876062A9E950A6FD5577FA6531750B2C
:10EBD00080ACFCA21BA8661D45B487DE7A1296D5D0
:10EBE000FDA1C314A78A1FA33D89DE1BC1D81C99B0
:10EBF00009C012BEB8ACBA6679CD3D6EBD964B1158
:10EC0000DFE669099A2A0E2FE6BBB643888671E1D2
:10EC1000DAAB7BC381C607F7B01847488A906F45C7
:10EC2000E7042A9C273C8A1262656C76CEFFCD9A57
:10EC3000D97263187717C378081D090CFD101DBE23
:10EC4000D7534DD68DC341A013B924D42F84282F78
:10EC50009A2254B09E70A98A9F2FEF26F8CBC3DE6C
:10EC6000B3366E7D1695E389BE8C5636D8368BAAA0
:10EC7000670B477CF8692C2FC66B3D5855A77CFE67
:10EC80008548A15DEEB31CCC0274167FA0B300567C
:10EC90008A7D385A9F220FBA1F3BEB96C3DF1BCBEE
:10ECA0007C628DCC59D5E0A2DBEE6CBC574BCD34E9
:10ECB00058733BF757C6E1F086A2DE560B4355B2B8
:10ECC00083741450CC10279F5B8A347634CBC2AF48
:10ECD0002E35F1C400E585A07AAB2AB13449AE499E
:10ECE0004420214C13505293F2805D21E0DE87B026
:10ECF0008DBBF27E8CACD3C8C75C7C59F9E00D6645
:10ED0000EBD14CC888E392B151BCC81CF13603E288
:10ED1000EC15A48CDB3AEBF374A98CB9DD003661F9
:10ED2000DB2360C7C3E8D240279F8970B7ECC2736A
:10ED3000E855F2CA07F44FBBEE79EDF27C1971C7C2
:10ED4000F5B8B470585315D5D81C785FAB7815A0BA
:10ED500079EC411A214FB3EBF2AD468A6D2B34A901
:10ED60006998F5B1DCAB300DCE35B9A4D678FC4549
:10ED7000F05FF891E27452C340140C68A9B7F87CB4
:10ED8000AE5E1A716A86C253F10029964B0AA265DB
:10ED9000A6972A167660537311CDB45B16BE9843BE
:10EDA000C4AB1F9B7B87E505AA455CE8E8BEF3B6CC
:10EDB000FCBCC825CBCC22A15B9D73259605786A47
:10EDC00002A7AD9F2DAE9B166A32EA475492868BFE
:10EDD00064E6054D4EAD21FEC81C77E4998DF42CF8
:10EDE00095302F129EC2F85001EBB5AC37EB0CA753
:10EDF0000CB69036B8D1FD8CDECB8D5D7DADB5CA3D
:10EE0000746BFE7CB0038395414468AFDD7F487727
:10EE1000E9D667D5226237CA54F135165917BE951F
:10EE20006AE299E77716914E8303A7CEC0C1ABB9CA
:10EE300072A26754FB9CF77BA6A61AAF84334A2CB8
:10EE4000BF6A3B3114F95A04D00147506694DB88FD
:10EE5000CC3C8CB83C48AB84223AC2BC41BCA36DCC
:10EE60000DD0C63CD0C20BADCD82C87D0CE33B8D2E
:10EE7000910E0AA819323FABE8822113DC541379B2
:10EE80000AB45CD41365AB3D07265C711C2D31754B
:10EE9000DB8BB1B8DA2BAFD5C60503DD0A131869D1
:10EEA000F4018995181DAEC36DC1E68B738BD12E0D
:10EEB0001ADCF94601C9A8879CF6BC828273AEA011
:10EEC0003D75FD6473D2A85DEF176B23383BA17FBE
:10EED00081441068E664258B4B72AF32411B7FB9C9
:10EEE00064287AB02515F3AE507578D225E25DE638
:10EEF0009EA18739759DDE03E00ED5FD2D5A9843FE
:10EF0000DE32B99667FED6955D0701DF83BACE552E
:10EF10008EF3D632766EFA6629E2A1489044E57205
:10EF2000E6539107CD7C0A674B2E6A470DF55305D2
:10EF3000924DDB0DBE44CDBC014FA55321D21C75B3
:10EF4000A6F9EB9E132EE0F681C40C5FC6618383A5
:10EF5000653E62050BE357B8D3102C885278B80988
:10EF60001E7BFA321C42BA356F1FB02943FE78115E
:10EF7000C56779A16F6F534E2463BBE800EA232372
:10EF80006EB1FE20F360ACE3753F6BBA8CDE945239
:10EF9000ED08B160C8A54B632C88C2ACE68FD4C124
:10EFA000695881B9A103A8FE4626D4992968751E1F
:10EFB00053E4B2F168437A31882615A7D24668E552
:10EFC00069A1FA4A4B05DB7816D74EE85AA1790BAE
:10EFD0006212766B251156BB59DEE96BA539B87FF5
:10EFE0007DA5C5E7A745D67A4F51190C6766DC0B9E
:10EFF000F6D7D4668B05A576F99422AE572B1AABBB
:10F00000F5D576615232052FD4BB6A11FF8F711886
:10F01000297CC072E217748FA0D8B3F23522159004
:10F020002C67236FDBEAA4D29B722EAF0E6D3D4599
:10F030007E5964D8446FC2B8F7CA82ADF6AC742268
:10F040008375B2011061379E530A04B25BB0BFD31F
:10F05000B65CBA0FBE1B6C7C868FC55670C3C79852
:10F06000AA405D7D2E674151218DDE75A2198E7AF1
:10F07000D7FD4172CB31E8D9A39E30C57514EB4260
:10F080003CA6E85C3F45E85C2C246D4AB89F07C667
:10F09000785E163387D1FF0B5E8D97D3F2B898F860
:10F0A000C238BD1533F7C2CA03BCE93624F8F134BF
:10F0B000410E5B44C0CA944C0E6FD7695A11562357
:10F0C000F94CA4C0960B6EC3639504FD7C06FBCC83
:10F0D00075E5A5C9E3768C054BF32C434B94A2420E
:10F0E000351C7D4417701121B1843297C723CE5748
:10F0F000D5D2B1AECFA7F52953537275AB3219668D
:10F100003D768B3A1C3C5391054AF0C7B19606C236
:10F1100032D21A7626AF6B27397781B0951FD19AF4
:10F12000FB3F6C96337724D2266E3531B7FCEA0963
:10F13000ED543B1DBCF8D021ED104225CB150B340E
:10F14000FC24A81C5B9C554C7F187817DB9D198804
:10F1500051BC6DE0086BB23EDAA556373D9B76EDAB
:10F160005DBCFB61D7A0024A30EDA919D678F54AFB
:10F17000F65FF891FA7553AB44947E2D07FAD834B4
:10F18000411C96CA633F638B050771942B51A2659E
:10F19000E8970A7188B7D37BE111BC79476EC84BF9
:10F1A00039EA1EBB7468A9FFEEFE5CC81F14F29317
:10F1B000010ACC47CBC386A15C2EB39757294B3AA3
:10F1C00002CE2B485EA479AC94E487B843A3B6FA88
:10F1D000B43AE3075ADB38B128DE57DB8D19DA235E
:10F1E00037E7611E511E557876EB43ABAFEDC29702
:10F1F0006C76F0C27F2158CCEF43907A7C880A1657
:10F200007F61A27C46046B934145370EE566BE7074
:10F2100011D00694786FDBEBE42F3A7E3A7144927A
:10F22000E8E2928EAB3429DF2FDF5218F63897D000
:10F230007672CB29E5A0D73D9D251AAFC1074A6458
:10F2400087BF3F77704A1A7E49694481571FC95862
:10F25000DEA5B8483C99315D02EBDA0541D6979DB1
:10F260000F0C5910D3CF6D5DC95E435003E24BD6EE
:10F27000910E26A919323E8AF5861113CC116DA282
:10F28000D973556D58B9AD8427FC4C3C6C9801740A
:10F29000AB5BC5B2B96AA9BDAE0503DD0A15186935
:10F2A000882789B5F26BAC8AAE5EE67BEAB6C1937D
:10F2B0005C9DF946E9C9E181E59EF03B5BF5324092
:10F2C000795FB72C38D0B81F1FD8FA617AEE5E6725
:10F2D000F7D0E87015636D8D8AC4A33F5F8473B067
:10F2E0000BB96087354471EF3C8C5938F6A94CA5B1
:10F2F00093953E277FA63AC318F3D75B05600808AD
:10F30000989186D667CCD14D734F05F2CDF33D80F1
:10F310008B2F16A189A0F8961A8692A284F8332C16
:10F320006138B1FD1AD2E09C0F032AA800C66764B9
:10F33000DB87E99589244677BE7FB0A1584EF66DEC
:10F3400055FE3399D298ED0A4119C573E00A88C376
:10F3500009DFC3350D1A0A1F0BA43DEE5FF40174DB
:10F3600016911B79B40A8900467531D6560D6D8DFC
:10F370000C178A2CCCD693FC7C4DBB111C7F3549D5
:10F380002E7BFA85706BA040550FE5D092EC994A20
:10F390006785B85B84155F6C25D5DEC7A695C1CBA4
:10F3A000E8A7936BF024A7E6C564492FCD24B47871
:10F3B0007BE640B15B547EFB15FFADFF52279C946A
:10F3C0006EB1E22FB7E8B432D78533E4365755290A
:10F3D0005718ABE8546867AB946D416FE4CAA4C595
:10F3E000211E3B896F45D35B446FEDDB449F1C9925
:10F3F000F66DB644B07C2547700EF44F826F9DEBDE
:10F400003EA44ABF5AC59BD86D72AAA3F38A40C0D6
:10F41000E5D429C4D672F4D6A08DB89FC49F6D5A86
:10F42000BE0423BE89EB261AC67C577731283A9250
:10F430006E376BF81D83C71EE9A28AF3E0BACD913F
:10F440008629B3620D767DE4F1230743DA5F770303
:10F450007650AD4EF9165D8D572B007A1DA632F20F
:10F46000BCD679143BDFA9D34ABF561CB9E48BD371
:10F47000F7B8C03AB16AE80026B54A48D5E5D52CB8
:10F48000C498D77CE5886EA504AE6152B00F08150C
:10F49000E5CE705AEF67790577C854BFBBB9510BF9
:10F4A00090E1CD5898746885DA920A210B23D88DA3
:10F4B0007DD72B09E351FD0A5440D663B76F5740FF
:10F4C000F76AA410C2400785485204FF4DCCF7C923
:10F4D0003A83BA7FA6C3B4CC55C2D9B6724AB248F1
:10F4E0008CDADB4815596EA8C5C04B31A70FE4DD97
:10F4F000BF80B47ECC5B3176B0316C115ECC0B96A4
:10F50000AF9F2CC0482F7AD1025ABC5CBC9669DEF2
:10F51000A525E4D65AEF6B3745FDF084FE998C5A49
:10F52000FC8A9D34CBE8E6712FD747624FB1CCF20D
:10F53000B973041D1C8EF3DA4F581B2585AA14C716
:10F54000E52154E7A1A864F5D8E860EE9A8B6AA09B
:10F5500079EC791930F6A28BF6CBF785150E745439
:10F560006065DA9DE57B1207C7D59939393AE6FD22
:10F57000C539F840C9AE537B459D3D933D96F8ACE7
:10F5800043130E8A7F7AF83A7B9898024AB8A2040D
:10F59000F1450480899129801BA4BE7887E46B44DF
:10F5A0008EAA56BB1231A0A58CD87DABE751154E63
:10F5B000F0B4B342FAA50671BA958F64D3667AB3F4
:10F5C00053E8DD9F5DEB45AC5A33DCB2844FA43287
:10F5D00093501C98136AA8E62ADEEEA699EA7226D2
:10F5E000CC561EC255CE27E133EB4AAB2FEAED8D48
:10F5F0007595B7E63B2CE7EE97E9D08DC2A57B8BDE
:10F60000636FA770A8233B454DD433ABF00549C1C8
:10F610006D0A6B6CCBBA5324F6445E5F0B6DCF451D
:10F62000C7EE3F566B166E49EB02A5E4C0C1BDDACA
:10F630003272C35848D987C6F5DB1BE9D0234ADCB0
:10F640000AF27B1199F5E8F9484A4E537F709BA85E
:10F65000DC793C604C05017D561D4ADFC0CEDCB232
:10F660008D9960C03AE77B8D893D41891E1E7EBF22
:10F67000D9BDA71AFA7803563D365013CC116DA0A8
:10F6800025295C249459A2744E215C817B643D74CD
:10F69000545C3DB5A09DBE8E9F0C01F5779408FE8D
:10F6A000D4F18ABC0B78ADABD6E2EE3B04CA01982C
:10F6B0009E9DE9FB105D23CCA696ACCF8989BE3D0B
:10F6C0006882F32D45BAA8D7C6A86B0393CA19A2BE
:10F6D000F6BD592019639188B581EFEAABA0596C4A
:10F6E000B604BC4F45630A5A57AA7A0285ECF51E48
:10F6F000615BED86884BB98E3601BFBB3437994AC2
:10F70000DB44B8BCE63BD7BE7380B02C92EABE5750
:10F710008E20E2EB76B7DA4A28E4A8489584489927
:10F72000BB1C90C76997572B067AE38EF72BE82905
:10F7300086DAD8FF45984892D7DAA57309697475B7
:10F74000B6BCDB21620A1BD5703DC71ACF008DD035
:10F7500090814F340A855B2587E63C5042E18BF966
:10F760001AAB213CF1B8B9006D1F5F632A236B8C83
:10F770003BD819250F95534E8F15BBC8E8EA28458D
:10F780006207EBFCFF670B9B41946C4270521A843A
:10F79000D69E4FB6FE5D6329C3C27F77CF3F2376E7
:10F7A000C01F85F1D53D2DBF33B3042672DD1C7615
:10F7B000462D98366B0CFAF10C9380A32762A32197
:10F7C000028868383FF261DA765C02D85AC06596E2
:10F7D0002F0E2B525CFD677BBE639CD3A4A6A410A6
:10F7E0008993C314A68A2DA71649EC0B57611D995E
:10F7F00096457134BA0A2F67D0F055CCB5964D179F
:10F80000967E62689CDA072F90BE54541A58873649
:10F81000C6A1BD8695061DA4C085B8BF4B477D8592
:10F82000AD902A9C233C98106FA5A8A01523344DB9
:10F830007F7AEF07697EC279B698ABD57F8245EBB8
:10F8400029847CDE0086559C872404B2ABC6729462
:10F850007F1A2D77AE1F5CA4CEF38224850CC4964C
:10F86000A04F2E004ED4105E43735E1BA2EDABB0D2
:10F870000703602C88ACE829CC6440587507EB0C72
:10F8800044D7705CDF45E75C03A5E6814DF964A8C9
:10F890007430183CEF673B04F8555AC699DF817BFA
:10F8A000FD392C655F2CE8814A1DEBE61382D95D9A
:10F8B00088AF1BB673B0F52A169286E982EC56C95A
:10F8C000832AA4C08C0806A4CBAC040FB081FC3FF3
:10F8D0003E78A539B0B584EC03A92A687864A58977
:10F8E000151920E467C75A5220E35C51D764F784A6
:10F8F00089D3F85C841CE172A7547110D5A30497D6
:10F900004F954CE12833F7465444C81D9930FE15F5
:10F9100089DBB4312DC6E3958B5E83E2F9201C6E42
:10F9200006E545B8C351F644DBB813EFA7B1CCF2F6
:10F93000ED45057DBC30F29AE91F1B25D96C1F8D62
:10F94000F5445981D0A915D5E8AD7B9F7AEF8A811E
:10F950006A5C6768ECC2BFB7D0CE9ABF016D56E74C
:10F960002115D9D250D230B4D46FAB994445F14867
:10F97000DB3F73E9EACDD00B4EEE1E570F3EFC7F06
:10F9800024A857BF728CF4F3707BD2205A6A2316D6
:10F99000C1D00A5076672D8CED1BBD5947E5E8F4C0
:10F9A00028246EFC0BC2ACB9B2BE48AEF9E7B2AACD
:10F9B00027BBCE25EDC32EC7A19A45263B6B7A62A5
:10F9C00067F5DD5F054584586B3727A55BF47D8CB3
:10F9D00008E371EC95938DBCD02F0759768D67D5D0
:10F9E000CB56287AD525E98977E39887F68EE41EE9
:10F9F0003C8C93567F05C176D5ECD15975C505ADC4
:10FA00003B3965EEB2633FF10A140196A058B13557
:10FA10009C98916BF3BD35A21CBFFCED05AFB0FE09
:10FA2000C705531CD1C1134147E1C0F3CAEE714A67
:10FA300076CAC3B72993F4E3A62A1437571F4ABCE2
:10FA400066B83DA99CF596FA40F1B7ED2686D7CE6B
:10FA5000C9CFB6DE7DA4C8CF295D68B9BA0D03B29F
:10FA6000A8624B19F8F87B6DAD6985330E8F7F1650
:10FA7000A1B859A46E765BB718368D71343263E540
:10FA8000CD215B627EDFE46A92B4079FB6631B748C
:10FA9000AE5B29B09191AB04DBDF236B611F4A2E73
:10FAA000F7018C6587509CCC5B11DA813C31C563D2
:10FAB000676401FB613BAACEAD9CAD1A5487371D2C
:10FAC0007974EC0402DDA8279F506A637C88A5172F
:10FAD0000E06F8B3E5DD0706B6817DEF5E776F2D84
:10FAE0001AC97A95E528F58D2AE07D6A89EC2E18E9
:10FAF0009AE57F0A8B4B3B89DC4BFB403A0A89F73E
:10FB0000DC78B8BC36BED7BE9CC2049B613CAD8CD1
:10FB10008D99DE6775B74C4E28ECB225C79EB74E5F
:10FB2000F4D190C76ED5CB9942148289B7FBBB9EA6
:10FB3000974ED30F7A733F986AC6B2395871252A07
:10FB4000B0D9EE24435DF1C281DC3FA483BBB0BBDE
:10FB500039B9960B0BEB29D5B655FDDC432DB169B0
:10FB6000CFFFD3828867A7D9E6255363AC24604CC6
:10FB7000FD6F28AC1761736C7C5433D0E3A8C9F9CE
:10FB80000B341E2E3DD55A6E0FED68427D18947BC6
:10FB90001AF7B061119D43036805C3AD3F38D8C95A
:10FBA0008A129842F64C20AFCA649B290C0264CB9F
:10FBB000259660AB8B38FA990C939DAD2D629C26EF
:10FBC00073C9A9C0F58478FCD74C4710543AB7588C
:10FBD00083AC7CA22D6877E64FDE581B7A95A41D76
:10FBE000EF37CB14593E022C12891ADBF1DECDCE51
:10FBF000F27EC064AF7DAD5F033A95B4AA868BE90F
:10FC0000AD3C73606E25F1F89D73AA83E31275898C
:10FC1000D6AB2CC1956F35A54CCF8A473A486D18A5
:10FC2000EE1F2A9C18FB26CA7F30521F3D28E19701
:10FC30007DC3E38B91C1E7A0F6CABB49ADCA04BF3F
:10FC40001743B201608E73D404FCC1685FC176F3C0
:10FC5000561458FAE3C85D55FB022310F881BF24FF
:10FC6000A7244F1B31DF185EE577487BA316A897C2
:10FC700056F8E82803E636D122456C3E15638A75AE
:10FC8000ED59C86D068861C500546FA2D07F03B6D8
:10FC90002460B8C8CFBFF82F670C5FDEF54931721A
:10FCA000FD3949126DF2E8AB594CEE264223DA8D4C
:10FCB000A5D03B3DA310FCFA1DEAB7EAF3E7574194
:10FCC000579B82CECDD803540B6304DEB489EA750A
:10FCD000CE4451CEAB707F5B90742B610B09A401B5
:10FCE00057602144C0AF5BFAC115D561926B04FA2D
:10FCF000F80834ECB810B149B6C92E8935E0197648
:10FD0000C7A348690A85884D119BA07A4A81341897
:10FD1000E463E4BCEB010091290E0778E0801C6EDF
:10FD20009B22EC38DA030F79246D26526E7FCE8D3C
:10FD300077064442FC0EF10FAB791A46A3A3D4BC5C
:10FD40009CD290DAA6CF1D96B15EB064A48370C633
:10FD5000487696176BB6B39683E5ADC06AD36EEC62
:10FD60006CBED2D7C163E900ABD4A839A6BC90451C
:10FD70000104B866FC5B47C345463593338E03AB3D
:10FD8000E7133BB24B890184B60CD4C0226C8AD3F2
:10FD9000099A06AA7D609770E91BCFA646BE90031C
:10FDA00059EA3EC27755E8FEB2E255A1A6B9FC87F2
:10FDB000E9A13F94077C02C84F4FA3E8FF6F884C2E
:10FDC000C21711587E6441CA9F3C23653B9D865BE8
:10FDD000452A15D041942CB225B1579D761AA364BB
:10FDE000C50A6FFB5A0EFD38803C77A5F95FAEEE71
:10FDF0005CEFD1C77337E1E497D0DF4D6F6CF8C18A
:10FE0000DEDB5CAB8D0C38493DB0318F146948A7FF
:10FE1000A81A6BBC546D371AF5B83A17F1C0659C37
:10FE2000C457DBDCD0C1BD412BDFB4529AF894B982
:10FE3000B262C388FB94F333966FD756E24A425DB1
:10FE40006CFD25CE67224AB91A7B47709603DBA862
:10FE5000CC3CB0D0CF4FBE841552C28A4986486E82
:10FE60000C095F10C4AA1BBC870D5AC144DC7BDEA1
:10FE7000932EA25219CC77DCB3CD0111A0D09B40B8
:10FE8000C66338DD9C6EE58FA5F1A67F6AF121E996
:10FE9000A2E2917963A8B5B454520305673F08D52F
:10FEA000CC6241E20CE1B8A86FD06E63E7808F6A44
:10FEB000B679F9464246AAEE5AF9BC52DCAFCE5AA0
:10FEC0006882F92C816D2FDE9C19635197CA79A144
:10FED000FCD169F5B5AE4F528A46AF374FE27BD8B9
:10FEE000BA04034C2651BDDDC1A2B2DC7B3B4D5EA2
:10FEF000CD96B75A978CFF513609B8F3C8DDF2B3E7
:10FF0000890BB0E80D796B60893F01F292B23880BD
:10FF1000632CD73399FDF8B67AF6A2B87494B74E2D
:10FF2000C0CE90C786D5D59DF1C5F60C0B956AA3BA
:10FF30006D907C21BB4FDCD27707A5539D5F747514
:10FF4000B6BCDB2FE1DDA3DB428984233CB73A0F4B
:10FF500018A357CA58F92B2547262C885278846154
:10FF6000ED7CE732970C7B52664FAAD263E47AD0DD
:10FF7000C405700B575F476C605433D0E3A8C9FBCE
:10FF800095B69427F509B624775CA1107D42947B41
:10FF9000BDE2B06155974303FC05C3ADDF3859316D
:10FFA00031AFC6F1E643AEA726D53DE10EB214450A
:10FFB000A9D374CDF74E85B1632632A3C9D3829BF2
:10FFC00023B41B4513C739B8F719C2F258E57405B5
:10FFD0007C8B11152E66718B70744167ABC392BC1C
:10FFE0005A55CBE47EFAB5DC612F348CE4BC1E207C
:10FFF00005C078BEB8ACB3C1264B1D6C6B278871A9
:020000040801F1
:100000000DF1D7B885EADE9662380A95F33107BE5E
:1000100024CACC14B7F65798B51F0ED7446F0BA758
:10002000CB2F14FFD9E2103A49CC9166FE99C19AC0
:10003000A2726A606C17CB1BF773E383DED22DD9F3
:10004000D4EB41D693C3A16B90F124EEDA5B5A0254
:10005000562B54FACFCA58CD366F1A18005F355751
:10006000ADD6BD732D4592EFD9F870B1C5B39F8859
:100070007527B3C393E90ECEF14B46AA54CFAB0C10
:10008000C4D9A15C8E87F76AD4024EA0994803CEEA
:10009000978B648238701D9C66335ED4E2DA888C5C
:1000A000E93ABF7CABFBBA7B977BC9BF0202D06742
:1000B0001D6719ACAC03DD8704892F9C60959D8773
:1000C000EB5BA41079DF07A51FDA04DFA5CCFEC720
:1000D000DD3224C1B3C40CD9B87CF8BC7A94B4BC6A
:1000E00057602144D7B05BFAA115599954D484F5CF
:1000F00089BB392977AB55C8B6C16CE40EDB0D66F8
:100100000BB14DE078C00A9512F2D071F81E03CB06
:10011000C2F5A4AE38BF61838378F70E7CB32FC8D5
:10012000E85A9EB19B88D62A289F2558FB84CCDEAE
:10013000E5A50D45344AF709631B1ED58BFB55CF4A
:10014000D9CE5941E0EE398FF090D855B91512C883
:10015000FD5E68392067B1EE097AA6CA2C0E041933
:100160004DDAFB61CBA3EB10E203A939BA9DF90B81
:100170009245F841218C53AB6C6E1CD51D03FC14C9
:100180004D1C37CFE37DF583F408D04A5B97A295E9
:10019000A2570A7099223CC51890BC73574EF8823A
:1001A00063288CB3E977E3889AC1D46EC783DF876D
:1001B00064113E94077AF276F494682EF6D46B06B6
:1001C00001A4FD8DFE211AE23013F0326335853231
:1001D000A53825C1B939D30991039B037D17E245A1
:1001E000DDA52BAAA7C91AE670823D2E0BE0A47BE1
:1001F0007DB6807B2817E68D17F9D05D85E81D7ADE
:100200006D6C8720B0DB2FB9684B71BAC83A4F8E3E
:10021000632B9B808AB5E8C5DD4E162B16159778A3
:100220004F046159B8C961A2D808711029B56F6E21
:1002300055AFC288139CFF3605ADB2D1E60A752DC5
:100240006716C9C6AEFD6247E1376E167611D7B99B
:1002500054915A6F4747E79AF6344ADF10C0876DCA
:100260001D954E882214CC72CE3BC8F3F55C730BFF
:1002700090DEB2EE5AB53F8B5CB42113DC541710FC
:10028000C763F5DB6BD0A507A5F1A67D6AF121E96F
:10029000F891B16849E7AFD48E9007659718932B12
:1002A000DF6841E7F35F40765EC1F6C6474DC1B3F4
:1002B000BEAEF96601C9AE865C21318DDEC6B66D73
:1002C00083C0239873BAB89ACC6A6B03AC0DA17F34
:1002D0008D44796CFADD523F021EAF3F50877CB8E7
:1002E0004D224A95213ABFCD301328576C53148BB9
:1002F0009E8EA54A7DE80D86A7433B0928CA8D023C
:100300007DB5D163F6A6D94E9E3E4C5B92E7C6A75B
:1003100087A85E518C9370F42C1CE286D4A49B3485
:100320003501D0E7BA3AF95DA270A12D0294269466
:1003300093BEDAF3B9BF379825C0A4532DD2541316
:10034000A6F9C79FEBCDE4226DEFCC73BB10A3F9E8
:100350004AB94757D3C12B25AF1C2CA852788C61C2
:10036000EC7CE7341CF7BB106BC7A1B4536368ACDB
:10037000971579FB0F9D42077A19BAE2008F4F3229
:10038000243E78D16629ECEE542CA1E4A587B84A26
:1003900066C042B69A59B7D483CD387A5E71CC3CE8
:1003A0007FAFA18B267AF3D66D9322A645A5773F22
:1003B000628E50BAC310084ED5D860022ABA97FD93
:1003C00073356F3A4D05767FD52C4AB5A1852DD76B
:1003D0007E7B3AE77F72677B85A47809BB5FA07D4F
:1003E0001E103ACA5B349B2AEB9EA707F1BE0C0491
:1003F000A50DD4665F7C2567807825075A298195ED
:10040000F24068749773F0F24B936ABF0150923FC9
:10041000041A880A9C596FDFA239A8FC331F7BE3BA
:100420009D07268D50D3D41DFE7B6650CED01A3842
:10043000857D4D046C16B3E537F65903320E03D6AD
:10044000D135F2109A474795E50A14D1530762F067
:100450007F4F24174CC12783E887EAB1F459C3FEC4
:10046000F73C6E7D5E22F2E5A0F153318E3B2EDC2F
:1004700078F6B2C348EFE90120B542505187ECE469
:10048000D461ED1F6A86630C22A46BC11578071F27
:10049000445E344B678FF90B5E8BA1011460A50C91
:1004A000C6E04612B5F7E9A32A21E9C61733D85D9D
:1004B0004B145B94D384E4460631F72D7106455006
:1004C000B23856C7650E66EDFEA04DE13C79ABD75C
:1004D0003A88ED7A9CCB449871AAD8B6724A962095
:1004E0004C1949021DA1A92DB25E5AF386650BFA7B
:1004F000F9089018AC7E850C3FF98EAE7A1F2D005E
:100500004BB94DBC085D0F60FB4D78C5B986A51C85
:100510003BD22275D178DF2C71AFF74BD42E3C083B
:1005200027706C4E775FD62236FA305945FB9F0C08
:10053000EB3CCC4A9C2AFEEB6341E9F2CC1BEE3843
:100540006A6F5981B05315D58B227837EFFD18A00B
:1005500069A969A8D2BC8DC0F1C49E46D6D9E45F12
:100560006CBCEB2C8F6112D70E1CA939D678FC4BD2
:100570003388C99FFAC75BFBBF939E2E0C96E8E1B8
:10058000EDD11E1783FFF553E145D522B9DD816B0F
:10059000F22482207260597713CCADE414A49893AE
:1005A000E9671E9B6BC2ADB7480F4916E4E8BBC3B1
:1005B00017FEAA98CDA5163C085793F957197B9BAF
:1005C000785BDF17D4A949126B3B679549FB825BC7
:1005D000F9987CB63389D8096F01767CD910E9B5D2
:1005E000CC887DCA5DEEEC8122E3B08CF18FBFAE8A
:1005F0007E46915E2F05E57CBE8FB83B89AAEFCB86
:100600007ABA587497232D214D2971BFE03CB7A2C7
:100610005C026C4D79DA2712E1DE3E7FF1C0429F29
:10062000C78A923B267E51C02AD7AC3FC85A84A1C4
:10063000E27AC77AEB01048C8A621A3BE0964BB4EB
:1006400068223FE10E4459F42EBDB9A779CB227F31
:100650004574566FF9407EC052344ADF80CA876DB8
:100660001D95598CB06B7BA5DCA352C96FD37B8AD7
:1006700090D7AF8308A7297BBDA423C33F1EEDAF4E
:100680009C6CA2D3C561AC547E765EA10B5121E96E
:10069000AA83B298A8F7AC0451DDF3CA65CE09F479
:1006A00028D69D6DE34FACAB5EC1158C498827748D
:1006B000FC9CF966E553AAEEA663BA53F5AFBDED0F
:1006C0000FCEF62D72BAA057D7D0616A244D816E35
:1006D000B5837000E604455141549B365C778667CC
:1006E000CC0E7B942538065A41AA8DD59BE0555EE9
:1006F0003CAEB75A2793FF514395BFBB2B9F6FBDAD
:10070000CABDB7D4F7F2D6B78EA680AA92E3DDA70A
:100710007027C8EB8209FB9661BCA9D09585B61EEF
:1007200030C3D267D7102422C1C9A0D42FFCA12680
:10073000D99E2F281F91DCD2231D5684309564E862
:100740005226DF474205E402E3C2CC733FF590B97D
:1007500058FB445E19121A4987300DD070EA2D37C4
:10076000158BDD3B91B9BDEB6A1894D407D5955B29
:100770000DD478F31CF8ACB9039A95B8E8E2077B7E
:100780006D69E80BB4358EE98CA84C2A05DF9453CB
:10079000E608B1694B77410BCAE4C6AD0FFDD6A19F
:1007A00019657904F72588AE5113096C0E025406B9
:1007B000112C983651407AC31D0E88342362352699
:1007C00062A86BA3D8728E779D9A6CB0A2CF88DC9A
:1007D000E6A02A722D9800DBBD2918A1ABC25FE408
:1007E000E8C7E344A0C02CAC2B96C38B08233AC9BE
:1007F00090B7923697040577B6BF3C6F4241781E9A
:1008000011F85D309D42F1485760A181C78672E1C1
:10081000DCAB21C76E9B7DD6E017B89F996A7D85BA
:100820007D152A9CBDE226EA913050773A285491F2
:100830007FAA9E0FF4CCDA17CF90AADCD72030BB6A
:10084000D756B30110AB05BFC929A4B3DAE65E944D
:100850008CA53AF5AD7E4F33D6F103C61A30E29837
:10086000A5906FC810B71A5EE77257A0A3A1B3D0C6
:10087000769650E4F4B3F81DC3D7505B6B7713F34F
:1008800021BC12AB6A0861CC0274927AB0FE3EAE13
:100890009AC1005E3B700D5EEA925FF633A951DBB0
:1008A00002E7BDE56968E98B09D9A894004BD87DBA
:1008B000D1869D01A331FD0A76A5C427134B771A73
:1008C000A244A9E0CDD81655E9C2122FB459DAFDD9
:1008D0002FE4AD7F4D7AC757437B32B95EC4D4BC99
:1008E0002128204517A0A62D8B5BA836A503D77F0E
:1008F0008BD3B17E71ABA2CE59067F797D930C6705
:10090000C3C7B037248EED56218DC81C87C303C6DC
:10091000C4B1EDAF14AD70F673AF866202F60CD0C1
:10092000E25A770FC30AD72A299F3539A0DCCFDADC
:10093000F2A51375D14EE11FE07A0327C8C42BEF4F
:100940000C63225C5A19512DE6A56A5FD68B0B45C4
:10095000723F75C2236A8C1E0B7A38CADFC97AECE3
:1009600000DAE854D7780AD5CD0D97393F3A9CFE86
:100970002998F22994C8404E4F4704F70E97C67C39
:10098000471C44CABD28F573D5C7D14AB4D5A29532
:1009900077080B58DFF22C84A489BC51A1FB99BBCA
:1009A000DEE2980B7E31BFB9BADC5E7CE435F7221B
:1009B000E99DCD43CC157FA2324F33F896BD7B9B8A
:1009C000FE1903400F1140C776CA226B6662A7DA90
:1009D000B3B2126A32D1E10438DF754EAA198B45E1
:1009E000CC872F76ACC9DFE4682BA9FDF2BFEB1CE6
:1009F0007F66223C6B0EE407F4E8B95D7CCA0BA26B
:100A000082D583A1BD13384442DD262EE2EE4B771A
:100A1000FFD07BBF7AE8141B8C2D3FC802A34792FE
:100A2000D2E36A59FEC9980EDA42AECECE5A666E4D
:100A30002DA9C8EEE967F8DA6730195F6CF95A0F2B
:100A400095A018100F225B9349D5BEA7A9CF336F8D
:100A50002376A8981C98215834434AFF60DAA709E6
:100A6000281079AF9EC37B8DED5260CF41E53ED615
:100A700091FEA25329AF1F8E8FE00F16FCCF223CB0
:100A800035945C24182C2BC4734F5E2C27BB3A3E44
:100A900061C23822B512AA659E01020B4CA208FC65
:100AA000F8F1F2B6618A0CAB5FC1E6ED15E338648C
:100AB0003961E96513D689EFC7F6BDE7DD1B47EA63
:100AC000BDCB0493F765CD04CC72CB026C1DA1C9DC
:100AD000FC6580BFB36B533A6130ED7F0C7653B049
:100AE000BC04AA49DCEF81523CE5089F1F380EC1C7
:100AF0003E8DB75A772AFEE5DF4BFD442B099BE07C
:100B0000A363EBBCF71BD70A7580A02F6B3CAE88A4
:100B1000AEF2D8328BE80A410237D9BBFD86174FB7
:100B200034C1907197F4282229CDB3D60A7681F783
:100B3000FF47DB4ABAFB3598ADC15C841490A7B27D
:100B4000DE5CDE6FEDD5E42265F7CC73D7F5BBBD77
:100B500059EB660F19EB3DD588CA2F805F1D8F01B9
:100B6000055BCEE38595AAC868EEA6BD4C0E975BE3
:100B700067D179FBECDF03B660D8A8E0018F3A2B90
:100B80006191F7F10CF8A7B983E2919B9518945BFA
:100B9000192F44B8B65005D92C88C3ADDC7AE0795A
:100BA0006958829009D6A8FEC9649D2E0D0254068C
:100BB0006611608B6F3FFA99E4932BAD9FED93F430
:100BC0004351CD3FBFD458F8FA2325A87A467E2B4F
:100BD0007CABFCA32B4D7ED0D8368B3159EAC44D6B
:100BE000EDCFCBE55E5DD3ABB994EDDB0D69E643AC
:100BF000F6172EB148B443370E3A61B76411A59C7D
:100C0000FF265B3062B70F2FFCBBADE5F388881180
:100C1000DBAB85C2B65E3CCA303899CF7B71FAC473
:100C20009D5D28948618009AC6ECBE3E4F9D33B455
:100C300074906B182F2CF172A638A3ECBEF86CFFE1
:100C4000FE09356D1012474C950B05BBDEA3F399D9
:100C5000747B88DDBD1F62ACE932801F8834C20717
:100C6000E70E063D46FF73EB365D78465B89F4E39D
:100C7000FFFC44E7FB301ADE199F28185FB7964D3A
:100C80004C03EA858FF8098C066414CB384C018438
:100C90004A0CC0C787FFABBE19AC71860B24C1B923
:100CA000FFCBFDED306CEB63FADEE8146D7320C012
:100CB0007046C3F6B3E8D37AFEADB8229B2C55B389
:100CC000E364CC50CE109FC7EA382A8F4DC492E718
:100CD000BE87A4E09EFD7C1141AB023183090C600C
:100CE000057A0114E977BD22491D659759D459F059
:100CF00087C2A87F7EAB6DCCAEC0341A3581F3B10C
:100D0000F4794EE020050B91FA4D74C241CB0CC230
:100D1000ACA4A0AC02FF936A8E785D0ED060390C53
:100D2000FB3A37963D87F2FB0E3A3639A0DCCDD33D
:100D3000C51CF0CA59F33AFA1FAEB1F93512B333F4
:100D4000F5BC63718887E62257E77951B3CD24500B
:100D5000783C45932169B01E0D7A74C916CE33EDE7
:100D600045F5B3D29A12E0000DD58178C6EC0AF4AD
:100D7000628030410D79DF77BA9394290D9EF58C0E
:100D8000F5CA365EAACF7D31FE29229D04D58AF4AC
:100D9000F02B0A7288B7D27B1112A1B947BC89F532
:100DA0003911E14C868A878AAF185CCAF6E7E3F00E
:100DB00013FE3A9EE2F00861128D8E39970B6AFDA0
:100DC00017A82248C0A36F9F6EF30D366B90845B0B
:100DD0009873EA07D4DC0D8ED0411F6D8910E0B501
:100DE0008D0E4763AD83ED3B628DA51A0FE0347B1A
:100DF00052F7BEB3575D1E10D18FD71F6A151D7FE6
:100E00005159A32195C239F84D6430A5FB9649ABE1
:100E100045FA2B9E3848321BAC0A361C02AE4C9267
:100E200023E79EE30B03BDCF5D9FA4773B3547606F
:100E30005B14D49119D62E8251EA1B8F89714D64AF
:100E4000912B3A419EBF5A9DBBB688A9BFD4DAA860
:100E50002B7E3C60C405017D52344ADF64CD876D32
:100E60000D0D7BC15020B28CCD0759820EFA5EF475
:100E7000D186DF528919A7AB3C990D376C671258A0
:100E8000ACB25F24982C2AC40B221BC999267FA8D8
:100E9000EDE500555B20060DAE5C06BD65CF38A5BF
:100EA0006C59A9BD0778ECC316FFEF03145ECB4362
:100EB0006FD8F3772F36AC5FAFFEBBA25C8FAE5B13
:100EC0003F6FFD41507AA90798E09B9E3C55A7C60D
:100ED0000F06F2B1E6B4B8954E54AEBE67117E600F
:100EE000DC08CAA8D7EF82543BCCF06070CA6D9A78
:100EF000DEB0870B2290F8A08C9887FD3DB36BBDC8
:100F0000FBBBB97C5CA2D04E9C406DCFBA837F0FF7
:100F100085E8964F2102276E7CE0954924DC366EE9
:100F200017A9D7BF9645F8350F10A25C309AA326B3
:100F3000FB9CD8774898F7963F74EC6D5417F517DB
:100F4000BEDB9F7D922AE5BB8080CDC2775D5006D7
:100F50005B7A46EE838121D4B76F6CB472BCDD0539
:100F6000145A74EFA403BD799CC89F6D473EC2809C
:100F7000CEFF783BB504549E6052D6D41C179E7B9E
:100F80006579AA855C6B6941213968B285850F9CBA
:100F90005EC542B6615E432A8D28317A0974D9193B
:100FA0004994809965E2A8DE8F91F1F1D1147456CD
:100FB00082F861833BBD720926687CF92C629C240F
:100FC00067C67F53BC5A83770C9D2B86920C3623C1
:100FD000245BE12C2C68AFD9CD164B6483AC8E48D2
:100FE000EC8EC21ED9CFD18B1243E52BE87E579BE6
:100FF000243744048B9F4D01314FBCCC5281A192C8
:10100000FF2C42909D9AF6401D41EAA9F43774E006
:1010100022C4843C9E657A46B118BBFC532EBED3D5
:10102000D463E2C2DAEA2EA906C39E21CD775B051E
:10103000847DB703699EAA300D1D730F9EF110AF1A
:10104000DB51DB6711CBB76657B96ED4D8DA81258F
:10105000DBAA0DBFBF1448353F25EFA8133ADEEADF
:10106000877A6F752A47F44968C997B422B65C4DF0
:1010700087A2B2C348E9C9A4AA274BA95E1FFE26CE
:10108000C7E8896C3D0703140ACC7AA0B3A74D6664
:10109000968B64821C608306FD82AD0BF6B9594BBA
:1010A0008DA5BDE50836E8A37EABE9E6942CD85DB6
:1010B000689B55F2A319F7DA460E53D9134B6626EF
:1010C000832A57C7E80C07ADE83A24B9C5C405AB75
:1010D000DA22A515B75DE0B2E739475DD6065B2C8D
:1010E000E983232C673DA4FE46475DD158DCF70D0C
:1010F000FA47BF18CC405487B7C54D1F75A7FEB13E
:10110000CC7D4DE809A522F77507A52054C467FEDC
:1011100060975BA0DB566A9F003287F607FE3C288B
:10112000EBA7670AA20FD42B219615576574CCDA6A
:10113000E9A554214DFF2E250A290BB8CBCF171F47
:10114000A78ABAD1B0535CCB396868AA67FB18A0EC
:1011500069A967AC4134B017F5547471FF56748CAB
:10116000694C6B8D2DACD6082F5CB9A4C4E7FAD0BE
:1011700053611A11E933DA95A5140C68D180F87C13
:10118000AE5E147B42B6F75AF623F32C1953A2BD78
:10119000F5BD5A4C78608173739DADE447B49A6392
:1011A0007B497CCA6BCAE0E1DB894C553B97F396DF
:1011B0009CBCC62BC8A1C6FC522092F19EF9799323
:1011C000013F204826A0BC1D36ECDEB23C4CEAF9BB
:1011D000C1A7E307C8D94D7C584177E44908E245E7
:1011E0009D3F2FC2458BE45173B3B474F1C7ECA695
:1011F0006C2B978E3B51E485D319D15D8FAA6BCCB4
:101200007A02B7E1B3BA3C49057EC868206848A7AE
:101210009C1A6BBC286D371A15B83E790214A98543
:10122000CA5236F30B1B9B6EEEA3A4C3CE126BB552
:1012300077826FEAE8F1085C0AD8A6EDE3D28E70F7
:101240005B5E3AD10A4296503F5DF157E03C809494
:101250004FCB4D4BCC05017D94194ADFB84F9F0011
:10126000146E62B991E27297DB3A4C992FED4B9C68
:10127000600919AC0EC90FED9CB4214AEC9072457F
:1012800045FCADD3DA669D0E3E7434FC8BA3992BDE
:101290000BD9593509A4078ABE560F641DF7049D62
:1012A0005463884708880CF9F79C86083CFAE0D517
:1012B0001E9FF677054CA6ECAF26148B2532BE1D7B
:1012C0008C18FD4486AAA807CF7F6B03EC09FAA00F
:1012D0007D485348F6214E0A6A5FA6C47F6EB62247
:1012E0004DDA7B6C2438E5107355313EB3A95A03AF
:1012F0008E957EC87395FEA8279CAF06722C9044ED
:10130000CF5AF8E4E5A6D6478D57106E13CB8E6FF3
:101310008D99D231C858FBFED83BBA679484A7D3C5
:10132000BCB091EF0062D1F5077B2B95A2FCEAA23D
:10133000922FDCFD381FC94DE64DA553551B0412F5
:101340008A26DF474205E4024089C423B707A2F199
:10135000C5B547571B762F437AE1D65146850C49D0
:10136000B4AA9FBF9F0DBEC1EF4FA6B582AE781144
:10137000E80079FB4F07536E60D0B9CF15133D0CD1
:10138000CC218BB9752FA44CB4A79095C05E945B0B
:101390000EB8A0FCC1A543032C803F7A3A74DDA1AE
:1013A00085127140F4255429F16AF1F9F7F2745667
:1013B0008A5B6271BDFFE4471E067A12CF6B612A19
:1013C000647E6C53BED2F8841666BE375F88740B99
:1013D00083ACD8A335689BACEA6D7801513AA61569
:1013E0001010CBCE585D2FACD390EDDB0C69C6400E
:1013F000E68AD4466FF9A0F7F4EC5806B396341792
:101400009A48033AAB70F6DA52001ABF0250923F84
:10141000211A92729706B583C026B9F92859B8B92E
:10142000B2152E2DDB5B6F0A109B324997967B73AA
:1014300076F26BD07DE6C270D13AA86C0F07CF610F
:10144000D6359267987C57DA9F722DEBDB717E91CF
:10145000D61081DCBC15719D0ECEF2A1BC88C1985E
:10146000EAA7061B2C679B5468F67F4FA33683E9D7
:10147000D7FC41E5FA32E8C92346206494E580426E
:10148000FC0711AB4A0D780C061C9F7514F0A15691
:1014900026245003C6EE0BFE0F36FFB4F24853D895
:1014A000FDF8BCC63810293162DA103132FEDD9DFC
:1014B000190D3BA86283C54CFFE7BD961341E4B10B
:1014C000D316954ACAF208C6D9A284E3448E79712C
:1014D0002A83F2D9C0F5B5D443892202DBF6EDD8D0
:1014E0002813687A1FF85BF2A1705CF981F3F49518
:1014F0007B05C0A08D1AB1733FA67E1F3598243F8F
:10150000CB834583A83727600799E4DC716AF2151D
:10151000A6DBA6CA0A2E0391727F990B907815510B
:10152000FB1065056332D7D3246C37F1B62FACEED0
:101530002CC76E7B844E0B2DC0A402E5CF7DE43812
:10154000BF6AF9A1E2B67DACF1617815B38EB8C27D
:1015500078CD6FC320ABB31D9291978515688D53DD
:101560007A61FE71DD7872EB0F9E915F3F3AE8FE83
:10157000A563FE81999292394447147735F001AB07
:10158000B916612B60E050A00B0717904E9A5228B5
:10159000616F0A70D8AD2DAC3788BD59679E98B37E
:1015A000D7E223F5CB1F29FF3AE199801056514825
:1015B000EC99A462E59D06191C7793FD90C943FD43
:1015C000041E83452D76413B060D02720FAE361385
:1015D000311A95E9F14981BCD92E58A2A770630D43
:1015E000441027FA5354D95F7353B4CCFEF7ED1E61
:1015F0005DAE91567AB5E55D9433D1557B8C6F28FD
:10160000043C5EEE90B538F3B4FA3771E06AA65642
:10161000580B49D489B584C7C4451E13C24FBD4D6C
:10162000D7CE7A1C1B709124D30852126997F98582
:1016300072CDE29F9F3D008C7A660DE111674B0CE5
:10164000276E18D166236A4249DBBEA7B3CE7A91D2
:1016500054F9447F04FEF98AD5E74AD7502B772105
:10166000AD624719E8A5787DC68841A9087A9244F9
:10167000ABB88215F078EF56D198452FEDD616B855
:1016800035B64D6248DF548399FB389D68FDD0879D
:10169000515CF3B2576AAFF4661C030DF5ED08F424
:1016A0008C0E89B5F01D5B7D7A1FE13D363F40FB16
:1016B00025A6F71A253A9788A5369D4FF5C9BDEDA1
:1016C000A7CEFC4C774BCC399F7242654C7B58A817
:1016D000280C796417454E5073309F51A6A0B16D08
:1016E00049D240F32D5E0C5AADA845645B2E29FF0C
:1016F000695B758771FAE6910EFA474CBED699621E
:1017000081930CDEFA5CFFD88F87BA2A93E3CBA6CD
:101710008EF2FF55A90601419831C684B591B28E6B
:1017200034C381A1B6262822ABCFC7E901F0410519
:101730006C90282642D2CC6FDC04A553A5DA501851
:10174000A62BDE413065C417C1E4EE1AC440A001E7
:101750000E7F4A4E03C8261595033BB25ED2A90DF3
:10176000278BD0BB2024A200644FB7740DAED4CD1C
:10177000D0CF33AB0DC8DD3ECC04B4289A2F22E382
:10178000A03156B8FEC96CE97CF5671339C4919B4A
:10179000E4A9B3A10FD6FF423CD589FC27F5DCA90B
:1017A0007634C9C1F52DA40FBEEBF1F904F3BC0EDC
:1017B0007684665A4371FA911FF7C49CDEBD970C7C
:1017C0004F0193CFB9D372C827929B3C76F38D9685
:1017D0007F4F2A12494A677B35217C6FAB1AB8CEFE
:1017E000CDA1A35C494C920720502049F6B602686F
:1017F000F611F5008D7D6313F88BCCB94E9CED8905
:101800009A273B039643F8F54F93E3FEFBBF7131F4
:1018100052A0C777B64F7D2627C098D63B987B5CF1
:101820005C4C0AD6D83BB2106FA556A7332342D0E2
:1018300037F02BE286D1C35899BEAAFCC2C904BFB7
:1018400027C63D91157D5BDAD4410F3E881867B9F4
:10185000A6383E66B5F253EFD2F01C1F3C47C57662
:1018600056F11AA12EB3E03D041B53A2A213AA897C
:10187000669C6015F831E8BE23F1B98FD4AF4204FD
:10188000CFE8E204DA51624400740879A4430C758D
:1018900067D6395BFBB70A6907E1A7012464A80C86
:1018A0006AE08CC6792EC8A25ABCE9514297218AB7
:1018B0007FD6EBB4A598F7520EB1D4C3119E1B9BF3
:1018C000AF4FA79ACCD125A5EA7F046B4D8E447209
:1018D000D732DBC1BF3D74113BDE2B495EC7A4018B
:1018E000FBA521642735D26AB4E64998ED4EFF6026
:1018F000039FB6CC84CD97A5B7C57FCD597508D2C7
:10190000CAA14D5039561B939A9BC9A8C656FA15C1
:10191000F3DD4C8B6A806D7E7AD78E57FBA93ED85B
:10192000E0E9650EC2E0DA2125E5B030B798D8D2FB
:10193000158288C045FFBE22E2E92BB8B3B014C7B8
:10194000D0E758A15F1115D5C8ADFEA7BBE91B14A0
:101950007D8868742F0243C939765D712F687A05D6
:101960006E34F96125A113D7CEBC8F3AD2EF78221D
:10197000C0EBD241007957734E2C1D451D95FBF6E7
:1019800094CA1EA377EF0D84900D289D6AD2A425DA
:10199000E1D00A5029112C8C37DC8E3D69BBA8861A
:1019A0004D571EBB8488A9FFCA4D5CC81456554DBF
:1019B000E445EC0A3372CE7E5C20FAA0BF50844C22
:1019C000381135C5D2A9CF158A7A032F6B424682CA
:1019D000C1A715F00D1821DEE8FE77C4B98D67D5D3
:1019E000C8562FC657AAEE8D775FB47CF087DCA56A
:1019F00058B4E8E77AB9CE8D2F3E1282571B039771
:101A0000798AA5AC190931214C9D3DACE2EC70A658
:101A10005CBE4EBC80B52DC71DFAE4A007878ED8EA
:101A2000E22EA0CA4F74FCBED500A4EFD9776B6E2E
:101A3000F9ADD3151594F23D76DE10E9A127AE3647
:101A4000972A3A10A64D49044BB1DDAA5337941496
:101A50003577E6983C2900ED73387BDD60DB876DD8
:101A6000F5D7C43F69AB7BAECDE25AC7118A63B0EC
:101A70006909B6AC06AC25EDA3A52113CC76EBAF76
:101A8000386B430772DFB4325E265C16932637ABA1
:101A90008488AB0EB6F6AFD49EB2FBDA9A1117F576
:101AA000E30289B700EEAC1DA7161E851450C1B520
:101AB000F8D6F9D6B821EAEEEECC7FC09FAD875BB1
:101AC000407105939964D73B60E21D3F9A8F817105
:101AD00013224668A6954FE2A9C44DA540767FB073
:101AE000B104A64BDDEF8152C4E878B37B8B2CC0E8
:101AF000AF8EF75B579C078665432BF33B0999DA5A
:101B00009504A7BDEEC82F6945890FF0888DD15681
:101B10008EF0D68471B73A4836EFB8DE8DE2B74E14
:101B2000347668102D9EFEF61874BCD408FCA241D1
:101B30006E906E21A54E8C4C241FAD355DF88CA2A5
:101B40000BF7DF40120C656A4150644AE770A389C5
:101B500059A3076DC8716B27BE5014EEBA3A16D759
:101B600061972179EA594D524E114C477CFE28ADC0
:101B7000C4BF9A69FD9A4C6F7045433F9FA1D7F44B
:101B800049BE1464F4B8A70905365840E584D45B0F
:101B9000162F46BF2CEF43003CA5D9CB0FACC4C7D2
:101BA0008112FD47FA26B29829B2F1F10DB58C8168
:101BB00003527FA8514EE3FF1C068C722662F92364
:101BC0004CA37134A0D371A0D6F2BA373D8C6A0A07
:101BD0003F782A78240E67CCBD6318D7ABCDA41309
:101BE000B6AFC3A4F064936B1111ADDBB084DF0B0F
:101BF000B615ED00A70ADDB0A1334252BDD3FDF505
:101C000008B4536E76D9CEF81D42AA3310159373DB
:101C10003A7DCD1B6ED13F2848CF6241C5D57D347A
:101C2000BCB55B9FE9E9A6CB0FA5AEA067217525E2
:101C30007EA96B687770E379EFAC5303D10E0BBCD0
:101C4000C852A867101B557CCFEB04052384502C89
:101C50006971B64BA7705D5DC645FBA11F88ECFDA1
:101C6000BD40717C2EB7E33EF8784EC8BC15CB89D9
:101C7000779C4872F88610DE339B405F5571D94CD3
:101C8000C4D14045AFC0609442A42E9873BC407448
:101C90005D3A003C176009027869A0448585A74930
:101CA000DD365136672CA8825A0C0A74A1B1C75C84
:101CB000180EA34350CC05FD8DEE29D613FF56F028
:101CC000D24F95126DD187A5131D5E01AA31FAACD2
:101CD0002E55BF7F90AC9CEABB7CCABC7497BE47B4
:101CE0001B7B21441717A32D685D42F2BD65EE4BA7
:101CF0008AD2B1C974AB43C898C2661F42C00D6690
:101D0000CB16B537C3880A96059CD874B9E6ABFBE9
:101D10004415A5F46AAF2BCDB33DC7D4C147046EBB
:101D200003E5D1BBBC6C29B05053C1A3972220213D
:101D3000D255443CBC98116809EB0424CBC5ED385E
:101D40005869A056E510EB6824B57817AEF61880F0
:101D500089A9E850260DBF78F2A954A32EBA703095
:101D60006CBCFB015C7863D56E0DA88DC6ED00F4EC
:101D7000C681F842DBC149CDDB4504930D2100ABA0
:101D80003316101660ECF451F9B6D1FDB3DD2468BA
:101D9000F24E0B72D9B662AC127B45AE3863099233
:101DA0002A741F997331A968420F2415F2EEC3F00B
:101DB000D54F3D94517C0DC7592B80789581794B37
:101DC000CC16C9F1217D4340693257656A2486EFFC
:101DD00049ED290B086709B8D90BFD1D827EE02368
:101DE000C4B12D4A57CE55E17FE8B7F6973698A68D
:101DF0007D00905283DACC562F3E3A8078EDFB8BF3
:101E00006E19A75C10753869683D02EBCE6378B235
:101E1000382A6B9C87BD373A15B8B9EF0213BAF16F
:101E2000C28A953A28A2BC9C23DEA047383534608C
:101E30005C72AAEE2355F75A65B809E2E5AD214474
:101E40009FEA381966D3131863594816C44F929401
:101E50002EDCE884BFFAF5A56A5D0E8941DA87DDDC
:101E60002B035EE250C27A19E752B87687567CBEE1
:101E7000906EB2700D25158ABC1035133416F5A27C
:101E8000CD63FAD96F295DC972295CA1942E3154B2
:101E9000531E8C04E8BF94B97C4D1604373F0408E8
:101EA000E66EB7D31A9ED7E24FC8CCAB055ED143DE
:101EB0004CB7E8960255AC1F9D36AB5B8E5FA634DF
:101EC00024E7D34D584A080E9D826B039DCA05A195
:101ED000054C79B8B96EB7CF4A5DA0C7044904F084
:101EE00069D3E2E05D70F5853E854A02427BA2142B
:101EF0000D534FC75FD50086014147063BDA1DB23F
:101F000077FFB8E46EDBE5BEB41778BB82E3CFA5FC
:101F1000CECCAE739408074176305A259454C396BC
:101F2000CC5CF08E1422D80F902E41958A9EA20B85
:101F300076077A56BADDCC9F41C48DF25C4F85A2FC
:101F4000CDF727DA32436660481D5E4D252020B369
:101F50001959A717AB4A2BB787E678516A4C8A09FB
:101F6000EF7C843564F85B9A2E23609383D188DEFE
:101F70003BD8C127FF5253BE7B9D437510AFCFFAAC
:101F800096FCEAD9C810A6B9B4176942A98A945B2D
:101F9000FE6DB1694477410B3BE5C4ADD37A3A7F1E
:101FA0006958879909F24A20262EF9F1F1D5AA88B5
:101FB0006611608B5BBDEAF50906EC952B62712713
:101FC0009E77458E4E05817BF60F4230C38A7E6731
:101FD000DF212AAABDB18721BA63A2D6541D40C908
:101FE00013C682055E3522ACDA91EBB3F0BF1DC893
:101FF000F617D4B686B535FAA0E23D6E82638BC97A
:10200000A2317360C633F1F82DF6A3EF93DF64E9D4
:10201000298D38CC2DDC7DF3D54844482E94805250
:1020200042DE0AFAF8FB63989C7214A8BE62326D15
:102030002EA56BD87D83A4780A1D130C3AF5E09287
:10204000FC3B725B1113044DDD432FDB1B1BFE9029
:102050003A80BF2D43C1F785EE98824C9034EA0E4A
:10206000A9DA34750147E57519A763E6B91CBB7A8F
:102070004D9673E5D2F1920100B53B507B86F6E4B4
:102080003B63EA6E47EAF0AE09546B5EB1270E86F9
:102090009B453943CD460C1C055D4027F9ADF549FC
:1020A000E1F8A9D1FCBEF16344A84D7455E3F049B1
:1020B000BC9C4854910559B816F0EB5FB7DC5A80C8
:1020C000E5580082C71057B14F58031FEF4D5E3DD2
:1020D0002A25C10D143F854C2DBF8EF38C43E8F9A2
:1020E000CC7222BCDFA153C0B1B9D9638765E7B018
:1020F0004AF0B17EB0659115B7CC4D5826E30D4638
:10210000DB345F8C08542B314FA4AABC18F6A29084
:10211000255704EDDD78912CD00D7001F7FDDCAA78
:102120000CE519BE6219960A2E55177340FBA20AD8
:10213000AC7DA454B51013BBCA33FA65EB84118788
:10214000751D5813A01E4B2DF89968AA87F418A086
:10215000B91E6DC050FE4DC99F7252712D027F7421
:102160006BD1D711FC1D1207FDD441996EB7D9452B
:10217000C18FC298F8AE233644446C68318FF87C26
:10218000CE5EE9C0B83434C1FEBC71100B36622794
:10219000511F82129A442DA9B79E9D33A7FE393B49
:1021A000093EE34C728CA94D450F4414E0E9B3DEBF
:1021B000EC21CEB2ECECF97662913659E794DA3143
:1021C000E7869DA7CD3E3157572A2365479D865BFD
:1021D000A1AF14B63869E196D50B991E8173B80C7E
:1021E000D4792D12F6C7F47029A2F546A20D6C879A
:1021F0006DD06031E8D2261FC774D07D41640B16C4
:10220000BB20A77CA0463E22176428E6E2B6C67E25
:10221000464332F5F858BE20650CCEA87DC87ED75F
:10222000D7A393AEEB34919E5A4AA4C9F88E94B1C9
:102230007283E5D9C46CD70245A51B87F1D3480446
:10224000A2DAD35966F236FC4961BCA79DCCDDA861
:10225000237EDC623C98F98AA7E64BDF608BF7F0BF
:10226000F2D7323FD1CB815CEB034071C753937EF1
:10227000B8772A11115C3E8B4073F5C8CDC1E8AF29
:10228000846B5904976EF78E5F26A476E02C18DCD9
:1022900043C34CBF382DAF4661D2A3D68D87F723F9
:1022A00019DA8BB528D9DC37A0168C8464CA3E6451
:1022B0000F61F86EEBADAA3E0D2E95FA35E743EAB5
:1022C00003CDFDD68D6D22DC77D842AAE47FAD8D9B
:1022D000DB8079681D63C98D4C5650E070AD7FB0CE
:1022E000B1041A48DAEFB9524AE8780286ECC71806
:1022F000EE11B77A2B85FF513609BE9338FA9B62EF
:102300008C92BCD5F46ED3D78C97049AD1EB3380E2
:10231000BB2AC6AE2109F8B62184A298CC92B76E2A
:10232000245494A1B6262C2214CB83B3FA2BBE2DB1
:10233000942FDBFE3A14379836C3B5CE495F7475D7
:10234000D6BCCE2B3253A43EC1C74C5CE731C28809
:1023500017CA4F2BABB1D4F248E921E5EAA477DEE6
:10236000D175F6A263B24B1A46565F631C2581C530
:10237000EC45862CF2D43237501C443F71A52F23F4
:1023800091B6B8268494A699B4176942FDF1957365
:10239000D2E1B0613112526F5C4C8391EF3FD9A012
:1023A000891227479474A69676CF51A3F2D5D08987
:1023B0007AE1C8E2B4FF5E47344F73121B6FBFB4BB
:1023C0009C775F89569B59EA2992803C3B0B55527A
:1023D00080AC1CA02C6898AC626B08946BE8A415C8
:1023E00094B3C23C6444D37B00DCE1BD50BFEC4EEF
:1023F00089C99C469E052915E0703D4E1E568BC925
:102400008EB3650DB2825850D501AE7A5B2798A97C
:102410000C3D64417F54145E387AB86D53E88A529B
:1024200030DFEB0E78EBD61D0C7B521166A5924C7B
:102430008E7D35062536C911FFB05403370EADE544
:10244000B6307893101A50D7573007728E6B2E879C
:102450003F4E65BF1F74A4AEB66F03563C4FC3FE1C
:10246000FB316E7D3E22E289007FAACE63338A7AF9
:10247000769E5089F831F89452D0453E431BEAF4D9
:102480006FB8FE14DFD6676D03A49D75BFF7527653
:10249000648C3083C7950BF207855B0FDB9D51F58C
:1024A000FDE8BD1CB0BEE873A764E0E683055E1CD2
:1024B000190EA84358C9022FF325D18B3B28A497A6
:1024C00056945BC7020F07ADEF3A25B9D1675E3D61
:1024D0002EEC56E8C03084AC23612A415BB4A44999
:1024E00074EF242200CC5B2AC6594A99B705F18CB7
:1024F0008BD242A957A44915B711A8A175E30D487D
:10250000CB719D3820710ABF054A04C451C403121F
:102510000DDDADACEA89EDB671AF74013FF9390854
:1025200008E5DBBE3C55233720AF1F5744FB720A3A
:1025300012829CC2BC20F60ACA1F7F1B6F5715E689
:102540000645281CC00415D5F818785FCB7809CC4F
:1025500079EC2F193003A21BF70C5717DED9D25C88
:10256000AABCFB6143A31BD70E2A2C78C7ED0BF442
:102570005C879C410A79DF73BB41E9E00B56D01AB6
:102580004D1C8ACF9C389B8CF1D8D3BA2F34C2898A
:1025900004BC7AED8910BE8F32ECBD11372B9DF54E
:1025A0003C1B1E4B628EBCB7AADE5A69E681004115
:1025B00091F1EC43CC757079736F93D797D9094338
:1025C0002FEADDB12DAE2F1283A123B5004A8F5B18
:1025D000711C93913001D209410471048B1811923E
:1025E000A8E8D0156AC1ED31771B951A94094834D3
:1025F0007CBE63170B90E6ADB723D07D5D5D0B7E8F
:102600006B97027CB00377915DB0318F18F34CC1AA
:10261000516C7DDA6A0A271DE28C3F7FF1C0F89D7C
:10262000C43E935E14CEB1BC2AF1A41FF23AB49D0D
:10263000725CC358DCD917C965682E57E1274FCCA7
:1026400068FDE5CE4E7237182D5DE3E2E2712C5B3A
:10265000D5A9689EBBD9005DF1EC6207B847874DEC
:102660002D204A88A05679A5DBA243A9187B7ED2EB
:102670009AB6B2760C0E3E8B4F7339CBECA713A8EB
:10268000246CA3D3D566A93257279587E6B030745A
:10269000585CBDB08991DF49AB01EACA70CBEF331A
:1026A000FC2189DDF01DABCC5FC5F7360539C4735D
:1026B0003A825DF4BD3EAB17AEF644CFDFAE8E5B23
:1026C00085C0C79D72B25BF7A6165B6591CAC9A6A5
:1026D000F8111D544226E3304BAFAF37A7EA4FD66F
:1026E000B4047F4C2530017D0A1385D52DE2A55E0B
:1026F00026A7B77A778CFE31DE09BBFD356C8E0CD0
:10270000950FB86C9F76CDD79C57085293EB3C80C1
:10271000432FD43376B73E4909CEA2966B537591B9
:1027200014E590E969976F2AE2805C02B323A2F274
:102730009387EAA745987A905221C16FF9DDC817AF
:1027400051DACF471B0B2D24C9A1CD7335B70C0E21
:102750001F634557F93481FA78E1A85642E58CF9B0
:1027600036CDB3D531F7BBC89DEE582953F968ACC7
:10277000E42F7993E79D55086423B48EEF7FDDB194
:102780006F716FC3586B87405E535024B5E36B8CF9
:102790005D27D45A37BE3E3AC312C2BA3C6DE6C773
:1027A000EDA78B60DC439898C964572EF21E754ADA
:1027B000899A61BDB43DFB8C19C62E57F7D3A79BF0
:1027C0009C77F18DBFD671AC3FB4BA7DF8C0456D32
:1027D00080ACB8A5D4F5675B55217061BBCEA0B4C1
:1027E000EDC731C33B82D57BEF9EB104F9BEDCBFA0
:1027F0007256D5666DBB7FB8E0703D4E62618BA1AD
:102800008EB3670C9A2F54FB5C6109D0D0E1A9B25A
:102810003D1AC84FD352F8A2B61B7ACB3C48DD24F0
:102820009D632BC9C18D29DA9D72E0AA6F5631676D
:102830003496C979642F482B5663E1E85C710D86A4
:102840005F009267B1B25BACF7FBD06F7EF2749A17
:10285000B3D2DCB08E0D5D5DC0E00376FF5702EFB2
:10286000A646E75D16B5E1E9528F1631E33B83E9F1
:1028700067FD307300A4EC6FD692C886721FC24EFB
:10288000C538E875CC2061CD03F57FF4B2EE017751
:10289000650D290C6EEB0A884509DD82B2EDD07614
:1028A000FC9DFF68DA89A90646D5C9E4EF32D03B22
:1028B000581656F2A5770DFD4FECCF22334CDB5165
:1028C000AC2A8C763D074579CBC835B98D3F0A785F
:1028D0001339B770A4AFDC9D4BCD027976F2A247D5
:1028E000F4AD15981AC94FF8F59152978F6507FA0C
:1028F000A70EA57CBD1AA973471654A5A71685BCBB
:102900003576E13CFC82D4480596C9EC4C816D1DBE
:1029100037D26A76D678EF28883287F60C2E3C08B4
:102920003B226D66D3C522F517B12959A940CD8B3D
:10293000ED5C17EDFC71F2F2E089BB7BCAEC161F6F
:10294000F59358AE00980935D81F7818ABFDB8F646
:102950006EFCCD9E204CB23152FB44D76D57748C27
:10296000664C5BEFDD5C1127CE25A91866BBF0E352
:10297000C176F860B992F3FD4784BCAB0DBFF85D3A
:102980001E9DEFC0A031150AF1D8D3BB4D0A53628A
:10299000B294F8A71C69D87B3B13B91147BFD9C1C2
:1029A00039EA1EBB8F58A9DF7AC85CC8978EF396A8
:1029B0009CBC3A94EF7800C75E21F6A59709844C39
:1029C0005E11D9F72D27F1A86BC246311B0F867B0C
:1029D000C13515D0C50E21DE38497714E2C3F2D8CF
:1029E000DDA521AA281F241973A345AB71ECE0CF04
:1029F0003C8818847AF4E78DDB29DA34353C017E93
:102A00007C006435ABF12263010912CC232748A76F
:102A1000D44B61FD786A37EA1BEA2EE2C237BE4525
:102A200038E16CAE2BD6915E2E12A40FD57791DFD4
:102A30007172315F88DAF75F650C408CAB21EA0D6B
:102A4000B74C3AA591F5C6FB5B0946C0447BDB1C3D
:102A5000DCF3A9B0306810DF123852DE0ADA70BA3F
:102A6000F8DCBD37651C7BA0C9A2BB7671557E160C
:102A70009F5C53B4F278ED554773A1CDB1C11359A2
:102A8000C7635ADAD76AE2FB534F50C9A3B18EA786
:102A9000E4244FAF5628AFF45E15030D35836DB5B2
:102AA000AF44A9C269C1D8A471CFE67B3457067878
:102AB000EB564DBB3F5284EE8ED6BC72D98F441874
:102AC00078DAFD84622FBC6F9E386A017D7EA03F5C
:102AD000BC996B02F7D40E124B1EBE5D4E177EF0F2
:102AE000489B7B97B71C64EE3B35394A45394FE725
:102AF0000FEFF61AB6D6F6782FBD7ED93A41666842
:102B0000DB7029DFF7ED96F5C57F49D3D3A8CE5604
:102B10000FB028E4C8BCE80B29DCA0D8981C486694
:102B2000CB1E661986D5D1F5FAC5FF0C08FC5A21D3
:102B3000AF9EDAFF4498CE91D1CAFB88A8980AA824
:102B400053FE1F9A1808FB6B51C333A498BD51065E
:102B500040788F570A33D9F97CE1205046ED79DE71
:102B60006773253CC1BE4B174FC0516314224C8C78
:102B7000C4DF6924E5DFADB1632DBAB603172E7249
:102B80007D08EAFDB85D62ED706098953A58658CF5
:102B9000FB20B061B350F1D9CFC24974D57AFA7B2A
:102BA00075AD85C9F94D89D432E0B0A2F6D56C88EF
:102BB000815B8871B0FF3644100784AD2E624827D0
:102BC000733D6B7227C471A0165542E0AE5D750B64
:102BD000DD6D2A7A8E4A677B34BB78096BC4A415F5
:102BE000FC52C772A18AD5A21F21ED83F0B61169EC
:102BF000F87E9D3E9F652B97F2E42D9E6227751E01
:102C000059FC736069FD5F245D63BA1ED3E18036B1
:102C1000BAA7CC1B869B5D904ECF0A45CA8F5DE359
:102C200043D25446352C26EAD787567712E9324DDF
:102C3000FEA86BD16EE6C2D0E6A9AA748EB70517BE
:102C40004630B3A1607C55B5F3DB051ADA516791C4
:102C500077D2DC4ABFBE14758FD202D6703183EEB4
:102C6000A72F6B8DAF1FE28BD28C477522B4FBED83
:102C7000F6360930B11D69A9522240525687688D37
:102C8000CE026ADDBFB7E36588C7EC03C049111502
:102C9000244C39FB9FD00BFC37C05D7AE0D24BBB94
:102CA000FF9CB869DA846B084BD0CA86524FFB3D53
:102CB00014567FB2873DE149095BCA2B18154C6752
:102CC000B8608F7340882A82C6E619BCBE3262CDD6
:102CD0002B14AE72A3CD8E26D18E384D61F726818E
:102CE00080D9A80C16E45E5E811D5DD158CCF70D2D
:102CF000757DB15E73A09135483E7C595DCD0C0663
:102D0000343E4DC08AFE09FA1FFAC13EA8358261E1
:102D1000B462A48CD5786BD771EBF7B1E8B43EA060
:102D2000EF59F504C5A0D72682489753B5DCDEBE1F
:102D30004D3707ECCC2C5099A7D13946C4A9B58D95
:102D4000F64457ED82AE195CFA5B7A97F1A5DAE2A8
:102D500073946F65B809BAEEF8C7C67528FE7EEEA3
:102D6000FDDEF941D51182B5CFFD2063C74BF922B5
:102D700040FDE8DCF9A252CB44601C950DA6F81C7E
:102D800041171E37638FF433F1B4D02A4B62A3D5B9
:102D900001D88FE0EAD92FAB6297891F07AAFAFE04
:102DA0002A571F4B968FAFFB9CAAD466AA85084171
:102DB0007BF4902BC5B5F6765597919FCD615B83DB
:102DC0000097D8F9366B4094A86EA73816EF82EAC0
:102DD000E753146533B5226D21847775CA45D31F37
:102DE000BD78D415EDC716EE7A31B47C8064E9362F
:102DF0008C2B623166D5E6852E19D15D8AAAF9C978
:102E0000D359A57D4B0492910545CEAEA03F65B642
:102E100014699B1D0F31C9CD00F43E77E5E6DE1F36
:102E2000C736907E2E16654901054408E1BA549EC6
:102E3000AF82FCE06B58377CA597EE58C0F99CCB6D
:102E4000932ACFC67BF82D7798A647A06BCADAA045
:102E500011595C6F6143F08AF9E74AD7872B37C76E
:102E60000D088E11E3AB3BF1CD5A8050FF5C9D0AFB
:102E700091D61E8239C70EE23CFE286FC5C1D35ED3
:102E800034BD51F46813ED71EFD35FA11BA2192C6F
:102E90002BAC1D9D8F9F2F8DA665F7DA9416AE3350
:102EA000BD5889BC0B78AC005FE546AEF990C119FE
:102EB0001E9B6593F89B8AB7AFFE24A2DD7F32E4A8
:102EC000EDD0CDEE72B2AAF66FDA6B0B6EED5BA8A9
:102ED0004408F5AF1D637A8B78565DE086AC7FB011
:102EE000B204DE4CDEEF89513A7588D502E15DC44B
:102EF000A9DCC009DFC7FF50DD4B8E430CA971313F
:102F00008F6ABD4CFFC697E3BCF40AFB9212F9F43A
:102F10007D277AEF2939F89EAE1CA3B86B53FF9337
:102F20009390F400C64FD1F51602A3D5C8ECA2F6D3
:102F30000E51DAFF1859CC4FC40DA553AD3F755D46
:102F40005EBCE12F5252F50A7711F11FFA0D82890A
:102F500019A5465F2C13292DA9C7D65F9132890E7A
:102F60001EA3E81BF2354017DDC000F443F64B7C8E
:102F70003FD887243F59526646B51BA0E1A85BFDA8
:102F80006B07EBF85441546ECFEF694FCE75311B90
:102F9000CE9E9479412DA3A21B46EACB2EAFDEA193
:102FA00083125540B3E552299B6CF1F908F21C0ECF
:102FB000738464590B1492C9E49BE29526286B2A0A
:102FC000487A6A524505377AB81564B45852555B49
:102FD00087E6422229606589058810595357A41550
:102FE0001610FBCE7F0D2BE607204D93B8DD0BF0BE
:102FF00006C0AABE3F2C6E6639CDB50C4EB87A1EFF
:10300000EBF8D3209B4CF1FA5C6350546C5E71E09A
:1030100085343DCCC7D87036B01AA9F92B2E87520B
:1030200028DC0CCDDE2BC06B49F65675CCFF930522
:10303000847DE7016E16E3280F57ABF4AEDF04BFC3
:103040009F44B201B83955BC578D0592425575D28F
:1030500066E7A4453F495D54CD02C229005FCB0F0E
:10306000A6404E6467EFE380035ED741A214745D0F
:1030700076425089883EE80932D04B30152FFF2C1C
:10308000D490177C3007B1140ACC67CEB274A12E4D
:10309000C444C68D206BAB8447699F44F6B8A10C2D
:1030A000DAE01C9548B1E8830AB3E9E67F3AD85DD7
:1030B000B02C5B94B384FE430730DF0AE299539F40
:1030C000B3D1A43015DE07A59B5F1EB7F500FAA7A4
:1030D0003E15BC75B0A8642527A32C937E9554F6A5
:1030E00003A2372A17A95C0A04D0BD58A70BFBDD41
:1030F0008AD2C1E38C7CE18807997C71A8300F6685
:103100003C763D3E0955BAC1EA5DC8CCDC8E2692BC
:10311000CF6DA4ADAAF49120527087D603F6BAD031
:10312000C8326DB6F48CD72226BFCFED44FB5209CE
:10313000EC5574807C38F2FABB761B2551E715EF0D
:10314000E1A45881585B1293D65E6C518B8BE87763
:1031500057E4CDA225989078C3CB6E71C2D9825B1B
:103160009521DBB3FD1D2AB13EDBABE1F68B08F404
:10317000DF87FD27C9C8A37C5E9C3CCF4DBE384588
:1031800094AD2F718C38178C094DD16A5B9FA2B515
:10319000069A22AE84DF29AD539FBD7B851F929294
:1031A00068D59C397A54A8B99AC9179A6DD3313425
:1031B000EB400518CDAC0E505D24D8A497027F6B70
:1031C0008E931C3D27774133A99133F83B9D865B55
:1031D000A52A15D0F11121DE58498A1360C7EB29C1
:1031E000CD350A605D762D6273E3B68D0AE00C7909
:1031F00054B6B04484DA2C52263EFA867D750BE62E
:103200005E52D7E1E0DC3949593D31AF90F3B370FC
:10321000C3D09F6BC3BB1672E5759B7704E6A12DE7
:10322000A726D3C6DAC12D4228D7863FD58FBCE565
:103230005E14D89CEA09EAAB44DE5F9EEB7C5A2B15
:1032400097053B1943D2582C6C914770403AED8951
:10325000DACAA6EF2EF1215F6E2AC2E7AF0DF1B2F6
:103260003D2763B9D0EC73D8E50B41A30E8A8801E2
:103270000A03D2EE21F63EF6BCAD25E3CEC8168891
:1032800035B55D71987EAF555F53B1666AF0300118
:10329000414CB3687330AED446C2032DD5C008F498
:1032A000280E89B5181DA4C659A8C63D1487DE6B23
:1032B0005EB6FC96313AAA3E372E7CC02C78D8E018
:1032C000688AFD64779BAD279F686A637C885EA8E7
:1032D000140E69F596D34F5B4EA6AE7F5E756ED326
:1032E00048930AF22470BCA5735579420A5C6D5666
:1032F0009E88BD7E64B2FE540CFA35FB3A01979A63
:103300008D69B74C75E6C4DE857B8D9352A2E63796
:103310008EFBD4C38968F86628E882DEA419B40657
:1033200027A16100D508C295ECD5B34003D8BED81B
:103330009744519FB843CEBF2711A7A35F8F74480E
:10334000A6E9D7571200E7F240A8D510C620B24C24
:1033500018EBDE340AA33BB8B7A3AB18468B856FD6
:103360003EE39EC3DC459B800E57A3B54ADDE0EFEC
:103370006D4778987E487326692CB388FA37466B78
:103380007F02C0B0F66AB7DA5575C90A86849D799E
:10339000669BD92840E4E2435473397A6C74CDC9F2
:1033A000FDA78068F39DA83E340BD0B9042670A316
:1033B00036AC49E3A4FF66471EC6A58D31620F23D4
:1033C00049E8397A35B07158967963A8537671FE19
:1033D0007E5C63552802771B4DD7D8A8AC5A9488D9
:1033E0001F0E3CCB5845D21BE096EDFB7012DCBCA7
:1033F000363AA401EFF92001FE8B3D6A4181A3B466
:10340000FFF6E5BDFE16459AA490DA1E8312778773
:103410002578DA7663D11329B1C88A443A406D75AC
:10342000BD0B3A6CD9E5D33B9A72D6A88CC19A05EC
:10343000FE8A2AE1A55E411AE032AAD0FED0CCFF76
:103440003F9492676086FDF4770B458B131B76FAE9
:103450007482EC137656809AC7F6F6A167896AB62D
:10346000E718E75D678E2BC9D468162A6B545A4D4E
:103470008F874014E8A415DED39B4058A7A09EF880
:10348000D4FCE85CFF45E85C0BA5A384B12C2810B4
:10349000918B6A84EEB501DD2F33AA01BE6750DB44
:1034A000BD1ABC755A2C81C552EEEAE60B71D8598B
:1034B000945C97C6A298D54CF3E7D195124ED7628B
:1034C000A2FCA510A4B6CFF7EA432CB9408E067231
:1034D000CFE5A53BB31D8038461F2CD57320A8210E
:1034E00003CA292814297B9C4E576B2EA601F14450
:1034F000AAB44EA996A3901497A783AEB11F04F661
:10350000FB3C4DC0084D0BF100BBCD3CA9C385521F
:10351000C504EC8ED078572F65C3A7B017F6F0D747
:1035200093549DB1DF88D62326DE5F57B67DCE63E8
:10353000E9E401ACD54ED29C04AEEDFACCC717EE4F
:10354000D5D2B7560711359337EFBEE8BAEC38C677
:1035500096EBC81F216A92781D7A8EC82D068D744D
:103560004DDA14662BA4E400D3D6AFA9D670F803C5
:10357000C15BF921893B57CD492274AF24CCF85E59
:10358000B6A8EBC02831D506998AF8104B28AAD6E0
:10359000D10CE22A20ED2D8E1AAF48AE7860B8C467
:1035A000C12DB7C17B75A1BC1A995CCEC1C1F39680
:1035B000C571CC4AC55407A15C8DB1B19D0831F8E5
:1035C0002EB28CA70C3E01F6ABA12B6D9E61A6130B
:1035D00040EDDF0931092A2F808068AD8910E0B500
:1035E000CC382C3251DEA57053ABB4BC387ECCE65F
:1035F000DAF684F37B0D47C5DDEB813E5701822E61
:10360000DA42E74070413E41B8DE91E7EA6700C424
:10361000FC4A79D46A0F37424025348E225F4F929C
:1036200078E491862EE7909E428A8E96E0848FA859
:1036300022066BD7EA09F3AB67B01D7FC16B2A4C3A
:10364000E7B79A59466A1A1C292137EDF75BFBE068
:103650009C93C8F84C05017D222D4ADFF0D5876D7B
:10366000F90F4AE0215654C0A50D48A90F7273D630
:10367000F98959A4F27713E790CD0659F4A7FCAF66
:1036800002695A6200E6EC74774E19DB13CA1136F0
:103690008DE25EBF842AA8B21904CA2D9ACD78CED5
:1036A000C51319D70D7A23C87333C433546CE1F1B1
:1036B000767EE40E714CAAB604FEB9A269A0A6CF2C
:1036C000657FBD7F52F8B5C72FE29ED491C0BA1670
:1036D0007FF1F3125CD65AAB0876FD0BCD57BF9045
:1036E0001BEB3AAD7771B5C41B3F68383A037D8157
:1036F000964CA432889DC7693E8D37F939F8880207
:10370000CF5998FE06795D628C871E2B6E3C468FE2
:103710008E48D63B8B900A41A0325A25655367915B
:10372000CC5C90E7624FD1F5521DA3D518FBA2D611
:10373000CA33DBD7BAEA036FA4F601737D597475F7
:1037400061F22098125FFD213175C11ACA06AEB729
:1037500075BF650E0385723D954A26E042E789F9FB
:103760005EE3DE2B9C2FB3C26ECF706C4796488E03
:10377000ED6959EBF0DFB9B2501C4E3FCDA75FBEEB
:103780000E71EAF9A406A6B904A06D24A3ED945D18
:10379000EFA1A3714FF3B1D49BC9E3CB4EE5CDB1FB
:1037A00071B9B18130B78996F6EAF1F925F25C304A
:1037B000865B48762B60FC9128F77F12396BB79BAC
:1037C00002E87942B1A69E77F09824A03E533D6866
:1037D0006812237734982E06498C586F5A1D60CD95
:1037E000ECCFD4E44B35D739E09EF507FED63C89C3
:1037F000774C94769E652F9776BAC2B9E79E860974
:10380000FE2683B793F0243F1439EEB9164070E0DA
:10381000A42B3FDC930735F6B0C87247C79F7D5D88
:103820004CD26443A87626EA9BAA56770EEF324D17
:1038300010DE6AF03D19C378065F80B89E8F0CB722
:10384000D6AABA01704CAE6BE6F32CDFF33A59B846
:103850004E1443FAF3CA5B3BA6AD251F4076CB84DA
:103860009F1E463F0CDE0C5E4373527024144BAA1D
:10387000889C712EE123796B24B7155855566E46F6
:10388000E692F514E7927E0C1ACD0EB3B976AA7FB4
:1038900062ACBE38FC458FBE16A647BEDBFB421BA2
:1038A0004DAA481249F1A9831380A3C6574A52274B
:1038B000BA6C526C6331BD124679FF09178E4628E7
:1038C000272EA5E3DDB82FE71B1DAC044A8EC6707A
:1038D000D53203C6B0158484415BD8B6DC495CBCE4
:1038E000F5ADCF9AEF3D5BDA458F5DF1F70CF72D23
:1038F0009AD5B15ED008903D372AD8591D96164604
:10390000EBB74DE058610AB1053F073C87C30EA4F1
:10391000D063ACA02D5F69917A2EEFB0F8F120D37F
:10392000FB320400C990D4442EEE5F57B7FCD8098F
:103930001B920E618C32D88EAB45DBB76BA7ED1CAA
:10394000CB2958A185DE23B1D81878179EFD20E435
:10395000791C6DE030FEB216FD5D5A7EE757748E1D
:10396000614CF2EBDD721327F01C69ABCE84F921B8
:10397000CB0F301173FE53AB0C140C6885CFF97468
:10398000453A1E179338BD8AE14DD16A8B1AA2B50C
:1039900071560A709922D27BCF13B915467E98438F
:1039A00060AF3EC37B5F532EAA455CE8679AF396EF
:1039B000FCBCCA291EFC06AB5FBD93F195F9844C93
:1039C000CE11CD022518B11D4CEA33F8AB82865BCF
:1039D000A1AF13BAE35821D42C2C77CC8BE81D92DD
:1039E00014EF3F5F5D781DEE4632A5E13027ECA66F
:1039F0006C2394E686DA4453DC85D05C5D1BFAC107
:103A00007ADFA77DB9BBC69E67F431ADE26768C1B6
:103A1000ADDD25617962373E14FAD0A3067FBE443E
:103A2000C66E12DE6A46810372FFA6AFC9EE95D953
:103A3000F269C388FB94E3326DE01B87E5D2025440
:103A4000972239E19FF5CAFC59FCCF28561BDC5858
:103A50009C97682AB4C84165C263B308890297F08D
:103A60000D0042B0D9AA73AD85F044A1F35C1D08E6
:103A70008FDE53A404713F8AB9CCDEC43C1912789E
:103A8000CF6388DF7824AD74DE3D5CA13BFE3174EA
:103A9000AB87B008D962B2B9365D0305763F149C96
:103AA000C76DC9EF078E8CB65BC9EDABEE80EB69D5
:103AB0005FB6FB973104AAE6AA064C851471BE35A1
:103AC00071E6FC841418D89A6EA7A9D96C15A38E38
:103AD0009D897960E74429F03ACBCF9D5F7F84418F
:103AE000BC04044A8C60FEE76B095A5A7B315C3295
:103AF00096957EC8FFFE10A821F4BFC37B3739C856
:103B00008F68514D0F79E365FCCA00D352FBCE5745
:103B1000FEFFD633E011F9BEC9FCA2B86C11B22881
:103B200035C16A10159B2EF20314A6C21590A3FB93
:103B300090B7C4FF4098D194251D4A840D9366B573
:103B40009629259004D183A267B039B4A7C8A2D919
:103B50001052465A0C120B7D863E3C7864BDB80963
:103B6000E47CD930FBC5B2C0AE39A11E0ADB857931
:103B7000C966F3A11261DA12714CBE1817BF2F2368
:103B80004E31102E02D34B7E749F69665B70945B3E
:103B9000012F95BD4187B9D4D0CFC3ADD57A9A7ADC
:103BA000815881B9AF07A8FED6A3F1F1FD72757EE9
:103BB000661964CD41422BC01C0F8E35978B46ACE5
:103BC000626062526F8376C8D74403B2AE857BD5FC
:103BD0007FAB0EA22C64658A44B488DEB612B4882A
:103BE0000CD7C3142852D37B60DCE8BDF9D21698F9
:103BF000164E945A70BB59BD11BC3A064340CA9B3D
:103C00000AF187BD9AFAFB205D6EA872F2878136B1
:103C100026A4BD8676167DF6C017B89FCBDDF815B5
:103C2000BD012828DB5F227E78C84EF624A630C569
:103C30002C966B08FCCFC27FA5C9E9D67AD158BFB4
:103C4000D7E4B3B5E6CCC962E54514B1D9D92AF3B6
:103C50003472AD9BBEA2AB8A3F29F5A1B988B6FDEF
:103C6000FA24CE7C2EB7E33E011BA0C12ACA63D33F
:103C70007EF7C034F249DB6F7F444758A4A01EFB97
:103C800032B64EA2CA409151E2B46EA2E7562D73ED
:103C9000544E5C7A10680BFC1B205EFECD2C57DB6B
:103CA0000CEF911F592C1A740564E9E24397965E54
:103CB000240C0F95BF11FC9EF0E7B59514265F29E3
:103CC000A3FDA6A0DFD33FA7EA7E18DE89590C78B2
:103CD0009D3E53CECD737B5BE27414FC844BA401F8
:103CE000123C206C16C9DBDAB9F82D96BB76F605C6
:103CF0008A4734EE8C7D90A4B5707FC859700B0F45
:103D00004B8144B808E40FF80599C064A3301AA4A5
:103D10003ED285762F3F6B6AB0BF87D6E4543D20F4
:103D20008BA72D2ED258DED22D933539ABDCCBDAD2
:103D3000EEA5081587D8E2F2E9881B252412793010
:103D400085294A89933E0E99D83D596FA8E51650AA
:103D50006C3471303C6341EFF2A454E72DDE325CE9
:103D60001D21FB6181A3624A38DBCFE0B670F82ADF
:103D7000C8AFF94199FEBC7C0B9B79550D46E4A474
:103D80004C1C0ECC1372F5530E07FF953B97A2BC4B
:103D9000F8BD6F2088B7C27B2D13D8D9476E944BDE
:103DA000DBA01E400BCAA9DF450F5E17971C074119
:103DB00015F1BCDE6E8706A14BD89895F7A17B93D1
:103DC0000A3FBDC72C764A3A6A33DCB29A4C7C8CE7
:103DD000B0E7EF0734DC20DE088C75C4E9B8F2D810
:103DE000CC30D01554C11FFED1C9B57CF8A2EAA7CA
:103DF00054B66F31A6D0E1E4D7E9D80D35DD0D7F9B
:103E00003350A114B063334A462F05AEE366BE704B
:103E1000B1D36321DA40371A95223E7F671EBE6513
:103E2000D7AB605998CD6B49B903A1A7C8E395E911
:103E300076708128AA51F45A42B8E55828FE5A9162
:103E400035083B119EB7754C09394C7844E2F5C4EE
:103E5000DCAF88E00E9F2C30011B4A0FD102814657
:103E600009077E8094E8817A808A41A90D7B8401CC
:103E700032018C23F13217D3BFAC23E18CFD3B28F8
:103E8000CD297F6CE8E3AD5C56D65DA96101337C3A
:103E90005D7AB46889A7A5D4FEA5FB9067CF28A456
:103EA000BBA171280B888CFA38611EC60C3F41E912
:103EB0005FB6FD97EB8B8C36AFFEBCA3BA0F41EA21
:103EC00003C8D3148A2752D082A86B0B6DEDC6DFCE
:103ED000054C19C0E6BCB4A34E568F67A7EA8067AD
:103EE000220C54C5DDA5D3DD5CD57E6A5A2B1B910F
:103EF000B0DCBF32772CF5522D9E8B9A380A6FBDFD
:103F0000FABB4021A6A1D7BE2E7500F33AC9CE5701
:103F10004EE0D633EC69F8B63979A3DE958444993E
:103F2000111E805A86D5D5932238A3056522426496
:103F30009697B021AAD2CC6F2B89B5C65EC6701EEB
:103F4000A243DDFF12DADADA517CC4EFC3F0BAB66D
:103F500040C6467F4FC12B2588A23C1D46648F6218
:103F60001C21DD539CB595186A79A23D43FE685C1F
:103F7000A7D5599D0F945BF274D5A38F291B2E0BE7
:103F80005EF59E9F903783E11009C2208577893DB9
:103F90008D85EB41A2BF739F2472C38D2FC5ACC624
:103FA00069E38199F7E5A016248CF9100D088EA716
:103FB00006EB10CC4B28FB591DE79EFADEBF6C0CBC
:103FC00013C76B724047E030D92347865A5473CBEE
:103FD0005A73208A38D274C2D5D31535DDF68C4D8C
:103FE000ECCF36E5683BC6EBE0D4EDDFF00A1D9878
:103FF000057DD6D29FAC21049DD116364A27ABD27F
:10400000664663026DDBD9A0776BA473F18659B95C
:10401000271AFD019F0C680EB0A2B29C612B4D9F28
:104020003D3D26FFB5D7267A9E625798CE4F324542
:104030007B506AD82D35C71BF772EBB6FE6006BF02
:10404000D330DF3D38437BB4E2DA00B2DF301EAA62
:104050001B4E8625B4E75CB2ABCE01C60B96C147BA
:10406000AD243F1E1EAEA3B16D9354A68B4C8AECBB
:104070004787491D0BC8C0514E4D50A8538BA62CE5
:10408000DE918074C1200BC415556A62C426138664
:104090001E542AABFF770ADC47705BB5FF7950DA14
:1040A000F41DBC055B2DE18656DF80BEC241DBAC52
:1040B000190E5BB1872990166B0CFF1310FE39485F
:1040C000BDBCA8ECAED83655EF3604D73FA9A2A7A1
:1040D0003F1417D9D4A5FF7C2AA326900354D729CF
:1040E000298A25B878A82B0AC188590000C38225DF
:1040F000E622C976E78C85AFA478EC1E2BFD6FA66F
:10410000AB830DCF0A5D0D610692C2ECBD5E3B8AAA
:10411000CEF5A2EC15923D3748E776E1FE617D4889
:1041200003F5552EC5F023E5203FC4F68F74A5B4E2
:10413000E501041DF47CF672E8C91A25C8052DA70F
:10414000F604588160AD2AC8B91F77C2BBEC19606C
:10415000788524FC22D1B3AF63CF45EDAC6C837F6F
:104160006C06F808550712DE3CFDA2F9C6ECF9E32F
:10417000C0E6B17DF81FD2C9BEBF1D4F0E2F710022
:10418000BEC2EBE66256F5EBE26A91704BBA83D39E
:10419000E5F60AA0B26E2C1592F5FB41407E9B2BF2
:1041A0002ACE1EC3326BAA6EAE624F7177E6F22E34
:1041B000AC17CDF38C99F4507A2B874284B37B23D0
:1041C000071EC946AB472CF662F462A55852B29B53
:1041D000BB3A15D135B1246F48FE36EB8B11E7B5EC
:1041E000CCDFEDF5C178EE30761BB2BC0F0A138E32
:1041F000839693097DCDE61F15DE443B797409E76C
:104200003B90664B3CB5394B2C4BA5CAE69C42C152
:104210005C0B2BDEE903BB7CC82C3CBF2332BAB05D
:10422000EC3FF9E83A40909F291F45E8C812B4B81E
:1042300085B5C239BFC1FD5B6E780A8FE8E35A0CC1
:10424000939A3B1062225E47416142C154A3D868F1
:10425000D4A9A8B9392905ED62190BF042D3829D82
:104260000CEF4AE244A578A4CBA24661F1B684FEE5
:104270006EFEA19C85C93C4B3C36251ACC30D3EA56
:1042800035B55DB5499E86A15D9F2CA86D0135CEE3
:10429000BB8AB4D3E397B5B79BF50DCD25CE62921B
:1042A000CD5788B40048CDCC5EA2E0AB2456ABD548
:1042B0004FE8FADF400AA8EFAF47B8E8D5AEBB86B3
:1042C0003277E7277E4BC9619E136AF20D3AA68AC0
:1042D000CDD0130EF7E24E534BE7AD8E16497D015C
:1042E0004A6A229C21C8C20C39C4778B758A500354
:1042F000A70D4E9D16FAFAEA2226514CA2D59AD164
:10430000030423C0F914858083E513A3F38DCF3410
:104310007E01D98B8EE9F0AC09FCA108F4A3B3BBF4
:1043200035C190E31223D34D03D2A2D50A4CA14F3D
:104330001E25DB02FA75CC8F241DE46B5FFF75CD63
:10434000AF11DFFF5230E4B2A1C3CA87E606B66AF6
:104350000A1947EF0B3371FD010F2C88465D80C9A8
:104360001822D69788DFA879FE78A40C03C21EB065
:10437000C0BF7842976AA0959066B71D31193B98E7
:104380007DDBEA41F4D9E461F20C6D82913FA45BDC
:10439000FD41200637BB41BA742BC11D2FA4295DF6
:1043A00071058E21FA9CA8A67F8FFE4019B867EF91
:1043B000E6EB16974891B2A71FB68CCC2F496C3B01
:1043C0006AA86A728FC343B3E25074F7624B144910
:1043D0001C3F4F3C2C48675B75A54A1A9FDF920231
:1043E000D4DE82761B39961D1069EDFB082B18FF71
:1043F000F612CA00880AAD43F41938AE7B27ABC960
:104400004E411E5CFE14080D7505521E0C12758778
:1044100025794C8B8860B5D5B1ED88983B885D8255
:1044200035212E69DD2B1EAC6C1CE610A3C3567320
:10443000875F43BE688633E5FD82F8E8F59014EFA8
:10444000A734B221E78ED72CF7289AD4DBE0469E1A
:1044500074714F539A4E7230A0D2AE0D00507798BF
:10446000F5066ACF667781EF00A555E6D17299AD62
:1044700065B144D4FA69A835B423323E475E8C4214
:10448000C46FC18CCFD6D5AA20CBF882F031BE0F35
:1044900050653856EF4D0BD83D595F2BC9BD59DDDE
:1044A000EB58BC730E0B9E8CB0949EC142D68A64AE
:1044B0008A9CECB3A1E49202BC0845D9E56955B0E9
:1044C0000E640E285F420618EBC7032F2E63E8C563
:1044D000BD87ACE3A3CB834C42ADFEA6E0ACAA4BB8
:1044E000D619B226175D489CBBEA38D1F278FC8D0C
:1044F00003EEB1C4DE4091A7B37B2A4759770D6C18
:104500007A5D4E884BF50EC10522CD8C49CB03E276
:10451000C823A4ACBADE69DF70777809FA493C0990
:10452000BA926C36B337D6022A4937313F4ECD2E78
:10453000E533747A2C4A0E01FB1F6B42DB5010836B
:10454000B58878C1A10EFA2283E7587FBBE5E25116
:1045500069A16DE0F865B21EE23856C78ED46419C1
:104560007D29F9D7C813018F9C54B55F67F1FA2FE5
:10457000C8A7594BFE5D0DA81827BECDAC8CE07FB7
:10458000E4A80E2F772F5C58F72170404FF9DBA776
:10459000E94E5013998F266CA2D7FA724F4639997B
:1045A0002F84409F183433E76DCA44CBBDE2E3AE9D
:1045B000F42B3294E77D163CDBA296D9879C79FDDB
:1045C00006CE9DBB3E261392775587796F9E87A3B3
:1045D00010300D222D6780C220D07F3C2812E4B617
:1045E000933373A1F7264C2321CAA544FBF75CBD86
:1045F0003BBD981EDA07E07E89EDB33EE7450F7DAF
:10460000A93AF55DA0EB194BB3FA3177F0FB488777
:10461000F1286B9C68F7357CE0452C27220DE04F94
:10462000C6C641AE3B2E949CD7085410D97F9499AE
:10463000B2EDC6A8FB94F53D60D008D7C139140689
:1046400095D237123C414A1C4563BAA789CCCB3579
:104650009CE4A0984C0D033B0F5D45B740DE9635BA
:104660002D1914E9D13B728CC56A50A327ED860140
:104670005C01A37021963ED1F582283DCD9339058A
:1046800023925DF171DAAC060E0674D40FCDD5E637
:10469000A3875E9BD96AAFF45E92062D755A08FC1B
:1046A000DBF108954AB0A72B54A9198C418BCBDBC1
:1046B0004E23F30E1106ABE6AB06B5D0D42EB8559B
:1046C00087C0B798817DA08599F1686B93CAE5A3EF
:1046D00010167948C3F01C722D4CAF379F677FB01E
:1046E00006B53CB5006BF5AD838DC9F77A1B5DE36C
:1046F0008E19448D2A45E85029F4514C7BD79702F6
:104700008C63F9ECF6AF56EE873E01F39ABBC53DDC
:10471000879887684831F1BC28BEB2E2958CB0BE5C
:1047200033A995AE85513F2262CF55020323B26B68
:10473000952FD6E74F88CC6F7407A5539D5F74758E
:10474000DA0DDF47029F17D57239C21BC461E381BE
:1047500019A2C607008A2A258F6627E24B851952BF
:10476000DFFAD7C19D37AB9A6F17A74444966DE522
:10477000D71E972C25D5A5B9959BAB751317233B51
:104780009BA6EAD9A413A6B9B4256942F9A1945B02
:10479000FE6D43B64C5E4D6B381482FD2FAC5DF15F
:1047A00072AC8099FD75A3943FDBA0ABCC537D7CAC
:1047B00077DE70F14A20FD691B6E89ACCDA4792AA1
:1047C000777D9D85000C613DD52D52F8AF95752BF9
:1047D0002F612A7AEC78677B4D917809BB5F57C2CD
:1047E0000B1FCD7C5B5C922B10486C8BFBD71D990B
:1047F000FE47DF0C9604F43A31BC344443139B93D8
:10480000FF2E74909D42F4914E7244541D5B873686
:10481000BCA2DD86956E71EE45DFB8BF6B527D851B
:104820007D152A9C18C826CA7F30A5A00F273C25D5
:104830007AAB2A886D174228FCA3AAD4F6800FD73A
:10484000D60BBB69D14A5C96F6790DDADB0977FAAB
:104850007182A445BA7F4E4C2825C4AAF681B120A6
:10486000B7BB6A153EAF164E50B55616B7048B8AC5
:10487000B78E40149815E80932D0B38FCCAFE14C15
:10488000CF60A92CCFD1E09C0ACD6CA2B87E081EC7
:1048900025013E322EE602F606075EB0FCA854B3B0
:1048A00013EF1E19AEFBA67D4A21E9C61339D85D68
:1048B000D81E5B9416A9FD0216A5249C6A965C2856
:1048C000A84DE540CDD186F5E3A306DFBD09F2C7CB
:1048D000AFB8A37171FC8DA642F92B077485A1496D
:1048E000EAADA298E1777524A11D5DD1F719F72DE6
:1048F0004AC2B17E39C4913DA7548FAE0419060E49
:10490000CFA00CB008548BC10DF3C91CB1060BAA83
:10491000455AA2C4EBFE62DD71FD86B0EB30396012
:1049200015E50EBA3587D8FC36F23711E736CCD20A
:104930002D45041D540CF2FAFBECE8F2F21D1E8723
:10494000FAB519D1A0CF94A5D0517A37B3BD10C80C
:10495000B8636BA8E13ABB34F3FF5771221F71ECC7
:10496000836BB86D2AACFC0ADE91A91996F7F8237F
:104970003550F841D817538354D1EF22144EF71411
:10498000B6CA5F4763EE7403FDB9D04A435AAEDD41
:1049900071174B5780DF6483D39DB45346EC91FB72
:1049A000292D1F937CA7A1B7BEB14FD90956EE4A56
:1049B0001AFE049EDC3802C97B55663EC7137B9BFA
:1049C000E7DEDD9FED6E41CAC31723657B07845B7D
:1049D000B1EA1708219C21FE384973A27BCF0A9ABD
:1049E000CA3220AB551EA769FBBBB47CF867E1CE89
:1049F0007BB790DFFB57085AAC32D935BC2C023C50
:104A00007A50AE14B08938414ADD39C7E40F5BB63D
:104A1000B2DD80678EB5A1C7F5B03A17220F4B8281
:104A20009724938ECB06919EEACFA4CF61C694B90A
:104A300062E7C28814D6278475251AAFF1B6486498
:104A40009777CDC6CDFE4AB9897147704686DAA8F8
:104A500060ABA2D17CBFEF8A7BE049DFBB0DABB579
:104A6000E2D74C39221413733885E27F6C1D85011F
:104A7000C80654A4D8713F8BAC392133CCD1135024
:104A800025211D5C6AE1A4764F4515876A043174BF
:104A9000BB16B1554720300F9E0D02FDE5A81869E1
:104AA000DD019928381DACA844ADEB5308A7CBBB5A
:104AB000424EF06E0FACCBA6BCFFB9A17CE7BA3476
:104AC0007AE5B478D3FACA473D386F0961EFC03749
:104AD000EFD8739AF5B75E3F1935F40E07039CF8CB
:104AE00049D87565243BFB4D5835489FDB7314FF4F
:104AF0003FCC87C796D4FF58246CBF9ADA4AA9F7EF
:104B00008E63437BF6ADC5BBE634049EDEFE9C6E31
:104B1000DD849F0FE820C80BA9CEA2B8A695B74E9A
:104B2000CC5496A19926D0F5137BA3F6005D23D62D
:104B3000992FFAE73B0ECC4B2A70B4935F4E5C136F
:104B40005CFE259912021DF2709DE4153DB78A0E98
:104B500099A26F31F134DBFB863ED57826D12C9BB0
:104B6000A2C935189D65B9A96E3C80ADCBBF901127
:104B7000E42B79931F10530E60D0B98E907E2F23B3
:104B80009BB68A27E4945E2C7053612493E38B3D9B
:104B9000EEF7A591418950F3DD2C083FAE94153313
:104BA0005BA3744E14FBA8FB3E73F1F50EC272EECC
:104BB000805BA8732F144EFBE5F5E1F963D7630E14
:104BC0009B3D6B72CF4774C6D7414F887E7171AAE7
:104BD000DE5B2BDB2706657A75D282DE0614A41D08
:104BE0001537EA726D3BFB1DEA9E370570BF34FF37
:104BF0000CC076B89E64DC97F1851D76C600FB5428
:104C0000DE0273089A32F198A5F6ADE5F2837C894D
:104C1000015FC9BA9D6BDDD6900510DE31267F8419
:104C20008D63D04B513526C296556F11FE99C89AA7
:104C3000C974EBD95D7039AF8814AADC0720A8FECF
:104C40002FCEB221303F55D4F73304D224C672940C
:104C5000F7E2A44BA87059E4C6FB33860058ED0E6A
:104C6000072E4285AF8E43800256F617AA2E4518AE
:104C7000732762729909239BA37C89CAA0A09EFA1C
:104C8000C564E87CCF6061CB14646EA6BDEE00CE37
:104C9000456432E2AFCB23BE04A5536E056E030319
:104CA000FFF8B67DAEFBA67B3E805D84ACD0A061F4
:104CB00058295D64CE31821602885029F6BD52D043
:104CC00053D1A515CD68879CEB7AF0184ACC7B3F71
:104CD0002A83AFA6B8CB92EA47122A685A64A42F57
:104CE0001B8A25FD35C63AC27A12DCC86E9102FADB
:104CF000B10CB17B9EBC91119FA70C1A5D7107A6E8
:104D0000CB194DD9487533A94CC2C13E812A0BA19C
:104D100032D2BC744E93DF95825CEAEAFC99B96AA0
:104D200012C168F633CDC6B70A6FC8E6FCF3DC4F94
:104D30009DC0FB19BD3CFBFF065FB764C9C5E538E4
:104D4000526822E9A46F17F528EFDAEB17AC60A0E0
:104D500089EBF31C316B4DC9C7722E17DDD9EC58A6
:104D6000DCBC0466F3A417D731DBE7E6FCED07F4FF
:104D70008A80C24106791B74F644E3222E49FD7CE9
:104D8000411C5CC859EF0A84CE0FEB4AB4DD9E6A21
:104D9000424DF5A79E6828ACED1B8BA67DBE6744EF
:104DA0001AA8249B84809900BFD8A31FCA5EC99605
:104DB00013FEE69CF6A5F9767C9227F968DE794425
:104DC00004CE22480CA181CA94E4DFBB0992798CFD
:104DD000AAE517D0CED639012CDC88139CC7234511
:104DE00032E7DF1C951E12EE7C34777C0FE00678EC
:104DF00071B66F3172D2E68D283ED682BE7DF4C187
:104E00009ADC2A7C4F043996272DCE781DB88CA7C2
:104E1000A3DDB362F562C8CD12F3D07FFDC04A9B1B
:104E2000023E6C59E4C8839ED5084A1129E26B6E94
:104E3000BBACC08814D61F857EB8E55804FD580C5D
:104E400068FDD9CF7722A5F396BF7870A9C40776FD
:104E5000E6A9576FE546335DFDEC9C0174DA78BA3C
:104E6000DEDE65E02F14AB73E652BF76C3554BD63A
:104E70006E0968AD33AFC05C7B7A21133316D7A6B9
:104E800034B4A3D3A967AF54A1F1E27F6EF1CEA3EE
:104E9000105550685620390A9D05FCDAD01113F4DC
:104EA00023D63B6B1A88537DF01FF75BEB806D6D4B
:104EB0006CBE06B1B88285EE51211A8CF7AF41EA7B
:104EC000DBC9D2448D6D08D9B17094D4F1C38D7F04
:104ED0000206E3B6D3B4B085DD889037A0A0EB6EB0
:104EE00049D38542B4E6F58DC5A2F6DC7B3BA2141E
:104EF0001552B25A884B778FDA9C404C58D4156AB9
:104F000070B53A62C0AE2869D18960F36D3CB28950
:104F1000B4F029E4DEBEFD96D63BD466948448996D
:104F20001F1FB9C769979F2B728FA3F528DCA29E1C
:104F3000952ED25EB827EC57E554AC75A1BA041291
:104F40008631DE270DA3C3AFBEC01B531040B1F1A5
:104F50000C83517712C3310599160FA865CDA1298D
:104F6000358BF2CBA94582E0543F9B947FDE24AC85
:104F7000892F37DB4D28064E2965E1C84C5F4C036D
:104F80000B4180D99929C89906151C62FFA5E87BB9
:104F90006BD83A41D2A7D623AA35608D8B8D798103
:104FA000DFE528B95F0505DE879342D1B822C276D6
:104FB000CFACDC8B8D0833B9D12659E507954DDD93
:104FC00080808D7256F29F802265B7C0A3727C2AC2
:104FD000755A215B3F497E5A5F955D288DEB8E3473
:104FE000C0E6EE356A7CE75A2568DBFAB39F5AB80B
:104FF000B8368747C94D7F4696CC484FC46001E814
:105000006A07E441030B6BD9F84206A241A6C5C06A
:10501000E65D073A4527A4D76A3964BED86991A4EA
:10502000950634A5CCC42CEF6F805C58DAC62C4EA4
:1050300056A759CF51778513A7BFF1AB9A996AEC60
:10504000AF0BC14F795F0AC6A25B4FD49A4F41E5BF
:105050005B52AC0DBE375D7FC6D10350007EC3DE10
:10506000A3B0B76AA6146D4BECE9B29878F704BF09
:10507000D0A7DF7D2C930DD3B47F80B12355740668
:105080007143275E27F263EF1F875781E60D755541
:10509000F77F8C792194E3FF0C716FF2A69D2DFFB1
:1050A000591C73E1A108CE860F996CC3F5063278BE
:1050B000072865B2F5378A0C8916666DD968BA6615
:1050C000A46B8F378BF76C8263EDAAF87E7E09881C
:1050D0003FCD9E31358555A4B0830A4809BD63088C
:1050E000E9532164E8805BDA4F5CA52147E3770D43
:1050F0008DF8AD43805FBF34B7E17C595DE10D466B
:10510000CA834EC00C700CB102B2C13CE9241DFD33
:10511000D530B79E3A9F7BC0609F97D4E8112C3062
:10512000AA1792B93C8F2921D9B0C80D48F3330D85
:10513000128AFB3FCD0882DA8A594A05FAE515CF73
:10514000F49448A180EE55D5CB1A8716B8CA138FB0
:10515000691865EC314DBB33E0885C3928297DA79F
:105160006F9D7A1255CA88557953BC06EFFEC54427
:1051700090249D0EACDE17CA10211C855FF9BF0E6E
:10518000FFA65C635BFFA073B3B8854A4B69EDB5BE
:10519000C66D4B70CCC42DAC57A5E4590ABEC8E20D
:1051A000290F509B2277FBA9F8D85CC8AFF0A3B6B3
:1051B000BB299E20CCC855A1156DB38AD67D7BF046
:1051C00027AA95BF771161B86B50031627B2B02993
:1051D000F33A15D07B6266FE78B257B28972C23557
:1051E00086106AA97572ED505387EF5C8AC72D84CB
:1051F000424C51C479C927AF1124117FF7AACA3490
:105200003523655EA2F8FB6BD77CF88DBE3D8185AA
:105210007EAFA29E9ECCFE384F95F75D6C9577676A
:10522000F5B25AACB3FD50BC762A65EDE91D559B2D
:1052300096BA02AA43D336790964DBADD105882E2C
:105240006305F933DE6E930635378E5216B3128A34
:10525000D803619AF42BC87F8E8683FD105D4E4F74
:10526000199183C2D1E23F8C8B7344B10AEB7AF679
:10527000C1FEF653088E7BAAFA852503C8A1125CED
:1052800005901C246A99AF745C065E7E68D0315725
:10529000AAAFB049A8D7AEF49B24022D65EF09D47C
:1052A000DD21899509A8BD8A5FE1E47B1176C19370
:1052B0005E9FF946117CAACEADD7BE72DD8FBE1CB3
:1052C0007A34029B729AAB2460AF94DC93C25E5E28
:1052D000FFF27D4DE06BB0764F70A81F56A8806F2F
:1052E00049D60CF3253D83EB3A5578227A1B5DE3D2
:1052F0009EACB77A77C9A96526C9E9AF3B2A994A16
:105300008F42B89CF68ED79E887102D694C9CB770F
:105310008ED0D6138940F8B629CCA39894A4B76E42
:1053200034E190E79660D1D50336A7F40AD9A2D626
:105330009667DADFBA6FCC6F243DA5735D6F745545
:10534000A609DF67122AE42211A2E915972287B77E
:10535000490462315B440E43D7040AEE12DFAE6F9C
:105360004EBCF88DCC729DA63E5D86D213BC4EEA33
:1053700094A85F9D4FAF750820779C8E404D0845DF
:105380003E239F9FA44BD3DF24921C24D522E13DD2
:10539000BECAC60711B535656C02B5CB7FBAAAC7C0
:1053A0002987F7FFA567DE98661487975DA5023009
:1053B00026BE17CD1B1A8DFF1C76A9A3DEC5B29B96
:1053C00063F54E34BF8754C6D66564865A72536DF2
:1053D0007F7E0C1C2C6D411D45C45E6FABBA827381
:1053E000EC92E5725808F51D1069CABDF09E3BFFAE
:1053F000F612F3009F690201945C929CB1446ADC4E
:10540000E21AB170861610ED415F3B98FDB8B3F11A
:105410002B432C0E9839ECEDEC1A7A8F674A9C904E
:10542000E107BB87C4D7FAAB619A8A1692FDEE2CCE
:105430008DAFB7B99E13016804CF3ACFB6D2049F9F
:10544000835BB2216A01559C708B78EABE2D2C8457
:105450001A37CD50EB78173A42527F2EFA7637DF63
:10546000D604865ECC9333AEC486DE25E2378BB39A
:1054700045F52434E123A330206441785557EA04EC
:10548000C412EA54DFA363E41ED76C8A985D025EFF
:10549000502F3A72AFC409F44B265DFEABCA53F3EA
:1054A0009D4BBFED345FEA8BAECEEBCE3B50DA7551
:1054B000147D59BCBB62FF022243D563233D55686E
:1054C0009F3FA63885A3058DBFB906F7E92AF8875F
:1054D0004696A731C0DE86A4BFD928498BE6A60927
:1054E000653E460E7AF02FADB1A15CE68605CE2171
:1054F000C5E1FB5E8C1C9835A7A175597DA10446BA
:105500005BC244C0A83003B105F2C13C293D0AE2A8
:10551000946BAD8C6ADC62D700DB8EF6E009C428A0
:105520007BDF9A460F9A21026298C011BFED3BF2D1
:105530007D81F33DE8F605DA63F1ED05973CE3CFB5
:10554000B9B7A1A1D1EC54D63A1CA8107FC41880D9
:10555000791C6DE0204BB23EF28D56372D2E74A48F
:105560006D9CFB91DC5B12F738D356E68686B4035C
:10557000015635637945F78BE46FCDD5CD36F15DB6
:105580007EE5083563959771E2C0E05D766AE1D209
:10559000B9107450A9C468C959C2937767BEB8934B
:1055A00009571EBBA325ABF75AAA5EE037F3F1BE3D
:1055B000245BCE6B6CD60489CB3E91D10F7A79B344
:1055C00087BDDFB7A50D43E28741214D83E084739A
:1055D000C54917F8B12121FE28FC77E48938E26536
:1055E00014A12FEA94C0ED11DB98B7544444EE8E19
:1055F000419690C67B65E6ADD7C9D07D7D5D0B3603
:105600007B22A75CB0F339694DD1628DE8AE1B8572
:10561000542A6B9C7842873AE50D3E5F0237BE659F
:10562000C71E93AE2B36A4C22AF764BCCBCA44CAA9
:10563000705AC3A8EB21F73365981AAFE1034A2CDF
:10564000970A3B3166025A044941478C0531D360C1
:105650008F8BA0983CB8017DB21B4AFF40FA874D62
:105660000D204AC0D0E37B8DEC0F4089CEF879FE47
:1056700041ADA05B098F3FABBC842133CCE1135813
:1056800035945C246899AD745E065C816B25625626
:10569000A3A7E54AA1D798A29F2D832D65EF08D433
:1056A000DC21899508A8AC8A5FE1E67B1477C1C745
:1056B0005C96E1121374AA3BFBD7B4F2DD80BE1DE9
:1056C0007837FD4D619BA05A2F5063F6913DA97F1D
:1056D000A9F37178B29647724A76AF17DF577F9079
:1056E00049F37AB52518F5AD1FE5782A93E75DEB08
:1056F000DEF8B5723BE8FD7926BCBFBB3BAA994AF0
:105700008F42B89CF68ED79E8C52B0D39A8E327749
:10571000868882118124ACB421CCA29894A4376EDF
:1057200034E190E79660D1D5023252B309D4AF2A62
:10573000966FAA8BB867B43B2635A5735D6F74D599
:10574000A609DF67122AE42241C0CC168041AAD8FC
:10575000E5834FFF5FC12395D31424A842CD882948
:105760009E8BDECB9C45BBE06E3FA094526968A443
:10577000ED2A78D3BF7C5146D831B9C0105F2F03D2
:105780006EC1EAD9F429A699741569628540247B13
:10579000E6BDB4404913172134F5978F278DDC817E
:1057A00079E501B9F205A8DE3693A4C20C2A25C515
:1057B00076A4D58F4A0036ED1E2E54B1DC9D97DDC0
:1057C00063806B72BFF271BD86654AC05A72752BD9
:1057D0007F5B2AEB55486FFB11967081FFE8AC3573
:1057E0008CB0C23C587DD35B2D39EDF3F09E1CB9D3
:1057F000F637D4462E35254F44993F46823589E108
:10580000FE872441920AF1D85D7EFAA3FBA771C1FD
:10581000255CCD3B964304D6B8F4ECBD33B029A744
:10582000B52588EBD9C326EA6F85631ECED7326DC6
:105830007E8A6BF86D367221F7E2DBA0FCF87CCB38
:10584000D57BB23F473A5D9CF70B04A792737ED29B
:105850007652AC0DBE365DCCBFD20BDE5474CB4E4F
:10586000F304665D11C0E2A1008F5636967D8BA2CF
:1058700077BE4034F811E829731C40707503E80CBA
:10588000F415EA54CF4B37ED0A846E82B00E005601
:10589000647C387AEF970BFC07C426F6FBD905F930
:1058A000F554E9E7502234D55B9469C64303D87DAB
:1058B000182E5BB4A331FD0A0610661213660F346E
:1058C000A164C064CFF82878BDEB0C7FB579FA8F5E
:1058D0002EC5A539B08D84E5F78B22447AB5ACE5A9
:1058E00050582994438253DAB1A05DD12723F70D94
:1058F0008AF2B15E8C5C91357E557C5120E00C4E75
:10590000CBD44FC8042008B905BAC83CB9F603E2A5
:10591000C425A48C2A8F6BD770C231F6F05C3F2966
:10592000F30E3844CB5883002E4F3711B70C4CF28E
:10593000ED75043DBC08F2DAEB59CAB0CBEDC4CD2D
:10594000F49C60F4A2E65180DA107817BBCD180001
:10595000791C6DE0204BB23EF28D56869C2E7C1950
:10596000939CF3C589591A979B2EA119C6CDF803AC
:10597000417FF861F98E538B44641CD5AC07F85411
:10598000EF151E3F0F9AF77B8DA5D3624B2AA29588
:10599000F16D0A5089972D8C12ECBD59479E98B332
:1059A00029571EBB7B93FDFDB20808EAEF8B38EE4A
:1059B000ED01CC63CC8506815B6D93D997297BBBC8
:1059C00007EEDDBF2D5E41BF691B2F1069BAAD9791
:1059D000E91B1DF0312121FE28FC77E48938E265BE
:1059E000CD102FE2553EED2126C9BD18A515E4AC1A
:1059F00052CF91CE7B2DE6ADD7C9D07D7D5D0B36E4
:105A00007B22A75CB0F3396951583387C8134A8F9A
:105A10007727329D7042373AE50D3E5F0237BE650B
:105A2000C71E93AE2B3691BE2AABF1EDC1A2C19B2E
:105A30007A528CF1EA29777B65981AAFE1034A2CF8
:105A4000970A3B3166025A0449412B05543BA7DDB6
:105A5000DE81A8E865B909FD021B4AFF40FA874DBF
:105A60000D204AFD9AE2734CCE7348055BA9737A08
:105A7000C4FCAA53098F3FAB3C842133CCE11358BB
:105A800035945C24952AAD7C1FF95C89F384335CE2
:105A900003FEB340A9D7AFF49EA5032D65EF08D44C
:105AA000DC21899508F91D8A57D4187B1CC3949171
:105AB000565AAC44197CAACEAED63C72DD8FBE1DC0
:105AC0007837FD64729AFD899F58A6D96C35710AA2
:105AD000FFF9A51DE49C4F724A76AF975F577F9000
:105AE00049F37AB52518F5548E5570C37B1A550BBA
:105AF000CBAEBF8E22BEF77126BCBFBBBB2A994A74
:105B00008F42B89CF68ED79E2DD900DB7B31CE7F9D
:105B10008E86D41B9916FABE29CCA2989424B76E0F
:105B200034E190E79660D1D502430CF5004159D697
:105B30009E7B8CDDB2439A6D2C3DA5735D6FF45551
:105B4000A609DF67122AE42241C09DE4C748F3F4A6
:105B5000188B7F2109CB6B53851E2CA842CD88A9B9
:105B60001E8BDECB9C45BBE06E3FA0F5F2DE607184
:105B70003A2F7197492A5B122667B3C8105F2F032B
:105B8000EE41EAD9F429A69974156962640B9473FD
:105B9000E723B0492DF1412B4063C1852F8DDC8176
:105BA00079E581B9F505A8DE3693F1D10D22747639
:105BB000761D198B4314ACBB140ADAE7D6D18A865A
:105BC00062886B72BFF27180D66542C05A72752BC3
:105BD0007F5B9B232C405F0D479C387FA9E2A40B81
:105BE000B7E6CB34587DD35B1069EDFBF09E1CB952
:105BF000F637D4F7E64C2D2BA6CF3532146383E964
:105C00007E5D72489A0AF1D85D43AAA3F3A771C1D9
:105C1000255CCD3B275F7DDEB06EBAB72B3E7FADF6
:105C20008FD970BDD0CB26EA6F855657CEDF326D47
:105C30007E8A6BF86D87BA58FFA6FDF6F6AC529DCA
:105C4000DF73ED7A1133D59CF70B0492DB7376D2B8
:105C50007652AC0DBE36EC04C6DAAB05027E778D0B
:105C6000A50E6E897B96EB29008F5636A3348BAA3E
:105C700077BE40114811E09C2D6448380155E24838
:105C80009043E05CCFF061EC82846E82B00E0056EF
:105C9000647C387A6A220BF4B2775EFE7FCF53F3CE
:105CA000694EBFED580CE8835A1CE9C64303D87D02
:105CB000182E5BB4A3B0520A0EA92C6B1BCE016246
:105CC000ABDCF232C5F00785EBEA84FFB579FA8FD9
:105CD0002EC5A539B08D391A4383D3427ABC1857E3
:105CE0000652ED3215885BDAB1A05D51A723F70D9E
:105CF0008AF2B15E8C5C911418E1747CA6E1059E79
:105D00009D8345245E7702B105BAC83C397603E22B
:105D1000C425A48C2A8F6BD70D3987FE25023D2020
:105D20000B446F4E3B26D40A264F3711B78CCCF26A
:105D3000ED75043DBC08F2DAEB205304C34010CEED
:105D4000FD900FA3A8FE42D7D0187817BBCD98803E
:105D5000791C6DE0204BB23EF28DEF7F2C26B9A46A
:105D60006C94DFC6DE5322A0CC24A919C6CDF883DB
:105D7000C17FF861F98E538B44641C2C45B7F0B594
:105D8000BEEA167334CDFD23A6F2D96A4B2AA2953A
:105D9000716D0A5089972D8C12ECBD597ED799BB35
:105DA000D4561FB31B20ABF7D6AF5EE0E7A1F3B626
:105DB000EC89CC63CC8506815B6D93D9970033BAAF
:105DC0000FB322BF252616E86397744763B2867B1C
:105DD000B11A95F0312121FE28FC77E4893873222D
:105DE000CC18361C55367D4E71C3290BF21FEC863C
:105DF0007C9690467B2DE6ADD7C9D07D7D5D0BEBC3
:105E00003C23AF794FF331C11A0F393BB744408778
:105E10005C2A6B9CF842373AE50D3E5F0237BE655F
:105E2000BE5792A64A3490B6E2A8A6E71995969175
:105E30007252C3A8EBA1F77B65981AAFE1034A2C15
:105E4000973B71306E9B5805419D10525EDB8C8AEA
:105E5000D489A8983CB8817D021B4AFF40FA874D3F
:105E60000D208789D1EB068FCC7AB4D60CA387A1FD
:105E700093F6A253098F3FABBC842133CCE1135876
:105E800035945C246899ADC5270654493CD33984C0
:105E9000FCA9B948BD89AEFC9E25032D65EF08D449
:105EA000DC21899508A8AC8AEE98E673C820C39BCC
:105EB000B6C9FB4E1149F4CFA656BC72DD8FBE1D8C
:105EC0007837FD64729AA8279FE1122364C9F65DB2
:105ED000F50D2E4AEE94192C4B7E2F175F577F90AD
:105EE00049F37AB52518941A3A5D15277B1355BBEB
:105EF0009CA4A32275B4FF7126BCBF3B3B2A994AE0
:105F00008F42B89CF68ED73F3B77085A97CAC65740
:105F1000D6D2DE3BD142F0B629CCA29814A4B76EFB
:105F200034E190E79660D1D50381A3FDF122A2DE92
:105F3000A23FD8D7FE37CE67243DA5735D6F745559
:105F4000A609DF67122AE42241C0CC53C740A2F160
:105F5000190F117503577D078F27A4F443C58829AE
:105F60001E8BDECB9C45BBE06E3FA09443DE68AC4D
:105F7000C42FC58D1D209F18726D97024C5E27039C
:105F80006E41EAD9F429A6997415696285A5947BB6
:105F9000EED8B09917A54BC76A37CBCDC4D1DD89F0
:105FA00079E581B9F505A8DE3693F1D10D22747635
:105FB00076AC608B7F50F8B1587E8EEDDE89C8DC00
:105FC0006B806B72BFF27180D66542C05A72752BBE
:105FD0007FEA535A24403F594D80202BA3EA7E6B21
:105FE000EDEFC334587DD35B1069EDFBF09E1CB917
:105FF000F637D4469F4C9112F2C5F91B4069B47034
:10600000A4077B409A0AF1D85D43AAA3F3A771C104
:10601000255CCD3B96267D4EE53AB0176E6A7588B5
:10602000C57F2BB4D8CB26EA6F855657CEDF326DAD
:106030007E8A6BF86D36C35857BCA9FC4EA60697EE
:1060400094DAEE20183B559CF70B0492DB7376D262
:106050007652AC0DBE365D7DC6225554088E95DC59
:10606000AF3562002F9FE3A9008F5636A3348BAA69
:1060700077BE4034F811E8292265C42D575F665178
:10608000C649E80B95F169EC02846E82B00E0056A9
:10609000647C387AEF970BFC07755FB2A49B59AB11
:1060A000AA1AB5E53751E98B5A9CE9C64303D87D56
:1060B000182E5BB4A331FD0A0610D76BFB3B556865
:1060C0005739A638CD2B5D84E3EA04FFB579FA8F02
:1060D0002EC5A539B08D84AC438B2A417B1CF303BC
:1060E0000CEE76661F80A887B0A85DD1A723F70DB8
:1060F0008AF2B15E8C5C9135B7E17C595DE10911A2
:10610000C9895D970A7D0A9C58BBC03CB97603E2F9
:10611000C425A48C2A8F6BD7708F87F6F8013C0CAE
:10612000AC1065769472DE0268123619370CCCF228
:10613000ED75043DBC08F2DAEB591B05CBE515CF34
:1061400025C15AA97CBB17DDD8A22216B3CD188071
:10615000791C6DE0204BB23EF28D56372D2E74A483
:106160006DFCAC93D43745F5C62C3944C7C5F8034C
:10617000C17FF861F98E538B44641CD50DB6F85C71
:10618000BEEB666061C77124F3F8D1DB162BAA154C
:10619000F16D0A5089972D8C12ECBD59479E98B32A
:1061A00029571E2B2C75A163EDFA54E835FCF2BE7D
:1061B000ED09CC63CC8506815B6D93D997297BBBB8
:1061C00007EEDDBFAD0643E2D74B214D6B8FD97A89
:1061D000B91B15F0312121FE28FC77E48938E265EE
:1061E000CD102FE2551EB51B7BE3ED5EF81717D8D7
:1061F0007D9E91C67B2DE6ADD7C9D07D7D5D0B36EA
:106200007B22A75CB0F34D314F05F9D7E24E48260B
:10621000072B639D7842373AE50D3E5F0237BE6536
:10622000C71E93AE2B3691E272FDAC5F91C09C9974
:10623000B105C2A0EA21F77B65981AAFE1034A2CA9
:10624000970A3B3166025A0421194558B66BD9802A
:10625000DC18F19934B9017D021B4AFF40FA874DE1
:106260000D204AC0D0E37B8DCD261883067F23F412
:1062700099BFEF3208873EABBC842133CCE1135881
:1062800035945C246899AD745E06C4D969D9DD0C77
:10629000A9A3B13FF7D6A7F59E25032D65EF08D436
:1062A000DC21899508A8ACBBE6E1EEF74C75C9374F
:1062B000069CF146117CAACE2FD6BC72DD8FBE1D86
:1062C0007837FD64729AA8279F506B23B06EA3574E
:1062D00015A27B40A0ED19734276AF17FFD17E90D7
:1062E000E9757BB5859EF4AD2A72782292185DE33C
:1062F000FAACB77A7DBCFF7127BCBFBB2927914997
:10630000946193AFCDCD9CCDAC5720F3D48A8D232F
:10631000C1828F33A960F8B65133A39995A5B66FA2
:1063200035E091E69761D0D40333A2F409DDA329C7
:106330009664D8DDB86DCE6D263FA7715F6D765738
:10634000A40BDD651028E6213EC8C45BB83FA0CD94
:106350001BFC38374B836B7AC6576D9642F3C9687E
:106360005FA9DEEDD50CF2D26E3FA0AA029F298E66
:10637000C42E78A41E29534E70A55B28F0A0D0052A
:106380006A40E9DAF72AA79974EA96E106266B854E
:10639000EE274FA131D7A3DCC334C28C2E8CDD8114
:1063A00079E480B9F505A8DF37AC8E31CDC20B4951
:1063B00076D09E08C88B04C51CA56399E6E9785E73
:1063C00063806B73BFF27180D66543C15B72752BBE
:1063D0007E5A2A5A2C4966534D9C0721A3E2AC3DB4
:1063E000E4EFCB3C5002DA42392FECFA8F9F1DC606
:1063F000F23FC466E04CD5BB0E3ECEBDBC9D7BE8F3
:10640000FD0570439909F2D92352BBB28DA70EC383
:106410002154C939E900349FF90AB8817A293C87A7
:106420009B6C63F5EACB18AB2EC47457B1D62B44E2
:10643000387494FBB6ED1883ECF1306F7D4F3A9FC2
:10644000D74CCD41705B159CE93477F3BA40093CD9
:10645000B6AE522E9D15A381472DFCCF9989A5215B
:106460005808724120681CA97C71D5B520CAF7ABC9
:1064700076BE4034F810E929226541795457EAFB89
:106480003BBE6FDB4877E66B05836E824FF1FF59A9
:106490009C84F87AEF57F304088AA0090C66AEF8DA
:1064A000FE1BBEE65B0CE8835A6316394304DF0229
:1064B000E4D224B3A43102F5F913D468136E576003
:1064C000A36CA430CDF00486E8EA04FFB57AF98F16
:1064D0002EC5A53AB38E648C63AB0A615B948421AC
:1064E000247A014437A07BFA91807DFF492D31CB7E
:1064F0004C34779872A26E35B7E1694C48F4185362
:10650000DF955DD008750AB105BAC83C4676DB3A1E
:106510001CFD7C54D5706CD3748B83F2FCC5F8CC15
:1065200007D691A207B4D20662EB33E540FC3303F1
:106530005884FBC343F7F2DA97354F699F8941A32B
:10654000A1F80CCDF48241BB8D740417BBBD40F0A3
:10655000791C6DE0204B4DC3F370A9CA2CD38B5925
:106560006C41244CDDA6ED0ACFF174943F32FF0458
:10657000C77AFD64FF89548E40611BD009B3FF596F
:10658000BAEE193064C80A8E00FD2E67BAD75D686E
:10659000F0B0D58D886AD271133160D4BE619FB4DA
:1065A0002E501ABC7C70AEFABEFD5BEDE3A4F4B3D2
:1065B000E80CCB64CB82F97EA8102E0474D684B884
:1065C000FA1320BCD2A1421796EE20BA944D817CDA
:1065D000B51F10F5352626F82DF972E28E3FE460DE
:1065E000C81529E5523912E688366881D3E813C701
:1065F000917B7DDB84D2E5502A34D38282A20C3198
:106600007D27A259B6F43E6F48083489E7414E828F
:10661000592F6D9B7F45C8C51A1242AFC237BE6560
:10662000C7E16C512BC86E412DF8A3E8CEC5936627
:106630008DACC35614DE74F8E61B992C62FCB5D2FF
:1066400097F4C4CEE581D987CAC2C4AFA9CD247757
:106650002389A8993BA77D8DC2E4B500400578B297
:106660008DA0CA405063FB72328D407EF15478F5A4
:1066700092FDA1500A70C054BC7BDECCCFE2105B0F
:1066800036975FDB9766AE775D065C816BD13155DF
:10669000A8A8B24BA9D6ACF79D26002E66EC0BD766
:1066A000DF2089960BABAC8A5FE1E67B1474C29065
:1066B0005E9DFA45117CAACEAED6BC71DE8C461921
:1066C0007A36FC65739BA9269E516A226D3CA05EBA
:1066D000FCF07849E7954E734BF7AE155BAF8090B1
:1066E00049F37AB52518F5AD3A5578227A1B5DE362
:1066F0009E2C771A47A4F37725BDBFBB3BD5664ACE
:106700008F42BB9AFA96E7FE4CB7C0B3A2D3C271D0
:106710008DD1D6138940F8B629CCA298945BA84EA7
:106720007461106716E0515582B32375885C225658
:1067300016E75A5F3AEF4CEFA4BD25337D708C51BC
:10674000A408DE6693ABE52340C1CD52C641A3F059
:10675000188246760A42AA0486172DAA463577295A
:106760001E8BDECB9C44B8E6622790F4835EA8CCF7
:10677000F43775DD1C29534E7065BBC810A0D003DB
:106780006E41EAD9F4A966F9440D656486A4977D43
:10679000E2C08021812743233C35C38D2F72C3A1E2
:1067A000396501397484285EB61371518DA2F4F6EF
:1067B000F62CE00BCB897B399CA60CA5FE8A6FD901
:1067C00061810A834E937082D29D43C25E7A7D239B
:1067D0007753225E2E499F5F47957928AAEBA5370C
:1067E000E81FC2365C75DB531861E5FFF29F1CB9E8
:1067F000F637D4469F4C2547F0CD3D4E42618BE99C
:10680000FE0673409A0AF1D85D43AAA3F3A771C1AB
:10681000255CCD3B96267DD6B038B8BF3B687DA5BC
:10682000BD252ABCD8CB26EA6F855657CEDF326D00
:106830007E8A6BF86D36C358F7EAABF4FEF0049F1E
:10684000D773B221103B559CF70B0492DB7376D2C1
:106850007652AC0DBE365D7DC6D203560076C3DEE1
:10686000A7066E5D2E97E3A9008F5636A3348BAA38
:1068700077BE4034F811E829226540785557EA047C
:10688000C441E85CCFF061EC02846E82B00E005629
:10689000647C387AEF970BFC07755FF6F39951FB30
:1068A000FD18BDE5580CE8835A9CE9C64303D87D22
:1068B000182E5BB4A331FD0A0610D76B136E576018
:1068C000A36CA430CDF00785EBEA04FFB579FA8F0D
:1068D0002EC5A539B08D84AC438B2A417BB4A4016D
:1068E000045A216417805BDAB1A05DD1A723F70DAC
:1068F0008AF2B15E8C5C9135B7E17C595DE10D4661
:10690000CB814DC008750AB105BAC83CB97603E21F
:10691000C425A48C2A8F6BD7708F87F6F8013C288A
:10692000FB126D46C370D602264F3711B70CCCF25E
:10693000ED75043DBC08F2DAEB591B05CBE515CF2C
:10694000F59458A1A0EE15D5D8187817BBCD1880AE
:10695000791C6DE0204BB23EF28D56372D2E74A47B
:106960006D9CFB91DC5B12F7CE2CA919C6CDF80308
:10697000C17FF861F98E538B44641CD50DB6F85C69
:10698000BEEB1E3763CFF573F1F0D16A4B2AA295A7
:10699000F16D0A5089972D8C12ECBD59479E98B322
:1069A00029571EBB7B77A9FFBAF85CE8E7A1F3B6CD
:1069B000EC09CC63CC8506815B6D93D997297BBBB1
:1069C00007EEDDBF2D5E41EA6B1323456BB2867B7C
:1069D000B11A3EF2A22276FA7FF820E0DE3CB561E1
:1069E0009A1478E6023ABA1D24CFE258A713BB8264
:1069F0002B92C7C22C29B1A980CD87792A595C3244
:106A00002C26F058E7F76E6D1A09668BB7421F8384
:106A10000B2EF89F5340373AE50D3E5F9134E96104
:106A2000901AC4AA7C32C6BA7DFBF3EB9EC6C39D06
:106A3000255694ACBC25A07F329C4DABB6071D28D3
:106A4000C00E6C3531060D001E45105401378C8C7C
:106A50008B8DFF9C6BBC5679551F1DFB17FED049D3
:106A60005A24D9C3D0E3508F9A76178559AF2CF2A8
:106A7000C6FAF5575E8B68AFEB8076379BE5445CD2
:106A800062900B203F9DFA7009020B853CD5665041
:106A9000FCAFE64CFED3F8F0C921542932EB5FD0AD
:106AA0008B25DE915FACFB8E08E5B17F4373969733
:106AB000759C6A454678FDCAF9D2EB768A8BE9194E
:106AC0002F33AA60259EFF23C8543C273B39F65B31
:106AD000AAF52E4CB19018761D72F813085328941D
:106AE0001EF72DB1721CA2A96D512F262D1F0AE78A
:106AF000C9A8E07E20B8A87571B8E8BFA829CE4E15
:106B0000D846EF98A18A809ADB7357D7C5CF99737F
:106B1000D9D48117DE44AFB27EC8F59CC3A0E06A29
:106B200063E5C7E3C16486D15536F4F15FD8F5D289
:106B3000C1638DDBED6B9B6B7339F2770A6B23516D
:106B4000F10D8863452EB32616C49B579044F5F586
:106B50004E8710735CC77C01D0127BAC15C9DF2D4A
:106B6000498F89CFCB41ECE4393BF79014DA3FA849
:106B7000932B2EDF482C044A2761ECCC475B780727
:106B80003945BDDDA32DF19D23113E66D2A1C37F02
:106B9000B9DCE74516A314276B31948978898B8576
:106BA0002EE1D6BDA201FFDA6197A6D55A2623723F
:106BB00021A8378F1C0CADBD4B22DBE18991C0D9D8
:106BC00034843C76E8F62684816115C40D76222F44
:106BD000285F7D5E7B4C305F12902F2DFCEEF331F1
:106BE000BBE394300F79845F476DBAFFA79A4BBD22
:106BF000A1330C62A43238F8ED7220F15FDE9656B4
:106C0000E3B96EFF87B5EC6740FCB71CEE186C7EED
:106C100038E3D0848B996069AD87A50026D7601AC8
:106C2000E1ABF2988FCF71EE3881015399DB656942
:106C3000298E3CFC3A32945CA0EEFCF0E7C5DB7098
:106C4000288C4DDEEFC4AA6308F4FB6D248C892DDB
:106C500089AD53F241C9A282392DFCA9FF893C219B
:106C600058F991A2D1681C56FF70A9C95CCB745524
:106C70004EFB1730AF15BF2D7561177C0253BD0059
:106C80009345BF5898F436E8DF32917DEED9391339
:106C90005D39013FD6D232B93E3066B3CADC68BE38
:106CA000C45D84A06149D1C663D9D0837A46E138F6
:106CB000216B62F19A74C44FDBA628940EA900647C
:106CC000F468F3349AF45081BCEE53FBE27DAD8B53
:106CD00079C1F23DAD4A7B5339DE7D452CB0F305D9
:106CE000535E766040840CDEE6A40AD5F027A00946
:106CF000DDF6E65ADB58C631E0E52B5D0AE55A427F
:106D00009C851AC43130F54EFA459F38EE7254E630
:106D10009321F3887D8B3CD3278BD0F2AF056B2C6E
:106D2000E6D592B9FA358106714B6015E0089BF6FD
:106D3000BA715339EB0CA5DEBC5D4C019CE142CB32
:106D4000A2900FA5F7EA42D18F1C2F13ECC94F84F4
:106D50004059921FDFB4E53AA58901337A2A23A06E
:106D60003A98AC958B5F45F39928FE1DDB0A07FC2A
:106D7000F83AAF65AE8A048F13604BD15AB2AF5860
:106D8000E9EF493334CBA277A6F4866E1C2EF59139
:106D9000A6695D54DE937A8845E8EA5D7EDB674C40
:106DA000D6A849BF2C73FEFBEDFC0BECB0A5A4B23A
:106DB000BB0D9B679B81518546AA6C26AE6C2CBF90
:106DC00050EA8ABB7A5A16EE3C1774413CB6D17F22
:106DD000E61E42F4662576FA7FF820E0DE3CB561D7
:106DE0009A1478E6023ABA1D4A8E4AA30FE8BB828B
:106DF0002B92C7C22C29B1A980CD87792A595C3240
:106E00002C26F058AD34C6967448668BB7421F8363
:106E10000B2E3C982F46603EB209695B5533E96101
:106E2000901AC4AA7C32C6BA7DFBF3EB9EC6C39D02
:106E3000255694ACD26408849A674DABB6071D28DA
:106E4000C00E6C3531060D001E45105401378C8C78
:106E5000C14E576705FD5679551F1DFBDC5C78B2A6
:106E600071B61DC487E72C89B727BF7E9074E3E213
:106E7000C6FAF557919B6164437B5B669BE5445C76
:106E80000CD1A3DB9766FA7009020B853CD56650DE
:106E9000FCAFE64CFED3724261DA3A687828F72BF1
:106EA000E564DE915FACFB8EA01E1984CB809697C3
:106EB000099AAE428DDA5531512985378A8BE91905
:106EC0004172029B8D65B5E0C8543C2755785EA0A1
:106ED000020E2E4CB19018761D72F81308532894A8
:106EE0001EF7854ADAE7CCE8279287DD435E0AE79A
:106EF000C9A8E07E4C3A008E9CD9E8BF6C2ECE4EDD
:106F00009677267BEB494F8ADB7357D7C5CFD3B033
:106F10005127EF56DE44AFB210895D676B5BE06AC4
:106F200063E5C7E3C16486D15536F4F15FD85D29C6
:106F30006998E39AA7A833901D78F2770A6B2351DA
:106F4000F10D8863452EB32616C49B579044F5F582
:106F50004E8710735CC77C01D0127BAC15C9DF2D46
:106F6000498F89CFA500441F91C0F79014DA3FA83C
:106F7000932B2EDF482C044A27614437EFA0164696
:106F800073861526CD6CF19D23113E66D2A1C37F79
:106F9000B9DCE74516A314276B31948978898B8572
:106FA0002EE1D6BDA201FFDA6197A6D55A2623723B
:106FB0004FE99F74B4F7ADBD4B22DBE18991C0D995
:106FC00034843C76E8F68E7F299A7B8547B58AD44F
:106FD000461E7D5E7B4C305F12902F2DFCEEF33110
:106FE000BBE394300F79845F476DBAFFA79A4BBD1E
:106FF000A1338342C8487243A7C96A4A7B247416E6
:1070000001F92444CD0EA6DC0A47FDA7A4A326C59A
:10701000725832C469D94493ADFF4740022D2AA16A
:10702000EA217DB88FCF71EE3881015399DB656914
:10703000298E3CFC3A32945CA0EEFCF0A9F4539B00
:107040008077E525473F0298CE4EFB6D248C21D6F4
:107050002156FB09E9320A7991D6545257723C21E4
:1070600058F9571833501C5639CA0132F430DCAE87
:1070700020BA1730AF15BF2D7561177C0253BD00C4
:107080009345BF5898F436E855803986E70A575239
:1070900033786F7ED6D2F403F88A08F2A49D06FFF7
:1070A000AA1CEAE10F08BF870D981639BCFCE1382D
:1070B000C598A44B7E9FC4373F2DEE562A536E5D74
:1070C0009A519D0DF4CD3EB8D2D73DC26D5DAD8BCA
:1070D00079C1F23DE789D3A85ABE137C42899D3C11
:1070E00098C4DE9B49570CDEE6A40AD5F027A00918
:1070F000DDF6E65ADB586ECA481E451C44D4F2B988
:10710000347EB23FF78AF54EFA4537C34689FC1DF7
:107110003BDA5B73D57094288F701B6820256B2C2D
:10712000AC16F1E03C8F29FDD9B0C8EE48F3330D21
:1071300097205339EB0CA5DEBC5D4C019CE142CBA2
:10714000A290A75E5F11C87B8F1C6122667B0547FA
:1071500064DB70273D8CAFF9EF4A4BF030E969638F
:10716000705BE65623A4ED0831D335875ED964A55C
:107170003E802796E4494E4C99D225905AB2AF589A
:10718000E9EF493334CBA277A6F4866E1C2E5D6AF4
:107190000E92F5AF543934B945E8EA5D109ACFB78D
:1071A0007E5349BF2C73FEFBEDFC0BECB0A5A4B2E3
:1071B000342D11D5337AF97E8482CD1668D6667C5B
:1071C00050EA8ABB7A5A16EE3C1774413CB6D17F1E
:1071D000E61E42F4662576FA7FF8293376C71D9AB3
:1071E00032EFD01DAAC112E68C344AA30FE81379FE
:1071F00083696F3984D2195228364CE3A5795C3201
:107200004267BA9B4F0CC696B2F2EE60B7421F833C
:107210000B2E3C982F46603EB209695B5533E961FD
:10722000901AC4AA7C32499AB659B92816356B66A9
:107230008DAD3C5714DEEABC785F0768FCC457EBA1
:107240008ACD26F67BC547C354865E6501378C8C94
:10725000E5CCB55FC347FE82551F1DFB17FED04925
:107260005A241DC487E72C899A76178559AF2CF2CA
:10727000C6FAF5575E8B68AF6373DECC331E8FFEA4
:10728000EDB00B203F9DFA7009020B853CD566508E
:10729000FCAFE64CFED3F8F0C921542932EB5FD0A5
:1072A000C51490A05FACFB8E08E5B17F4373969741
:1072B000099AAE424678FDCAF9D2EB768A8BE91973
:1072C0002F33E4518D65348147743C273B39F65B9D
:1072D000AAF52E4CB19018761D72F8130853289415
:1072E0001EF72DB1721CA2A96D512F262D1F0AE782
:1072F000C9A8E07E20B8A87571B8E8BF6C2ECE4E44
:10730000D846EF98A18A809ADB7357D7C5CF5663CA
:1073100016C48117DE44AFB27EC8F59CC3A0E06AF4
:1073200063E5C7E3C16486D15536F4F15FD8F5D281
:10733000C1638DDBED6B9B6B7339F2770A6B235165
:10734000F10D8863452EB32616C49B579044F5F57E
:107350004E8710735CC77C01D0127BAC15C9DF2D42
:10736000498F89CFCB41ECE4393BF79014DA3FA841
:10737000932B2EDF482C044A2761ECCC475B78071F
:107380003945BDDDA32DF19D23113E66D2A1C37FFA
:10739000B9DCE74516A314276B31948978898B856E
:1073A0002EE1D6BDA201FFDA6197A6D55A26237237
:1073B00021A8378F1C0CADBD4B22DBE18991C0D9D0
:1073C00034843C76E8F62684816115C40D76222F3C
:1073D000285F7D5E7B4C305F12902F2DFCEEF331E9
:1073E000BBE394300F794058476DBAFFA79A4BBD65
:1073F000A1338342C8487243A7C96A4A1565DCEDC8
:10740000A9022444CD0EA6DC0A47FDA7A4A326C5E5
:1074100072589A3FC1222AD2E73CEFBB6C6C2AA17A
:10742000EA217DB88FCF71EE3881015399DB656910
:107430002F8940FA3A32945CA0EEFCF0A9F4539BF9
:107440008077E525473F0298A00F53968C7721D689
:107450002156FB09E9320A7991D65452577294DACF
:10746000F00239597993B4AD578B0132F430DCAE68
:1074700020BA1730AF15BF2D7561177C7E55EA0411
:107480005742BF5898F436E855803986E70A575274
:1074900033786F7EB8935CF8507108F2A49D06FFB4
:1074A000AA1CEAE10F08BF870D98BEC214078F79A6
:1074B0004F2A0CB0F435AA0E5114806F446A006450
:1074C000F468F3349AF49486EBEA04FFB579D18D2D
:1074D000BDC6F23DE789D3A8148F7D452CB0F305D6
:1074E000535E766040840CDEE6A40AD5F027A0093E
:1074F000DDF6E65ADB58C631E0E52B5D0AE55A4277
:107500009C851AC45F715DB552BE9F38EE7290E1E2
:10751000EF27A48C2A8F6BD7318FEAF42C026B2CC7
:10752000AC163A4294748106714B6015E0089BF6E4
:10753000BA715339EB0CA5DEBC5D4C019CE142CB2A
:10754000A2900FA5F7EA42D18F1C2F13ECC94F84EC
:107550002E183AE4774FE53AA5898234402C35A4B9
:107560006D9CBA914F5845F39928FE1D91C9AF07FC
:10757000967BAF65AE8A048F13604BD15AB2AF5879
:10758000E9EF493334CBA277A6F4866E1C2EF59131
:10759000A6695D54DE937A8845E8EA5D109ACFB714
:1075A0007E5349BF2C73FEFBEDFCCFEBA6A19EB42E
:1075B000BB0D9B679B8151850C69C4DDC02D2CBF21
:1075C00050EA8ABB7A5A16EE3C1774413CB6D17F1A
:1075D000E61E42F4662576FA7FF820E0DE3CB561CF
:1075E0009A1478E6023ABA1D24CFE258A713BB8258
:1075F0002B92C7C22C29B1A9BACB047E2A595C327E
:107600002C26F058E7F76E6D1A09668BB7421F8378
:107610000B2E3C98A066CC5738A323E0DDD8419AC6
:1076200038E1CD613689CD3033CAF3EB9EC6C39DB8
:10763000255694ACBC25A07F329C4DABB6071D28C7
:10764000C00E6C35B2010D001E45105401378C8CF4
:107650008B8DFF9C6BBC5679551F1DFB19BF9AF291
:10766000F2DFB53F2F1C8472328D1E56F15484090F
:107670006E015DACF670A17487FAB9279BE5445C96
:1076800062900B203F9DFA7009020B853CD5665035
:10769000FCAFE64CFED3F8F0C921542932EB5FD0A1
:1076A0008B25DE91119DB135A01E1984EB883E6CAF
:1076B000C238AE424678FDCAF9D2EB7605AB4568D2
:1076C000A581029B8D6536F8250D3C273B39F65B7D
:1076D000AAF52E4CB19018761D72F8130853289411
:1076E0001EF72DB1721CA2A96D512F262D1FE78602
:1076F000414348856A7BA634BEA8E16CC4D5232FDC
:10770000D846EF98A18A809ADB7357D7C5CF165316
:10771000127629EC76BF6428B1D8F59CC3A0E06A44
:1077200063E5C7E3C16486D15536F4F15FD8F5D27D
:10773000C1638DDBED6B9B6B1F435A8CA2904FD3C3
:10774000F10D8863452E7C369E3713BC5F54F5F5EA
:107750004E8710735CC77C01D0127BAC15C9911C9D
:10776000806C2134C28A23F4393BF79014DA3FA8A5
:10777000932B2EDF482C044A2761ECCC475B78071B
:10778000394550BC0BD6796E6D203E66D2A1C37FC1
:10779000B9DCE7453BF2BCDCA093948978898B8502
:1077A0002EE1D6BDA201FFDA6197A6D595362AA1B2
:1077B00089533E441C0CADBD4B22DBE18991C0D9FD
:1077C00034843C76E8F62684816115C403378AD474
:1077D000A0AC336F7B4C305F12902F2DFCEEF33159
:1077E000BBE35DD38792845F476DBAFFA79A4BBD19
:1077F000A1338342C8487243A7C96A4A1CB67416AB
:1078000062982444CD0EA6DC0A47FDA7A4A326C592
:1078100072589A3FC122E5C26FD74740413D2AA125
:10782000EA217DB88FCF71EE3881015399DB09EBE6
:10783000817532BD3A32945CA0EEFCF0A9F4539B02
:107840008077E525473F02986F1F9A75248CCCB747
:107850002156FB09E9320A7991D65452577294DACB
:10786000F00255DBD1687F0F578B0132F430DCAE6C
:1078700020BA1730AF15BF2D7561193DAAA8506108
:107880009345BF5898F436E855803986E70A575231
:107890007D4964F4778352B9F88AC129A49D06FF13
:1078A000AA1CEAE10F08BF870D98BEC29B2707926A
:1078B000C7D9C3A0F435AA0E5114806F446A00647E
:1078C000F468F3349AF41EB014153F79E27DAD8B61
:1078D00079C1F23DE789D3A8148F7D4580C15BFE55
:1078E00078CC76600A47A4254AD50AD5F027A009A6
:1078F000DDF6E65ADB58C6314C9483A621775A420E
:107900009C851AC45F715DB552BE9F38EE7254E615
:107910009321F388D5703518278BD0F2AF056B2CE7
:10792000AC161713B9258106714B69C648F3F5B734
:107930003551FBC2E2C7A5DEBC5D4C019CE142CBE8
:10794000A2900FA5FE21EA2A003C2F13ECC94F8418
:107950002E183AE4774FE53AA58901337A2A23A015
:10796000561A046E272E45F39928FE1D91C9E5C4C9
:107970003E80C124AE8A6ACEBB9BC1635AB2A68B3D
:107980004114C61334CBA277A6F4866E1C2E3A811E
:107990000E925487DE937A8845E8EA5D109ACFB755
:1079A0007E5349BF2C73FEFBEDFC0BECB0A56D5173
:1079B00033E614479B8151850C69AA9C68D66604FE
:1079C00050EA8ABB3099BE15B33718C3944D7D0E6B
:1079D000E61E42F4662576FA7FF82EA176C77EC3AE
:1079E0009A1478E6023ABA1D24CFE258A713BB8254
:1079F0002B92C7C22C29B1A980CD893882A2D698F2
:107A00002C26F058E7F76E6DD1ABCE70F9731F835B
:107A1000A75F9463C2276E7F1AF2E3E95533E961E9
:107A2000901AC4AA7C322BDBD5009F699EC6C39DE9
:107A3000255694ACBC25A07F329C4DABB6071D28C3
:107A4000C00E6C3531060D0094F7B8AF0F768C8CF4
:107A50008B8DFF9C46EDFE82399D1DFB79BF78B270
:107A600036A692E42F1C664A9A76178559AF2CF2F7
:107A7000C6FA99D5F67085CEEB8076379BE5445CE7
:107A800062900B203F9DFA7009020B853CD5665031
:107A9000FCAFE64CD382500B4393542932EB5FD0BA
:107AA0000405766A940EFB8E08E5198409B0969752
:107AB000A161A7894678FDCAF9D2EB768A8B859BAE
:107AC00087C8A421259EFF23C8543C273B39F65B79
:107AD000AAF52E4CB19018761D72F8130853231E88
:107AE000B60C854A5F4DA2A96D512F26E20FA21C4C
:107AF000836BE07E20B8008E3B7BE8BFC4D566B5C3
:107B0000D846EF98A18A809ADB733B556D34F5F126
:107B1000D9D48117DE44AFB27EC8F59CC3A0E06A19
:107B200063E5C7E3C16486D1F9475C0A151B7AF2A5
:107B3000C1638DDBED6B9B6B1D785A8C66E923511D
:107B4000BF3C20988E8C7C36BE3FD1949044F5F596
:107B50004E8710735CC7724078E9172E15C9DF2D68
:107B6000498F89CFCB41ECE4393BF79014DA51913E
:107B7000FD1240E683B6ACB12761ECCC475B7807D9
:107B80003945BDDD0F5C5966CE703E66BCE06B8446
:107B9000D55EE904BE585EE46B31948978898B85A3
:107BA0002EE1988C0AFAB5196197A6D55A26237248
:107BB00021A8378F1C0CADBDC190731A216A6822B1
:107BC0009C7F948DA6C72684816115C40D76ED3FF8
:107BD000E184D5A5B45C305F390287D6D1BF1E5091
:107BE0001318BFA20F79845F476DBAFFA79A4BBDE8
:107BF00068D02BB907587243A7C96A4A1565DCEDEE
:107C0000A9022444E05FCA5E66C591256F018E3EDD
:107C10007C199A3FC1222AD2E73C2419C4974623F3
:107C2000EA217DB8073CF91D38818BE131204838C5
:107C3000298E3CFC3A32945CA0EEFCF06256FB606C
:107C40006D16E525473F0298A00F53968C7721D6F5
:107C50002156FB09E9320A799F97FCA9593394DA36
:107C6000F002395915111C565E58CE22F430B02C52
:107C700088417BB2600517D6DD9AD86C0253BD00EF
:107C80009345BF5898F436E85BC1917DEEC15752D9
:107C900033786F7EB8935CF8507108F2A49D06FFAC
:107CA000AA1CEAE10149177C20C9BEC214078F79DA
:107CB000C59805633B25AA0E1F250884CC99CF746F
:107CC00058195BCF51565081BCEE53FBE27DAD8B12
:107CD00079C1F23DE789996BBC7450142CB0F3055F
:107CE000535E766040840CDEE6A464EC9E1ECE30CB
:107CF000719F4EA13639C631E0E52B5D0AE55A4247
:107D00009C8554F5D79AF54E7FEF10186699FC1DA7
:107D10001C01F3887D8B3CD3278BD0F2AF056B2CF5
:107D2000AC1634033C8F09EDBE5B6015E0089BF692
:107D3000B1FBFBC243F70D2514A6E4FA341ACA3886
:107D40002DB00FA5F7EA42D18F1C2F1323D9C76F8F
:107D500086E3D785774F6F900D72CA917A2A23A058
:107D60003A98AC958B5F45F39928FE1D91C9AF07F2
:107D7000BDE9079EA741048F136005E0F24925EA9B
:107D8000856D25B15849CEF58BA5094E1C2EF59170
:107D9000A6695D54DE937A888AF862AEFDFBCFB7A0
:107DA0009332E144E59031EBEDFC0BECB0A5A4B2CD
:107DB000BB0D9B679B8151850C69C4DDC02D667C22
:107DC000F81141217A5A18AF94EC7A003CB6D17F71
:107DD000E61E42F4662576FA7FF820E0DE3CB561C7
:107DE0009A1478E6023ABA1D24CF0F390FE81379B6
:107DF00065A3C7C22C29B1A980CD87792A595C32E5
:107E00002C26F058E7F76E6D1A09A99BBE91B7783A
:107E100002E511C987BD6E7FB209695B5533E9611F
:107E2000901AC4AA7C32C6BA7DFBF3EB9EC6C39DF2
:107E3000255694AC917408849A67A0CAB6071D2889
:107E4000C00E6C3531060D001E45105401378C8C68
:107E50008B8DFF9C6BBC56799A0F5738BF0578B253
:107E6000F2DF714687E72C899A76178559AF2CF295
:107E7000C6FAF5575E8B68AFEB8076379BE5445CBE
:107E8000490283D312CCFA7009020B853CD56650A7
:107E9000FCAFE64CFED3F8F0C921542932EB5FD099
:107EA0008B25DE915FACFB8E23771984EB885F4CCA
:107EB000A5F321624678FDCAF9D2EB768A8BE919DF
:107EC0002F33AA604BA7FF23C8543C273B39F65BEE
:107ED000AAF52E4CB19018761D72F8130853289409
:107EE0001EF72DB1721CA2A96D512F262D1F0AE776
:107EF000C9A8E07E20B82755FB0A4044C4D566B522
:107F0000D18D2402CDF0ECE0B7093BAD8F74318800
:107F1000712F2D66DE44AFB27EC8F59CC3A0E06A27
:107F200063E5C7E3C16486D15536F4F15FD876D5F1
:107F3000C1638DDBED6B9B6B7339F2770A6B235159
:107F4000F10D8863452EFD177A46928438BF5D0E89
:107F5000E67CB888F43CD4FA78E9F35F9F7B911C07
:107F6000498F89CFCB41ECE4393BF79014DA3FA835
:107F7000932B2EDF482C044AA466D6CA475B7807A9
:107F80003945BDDDA32DF19D23113E66D2A1C37FEE
:107F9000B9DCE74516A31427E4119AC876C8E707A9
:107FA000C380D8FCEC30FFDA6197A6D55A2623723D
:107FB00021A8378F1C0CADBD4B22DBE18991C0D9C4
:107FC00034843C76D2F03080456615C40D76222F7D
:107FD000285F7D5E7B4C305F12902F2DFCEEF331DD
:107FE000BBE394300F79845F476DBAFFA79A4BBD0E
:107FF000A1338342C8487243A7C96A4A1565DCEDBC
:10800000A9022444CD0EA6DC0A47FDA7A4A3E2C220
:10801000645CCD3BD72610D4643BEFBB6C6C2AA1CB
:10802000EA217DB88FCF71EE3881015399DB656904
:10803000298E3CFC3A32945CA0EEFCF0A9F4539BF0
:108040008077E525473F0298A00F53968C7721D67D
:108050002156FB09E932897EABD042560076C3DE59
:10806000E606035FFA94B4AD578B0132F430DCAE10
:1080700020BA1730AF15BF2D7561177C0253BD00B4
:108080009345BF5898F436E855803986E70A575229
:1080900033786F7EB8935CF8507108F2A49D06FFA8
:1080A000AA1C69E6350EA9835A9CA8C6D0008F7910
:1080B0004F2A0CB0F435AA0E5114806F446A006444
:1080C000F468F3349AF45081BCEE53FBE27DAD8B3F
:1080D00079C1F23DE789D3A8148F7D452CB0F30513
:1080E000535E766040840CDEE6A40AD5F027A00932
:1080F000DDF6225DCD5CFC37E0E52B5D0AE55A42FA
:108100009C851AC45F715DB552BE9F38EE7254E60D
:108110009321F3887D8B3CD3278BD0F2AF056B2C5A
:10812000AC163A4294748106714B6015E0089BF6D8
:10813000BA715339EB0CA5DEBC5D4C019CE142CB1E
:1081400098968CA2F7EA42D18F1C2F13ECC94F846A
:108150002E183AE4774FE53AA58901337A2A23A00D
:108160003A98AC958B5F45F39928FE1D91C9AF07EE
:10817000967BAF65AE8A048F13604BD15AB2AF586D
:10818000E9EF493334CBA277A6F4866E9F29F591A7
:10819000A6695D54DE937A8845E8EA5D109ACFB708
:1081A0007E5349BF2C73FEFBEDFC0BECB0A5A4B2D3
:1081B000BB0D9B679B8151850C69C4DDC02D2CBF15
:1081C00050EAC48A1463D9FE3C1774413CB6D17F8F
:1081D000E61E42F4662576FA7FF820E0DE3CB561C3
:1081E0009A1478E6023A974C48B58E22CB69D7F8B4
:1081F00047E8ABB840531DC00FED87792A595C3270
:108200002C26F058E7F76E6D1A09A99B3DE8B77860
:10821000A3D5B4736177603EB209695B5533E961F8
:10822000901AC4AA7C32C6BA7DFBF3EB9EC6C39DEE
:108230002C853C5714DE08849A67E5501EFCB5D3A4
:1082400068F5C4CEB9ED43311E45105401378C8C0E
:108250008B8DFF9C6BBC9DDBFDE4B500DE1D78B211
:10826000D2CF53F587E72C899A76178559AF2CF230
:10827000C6FAF5575E8B68AFEB809B56331ECCAFCA
:10828000285341E3755EB0B343C141467616AFB3A0
:1082900054546CFEFED3F8F0C921542932EB5FD060
:1082A0004087766AF75716EFC7F5B8ACEB881E7CA7
:1082B00047ABAE424678FDCAF9D2EB768A8BE91914
:1082C0002F33AA60259E93A160AF76E43B39F65B1D
:1082D000AAF52E4CB19018761D729652A0A8806F08
:1082E0001EF72DB1721CA2A96D51E48485E4A21C75
:1082F00024C9E07E20B86765786B4044E4C5807F80
:10830000D846EF98A18A809ADB7357D7C5CF997367
:10831000D9D4ED9576BFE5717EC8F59CC3A0E06A1F
:1083200063E5C7E3C164E890FDCD5C0A5FD8F5D290
:10833000C1638DDB26C93390DBC21F160A6B235144
:10834000F10D88638A3EBAF5BE3F13BCDE75F5F5C4
:108350004E8710735CC77C01D0127BAC15C9B3AFDC
:10836000E174C30CCB41ECE4393BF79014DA3FA83D
:10837000932B409EE0D7ACB12761ECCC475B956670
:1083800091BE15264E4CF19D23113E66D2A1C37FAE
:10839000B9DC28551F70BCDC218A948978898B85CB
:1083A0002EE1D6BDA201FFDA6197CA57F2DD69B1AD
:1083B00021A8378F1C0CADBD4B22DBE18991AE9813
:1083C0009C7F948DE8F6268481617946A58DE98DA0
:1083D000285F7D5E7B4C305F12902F2DFCEEF331D9
:1083E00034C33CCBA782845F476DBAFFA79A4BBDCD
:1083F000A1338342C8481EC10F3220891565DCEDC8
:10840000A9022444CD0EA6DC0A4793E60C588E3E02
:1084100072589A3FC12207834FC74740810D2AA156
:10842000EA217DB88FCF71EE3881CE439010CD9286
:10843000A33C3CFC3A32945CA0EEFCF0A9F4539BC4
:10844000807789A7EFC4485BA00F53968C7721D61D
:108450002156FB09E9326438392DFCA9577294DAA8
:10846000F0023959B2311C56FF70EC53F430DCAED7
:1084700020BA17306005B6E6DD9A9F8F4C62BD00CA
:108480009345BF5898F436E855803986E70A3BD0C3
:108490009B8325BDB8935CF8507108F2A49D06FF3C
:1084A000AA1C84A0A7F3177C0D98BEC214078F796D
:1084B0004F2AC7125CCE02F5BC75806F446ACF7438
:1084C000FDA35BCF12071EB0BCEE53FBE27DAD8B6C
:1084D00079C1F23DE789D3A8148F11C7844BFACE36
:1084E0003D6718592EBD62E7889D64EC9E1ECC73D3
:1084F000750D6EA9DB58C631E0E52B5D0AE55A42E1
:108500005727B23FF78AB0D49DAE96F34689DC1563
:10851000DD10F3887D8B3CD3278BD0F2AF056B2C1D
:10852000AC163A429474CF37D9B0C8EE48F3330D45
:10853000128AFBC243F70D2514A6E4FA341A89699E
:10854000A2900FA5F7EA42D18F1C2F13ECC9842605
:1085500086E3921FBE944DC12D7A4F027A2A23A042
:108560003A98AC958B5F45F39928FE1D91C9AF07EA
:10857000967BAF6583DBCD6CBB9BE32AF24907A3F7
:108580004114E1C89C300A8C6D56497E1C2EF59131
:10859000A6695D54DE937A8845E8254D9A28674C94
:1085A000D6A8805C6242FEFBEDFC0BECB0A5A4B249
:1085B000BB0D9B679B8151850C69C4DDC02D2CBF11
:1085C00050EA8ABB7A5A16EE3C1774413CB6D17F0A
:1085D000E61E42F4662576FA7FF820E0DE3CB561BF
:1085E0009A1478E6023ABA1D24CFAC69C952BB820C
:1085F0002B92C7C22C29B1A980CD87792A595C3228
:108600002C26F058E7F76E6D1A09668BB7421F8368
:108610000B2E3C982F46603EB209695B5533E961E9
:10862000901AC4AA7C32C6BA7DFBF3EB9EC6C39DEA
:10863000255694ACBC25A07F329C4DABB6071D28B7
:10864000C00E6C3531060D001E45105401378C8C60
:108650008B8DFF9C6BBC5679551F1DFB17FED049B7
:108660005A241DC487E72C899A76178559AF2CF2B6
:10867000C6FAF5575E8B68AFEB8076379BE5445CB6
:1086800062900B203F9DFA7009020B853CD5665025
:10869000FCAFE64CFED3F8F0C921542932EB5FD091
:1086A0008B25DE91D08C3014425EFBC409C8DC2CD3
:1086B0004321E4F90CC3B771D483EB768A8BE919B3
:1086C0002F33AA60259EFF23C8543C273B39F65B15
:1086D000AAF5A16CFFA118761D72F813085328940F
:1086E0001EF72DB1721CA2A96D512F262D1FC5F7A3
:1086F000414348858843008ED9434044C4D566B57C
:1087000070BD476309712CEBDB7357D7C5CF9973E5
:10871000D9D48117DE446410D633991E0CB029B128
:10872000CB1EEAB2C16486D15536F4F15FD8F5D2DA
:10873000C1638DDBED6B9B6B73399EF5A290EAB242
:108740009D8FE4E129ACDFA47A46F7D5FCC67F47CC
:10875000E67C19B85CC77C01D0127BAC15C9DF2D53
:10876000498FC30C63BA441F91C05F6BBC21532A6D
:10877000932B2EDF482C044A2761ECCC475B78070B
:108780003945BDDDA32D9D1F8BEA74A5D2A1C37F02
:10879000B9DCE74516A314276B31FAC8D072237EE3
:1087A0002EE1D6BDA201FFDAAE87C8EC776FAB9998
:1087B00089539F74B4F70546E3D9123A25F8ED883A
:1087C00034843C76E8F62684816115C40D76222F28
:1087D000285F11DCD3B77A9C12902F2DFCEEF33179
:1087E000BBE394300F79EA1EEF961204A79A4BBDB3
:1087F000A13383426439DAB80F32C2B1DEC713FD48
:10880000A902AB64C4DD0E27A2BC555C2B8326C530
:1088100072589A3FC1222AD2E73CEFBB6C6C4623C8
:1088200042DA377B8FCF71EE3881015399DB65696E
:10883000298E52BD92C93CA7A0EEFCF0A9F4539B2F
:10884000AD264DDEEFC4485BA00F53968C7721D642
:10885000EE4673FA41C9828ADFE75452577294DABE
:10886000F00239597993B4AD578B6DB05CCB966DEE
:1088700020BA1730AF15BF2D7561177C0253D34155
:108880003BBE17A398F436E855803986E70A3BD0FB
:108890009B8303FCB8935CF8507108F2A49D4C3C98
:1088A00002E7C7B00F08BF870D98BEC214078F79C3
:1088B0004F2A0CB0F435C68CF9EFCAAC446A006498
:1088C000F468F3349AF45081BCEE3DBA4A860570E0
:1088D00079C1F23DE789D3A8DB9F37FE844BD89757
:1088E000535E766040840CDEE6A4401658DC6B9341
:1088F000DDF6E65ADB58C631E0E52B5D0AE55A4263
:108900009C857646F78A177652BE9F38EE7254E6FB
:108910009321F3887D8B52928F707809AF056B2C71
:10892000AC163A42F8F629FDD9B0E8FE2F189BF6AE
:10893000BA715339854D0D2514A6E4FAD2D042CB35
:10894000A2900FA5F7EA42D18F1C2F13ECC9230682
:1089500086E37027774FE53AA58901337A2A23A069
:108960003A98C2D423A4ED089928FE1D91C9AF07F7
:10897000195B27960671AC74DABBA688348BC322C8
:108980006104E1C89C30ABA4A6F4866E1C2EF59160
:10899000A6695D54DE937A8845E8462CB861066C7A
:1089A000122925C54009928181866796DCDF2E1841
:1089B00013F692B49B8151850C69C4DDC02D2CBF88
:1089C0009FFA4358D2A1BE1594ECDCBA944DFAED4F
:1089D000E61E42F4662576FA7FF820E0DE3CB561BB
:1089E0009A1478E6023A750DAC3C4AA30FE8137965
:1089F00083696F3984D2195228362F8282A271631B
:108A00002C26F058E7F76E6D1A09668BB742B778D7
:108A1000A3D5354B43C4C8C51AF205D95533E9610E
:108A2000901AC4AA7C32C6BA7DFBF3EB9EC6C39DE6
:108A3000255694AC33058BED785F0768FCC457EB83
:108A40008ACD26F67BC5C6A23314105401378C8C10
:108A50008B8DFF9C6BBC5679551F73BA7B7C9E78BF
:108A60005A243095EB65E3999A76178559AF2CF225
:108A7000C6FAF5575E8BEBA8EB8076379BE5445C36
:108A800062900B203F9DFA7009020B853CD5665021
:108A9000FCAFE64CFED3F8F0C921542932EB5FD08D
:108AA0008B25DE915FACFB8E08E5B17F4373969713
:108AB000099AAE424678FDCAF9D2EB768A8BE9195B
:108AC000AC349066259EFF23C8543C273B39F65BA7
:108AD000AAF52E4CB19018761D72F81308532894FD
:108AE0001EF72DB1721CA2A96D512F262D1F0AE76A
:108AF000C9A8E07E20B8A87571B8E8BF6C2ECE4E2C
:108B0000D846EF98A18A809ADB7357D7FFC98F7731
:108B10001DD38117DE44AFB27EC8F59CC3A0E06AC6
:108B200063E5C7E3C16486D15536F4F15FD8F5D269
:108B3000C1638DDBED6B9B6B7339F2770A6B23514D
:108B4000F10D8863452EB32616C49B579044F5F566
:108B50004E8710735CC7B806C6162CA803CDE52B4C
:108B6000CA8889CFCB41ECE4393BF79014DA3FA8AF
:108B7000932B2EDF482C044A2761ECCC475B780707
:108B80003945BDDDA32DF19D23113E66D2A1C37FE2
:108B9000B9DCE74516A314276B31948978890882DC
:108BA00014E7C0B9F505A8DE77939CD3D9212372C9
:108BB00021A8378F1C0CADBD4B22DBE18991C0D9B8
:108BC00034843C76E8F62684816115C40D76222F24
:108BD000285F7D5E7B4C305F12902F2DFCEEF331D1
:108BE000BBE394300F79845F476D39F89D9C5DB984
:108BF000F63795460C4F7243A7C96A4A1565DCEDF6
:108C0000A9022444CD0EA6DC0A47FDA7A4A326C5CD
:108C100072589A3FC1222AD2E73CEFBB6C6C2AA162
:108C2000EA217DB88FCF71EE3881015399DB6569F8
:108C3000298E3CFC3A32945CA0EE38F7BFF0699D77
:108C40008077E525473F0298A00F53968C7721D671
:108C50002156FB09E9320A7991D65452577294DAB7
:108C6000F00239597993B4AD578B0132F430DCAE50
:108C700020BA1730AF15BF2D7561177C0253BD00A8
:108C80009345BF5898F436E86F86BA81E70A575281
:108C900033786F7EB893D3D83E4866CBCAA468C6F3
:108CA000C42584D86131D1BE63A1D0FB7A3EE140B6
:108CB000211362899A0CC4373F2DEE562A536E5DFC
:108CC0009A519D0DF4CD3EB833CE53FBE27DAD8B72
:108CD00079C1F23D238ED3A8148F7D452CB0F305C6
:108CE00078CCDE9BE87FA4254E5FA22E58DC08F2EC
:108CF000750D4EA173A36ECA481E83A6A21EF2B9BB
:108D0000347EB23FF78AF54EFA4537C34689FC1DDB
:108D10003BDA5B73D5703759278BD0F2AF056B2CDC
:108D2000AC163A4294748106714B2E2448F3330DED
:108D3000128AFBC243F70D2514A6E4FA341AEA306E
:108D40000A6BA75E5F11EA2A27E787E84432E77FCC
:108D500086E3921FDFB44DC10D72A9C8D2D18B5BDF
:108D60009263046EE51E45F39928FE1D91C9AF0775
:108D7000967BAF65AE8A680DBB9BE32A95A2AF5880
:108D8000E9EF493334CBA277A6F4866E1C2EF59119
:108D9000A6695D54DE937A8845E8EA5D109ACFB7FC
:108DA0007E5349BF2C73FEFBEDFC0BEC185E0C49A7
:108DB000D78F9B679B8151850C69C4DDC02D2CBF6B
:108DC00050EAE639D2A1BE153C1774413CB6D17FBA
:108DD000E61E42F4662576FA7FF820E0DE3CB561B7
:108DE0009A1478E6023ABA1D24CFE258A713BB8240
:108DF0002B92C7C22C29B1A928362F8246DB5C32C0
:108E00002C26F058E7F76E6D1A09668BB74273018E
:108E1000A3D594632F46AF2EF8B2C1A0FDC8E2EBF4
:108E2000901AC4AA7C32C6BA7DFBF3EB9EC6C39DE2
:108E3000255694ACBC25A07F329C4DABB6071D28AF
:108E4000C00E6C3599FDA5FB72C7105401378C8C90
:108E50008B8DFF9C6BBC5679551F7179BF0578B21D
:108E60005A2453F52F1C8472328DDE6659AF2CF2D2
:108E7000C6FAF5575E8B68AFEB8076379BE5445CAE
:108E800062900B203F9DFA7009020B853CD566501D
:108E900054544EB79251F8F0C921542932EB5FD0A7
:108EA0008B25DE915FAC970CA01E198443739697B7
:108EB00047ABC003283972EAF9D2EB768A8BE919FD
:108EC0002F33AA60259EFF23C8543C273B39F65B0D
:108ED000AAF52E4CB19018761D72F813A0A8806FD9
:108EE00072752DB1721CA2A96D512F262D1F0AE794
:108EF000C9A88CFC8843008E71B8E8BF6C2ECE4E9A
:108F0000D846EF98A18A809ADB7357D7C5CF99735B
:108F1000D9D48117DE44AFB27EC8F59CC3A0E06A05
:108F200063E5C7E3C16486D1FDCD5C0A335AF5D24F
:108F3000C1638DDBED6B9B6B7339F2770A6B4FD39B
:108F400059F62098452EB32616C49B579044F5F544
:108F50004E8710735CC77C01D0127BAC15C9DF2D26
:108F6000498F89CFCB41ECE4393BF79014DA3FA825
:108F7000932B2EDFE0D7ACB14BE3ECCC475B78070B
:108F80003945BDDDA32DF19D231170577A5A6B84AD
:108F900011274FBEBE58BCDCC3CA3C72D072237EC0
:108FA000861A7E460AFA5721C96C0E2EF2DD8B898D
:108FB00089539F74B4F70546E3D9731A216A68226E
:108FC0009C7F948DC5A72684816115C40D76222FC0
:108FD000285F7D5E7B4CFF4FBA6B87D654155BCA0A
:108FE00013183CCBA7822CA4EF9612040F61E34622
:108FF00009C82BB960B3DAB80F32C2B1BD9E74167E
:1090000001F98CBF65F50E27A2BC555C0C588E3E4D
:10901000BD489A3FC1222AD2E73CEFBB6C6C2AA123
:10902000EA2190D92734D91513136DD1F55909EBDD
:10903000450C507E56B0F8DECC6C9072C5763F1968
:10904000ECF589A72BBD6E1ACC8D3F14E0F54D547D
:109050004DD4978B85B021EB392DFCA9FB0394DA15
:10906000F00239597993B4AD578B0132F430B02CFA
:109070008841BFCBAF15BF2D7561177C0253BD0072
:109080009345BF5898F436E855803986E70A575219
:1090900033786F7EB8935CF8507108F2A49D06FF98
:1090A000AA1CEAE1A7F3177C611ABEC214078F79E4
:1090B0004F2A0CB0F435AA0E5114ECEDEC91A89F98
:1090C000F468F33415D43EB8D2D79CEBE27DAD8B77
:1090D00079C1F23DE789D3A8148F7D452CB0F30503
:1090E000535E766040840CDEE6A40AD5F027A00922
:1090F000750D4EA1B7DAC631E0E52B5D0AE55A429F
:109100009C851AC45F713137FA4537C3EE72DBC6EE
:109110003BDA5B73D570F508278BD0F2AF056B2C6B
:10912000AC163A4294748106714B6015E0089BF6C8
:10913000BA715339EB0CA5DEBC5D4C01341AEA3030
:10914000CE120FA5F7EA42D18F1C2F13ECC94F8422
:109150002E185666DFB44DC1A589CE23B3C98B5BEB
:10916000926326278B5F45F39928FE1D91C9AF07AF
:10917000967BAF65AE8A048F13604BD15AB2AF585D
:10918000E9EF493334CBA2770E0F2E9570ACF591F1
:10919000A6695D54DE937A8845E8EA5D109AA335A6
:1091A000D6A8E1442C73FEFBEDFC0BECB0A5A4B2F9
:1091B000BB0D9B679B8151850C69C4DDC02D2CBF05
:1091C00050EA8ABB7A5A16EE3C1774413CB6D17FFE
:1091D000E61E42F4E9053C39137A20E0DE3CB56135
:1091E0009A1478E6023ABA1D24CF8EDA0FE8137982
:1091F0002B92C7C22C29B1A980CD87792A595C321C
:109200002C26F058E7F76E6D1A09668BB7421F835C
:10921000C43E90F1268DC8C51AF2C1A0DF9904386A
:10922000901AC4AA3203C6BA7DFBF3EB9EC6C39D57
:10923000255694ACBC250C0E9A67E550DA7D715228
:10924000AC74004F5D7C617A723F7C2E6D4DE0F610
:10925000E7F793E6258D5679551F53CA9F1578B2C7
:10926000F2DFB53F2F1C8472328DBF7E5064A3D2D3
:10927000C6FAF5575E8B68AFEB8076379BE5445CAA
:109280006290C4309766528BA1F9A37E942ECEAB28
:1092900054544EB75628500B61DAFCD29A109633CC
:1092A0004435DE91119D5375A01E1984EB883E6CE8
:1092B000A16106B9EE8355315129639D459BE9199A
:1092C0002F33AA60259EFF23C8543C273B39DB0A75
:1092D000020E86B7B84352B557B1B2D0429062572A
:1092E0005434677238DFE86A279202772D1FC5F77A
:1092F0004143488588432086D9434044C4D566B558
:1093000070BD47630971286191C857D7C5CF99735C
:10931000D9D48117DE44AFB27EC8991E6B5B4891E9
:1093200063E5C7E3C16486D15536F4F15FD8F5D261
:10933000C1638DDBED6B9B6B73399EF5A290E8F3F7
:109340003E1D8863CA0EBAF5BE3FF516FCC65D0E1B
:1093500020C67CF1F43C1240D0127BAC15C9DF2D45
:10936000498F89CFCB41806691C05F6B14DA3FA8EB
:10937000932B2EDF482C044A2761ECCC475B7807FF
:109380003945BDDDA32DF84EABE23E667ED00AA482
:10939000948DA974BE587A6607B33C7216C8E70765
:1093A000861A1D1FA201FFDA6197A6D55A262372DD
:1093B00021A85B0DB4F705464B2214F1033B8A62EA
:1093C0007E3F37FCE8F62684816115C40D76222F96
:1093D000285FD5A5318F305F585387D654155BCAA7
:1093E0001318FA71E218CE9C095CD67D0F61017EDC
:1093F000A1338342C8487243A7C96A4A1565B06F52
:1094000001F98CBFCD0EE8EDA2BC555C0C58AE3610
:1094100072589A3FC1222AD2E73CEFBB6C6C825A49
:10942000A0E27DB8C50CD915907AA9A831200B28E7
:10943000298E3CFC3A32F8DE0815F523A9F4539B3B
:109440008077E525473F0298A00F3F14248C892D93
:109450002156FB09A7036438FF97DB72577294DA31
:10946000F00239597993B4AD578BA9C9BEF3DCAE7C
:109470006A79BFCB66F6F5EEDD9A793D6ED115FBC4
:10948000FD04D3DA300F7C2B55803986E70A57521A
:1094900033786F7EB893307AF88AA009A49D06FFCE
:1094A000AA1CEAE10F08BF870D98BEC214078F7986
:1094B0004F2A0CB0F435A3DDF9EF4F7FA90B4AA773
:1094C000BA59DE65320F3EC0D06CFB008C3CC1093E
:1094D000D13AD9AFE789D3A8148F7D452CB0F305D5
:1094E000535EDA11E87FA425889D64EC9E1ECE3081
:1094F000B3CF8863B561A8088EDC456464DC9552FF
:109500009C85B6B5F78A547E1C8F9F3880339D3D6D
:109510003BDA9DC91109942849CABC7007FE251D74
:10952000AC163A4294748106714B6015E00814D66B
:10953000128AFBC243F70D2514A6E4FA341AEA3066
:109540000A6BA75E5F11EA2A27E74391ECC94F84B3
:1095500027CB921FDFB44DC10D72A9C8D2D18B5B4E
:109560009263046E23A4ED08139AFE1D91C9AF0700
:10957000967BAF65AE8A048F13604BD1B7D327AB10
:109580004114E1C89C300A8C0E0F2E95B4D55D6A4B
:109590000E92F5AF7668F263CAC8EA5D5EAB4744E7
:1095A000D6A8E144848856004507A317185E0C49E5
:1095B00013F692B4549151850C69C4DDC02DAFB837
:1095C00050EA8ABB7A5A16EE3C1774413CB6D17FFA
:1095D000E61E42F4662576FA7FF820E0DE3CB561AF
:1095E0009A1478E6023ABA1D24CFAC69AEC013795A
:1095F00083696F3984D2195228362F82A0EB9322C7
:109600002C26F058E7F76E6DDE0E5C8DB7421F8397
:109610000B2E3C982F46603EB209695B5533E961D9
:10962000901AC4AA7C32C6BA7DFBF3EB9EC6C39DDA
:10963000255694ACBC25A07F329CA0CA7DA514FB06
:1096400068F526F6FAA463411E45105401378C8C48
:109650008B8DFF9C51BA407D91181DFB17FED049A0
:109660005A241DC487E72C899A76178559AF2CF2A6
:10967000C6FAF5575E8B68AFEB8076379BE5445CA6
:1096800062900B203F9DFA7009020B853CD5665015
:10969000FCAFE64CFED3F8F0C921542932EB9BD73E
:1096A0009D21899549A8C1888BE2B17F4373969724
:1096B000099AAE424678FDCAF9D2EB768A8BE9194F
:1096C0002F33AA60259EFF23C8543C273B39F65B05
:1096D000AAF52E4CB19018761D72F81308532894F1
:1096E0001EF72DB1721C21AE575739227A1B5DE34C
:1096F000DFACDA78A3BFA87571B8E8BF6C2ECE4E88
:10970000D846EF98A18A809ADB7357D7C5CF997353
:10971000D9D48117DE44AFB27EC8F59CC3A0E06AFD
:1097200063E5C7E3C16486D15536F4F15FD8F5D25D
:10973000C1630EDCD76D8D6F243DE473CE6C235175
:10974000F10D8863452EB32616C49B579044F5F55A
:109750004E8710735CC77C01D0127BAC15C9DF2D1E
:10976000498F89CFCB41ECE4393BF79014DA3FA81D
:10977000932B2EDF482C044A2761ECCC475B7807FB
:10978000394579DAB529CB9B23113E66D2A1C37F37
:10979000B9DCE74516A314276B31948978898B854A
:1097A0002EE1D6BDA201FFDA6197A6D55A26237213
:1097B00021A8378F1C0CADBD4B22DBE18991C0D9AC
:1097C00034843C76E8F62684816115C40D76222F18
:1097D0001259FE597B4C305F12902F2DF2AFF8BB1F
:1097E000F158DE8B45C2CEE40DD6F044ED210106E2
:1097F000EB88C9F982F338F8ED7220F15FDE9656F6
:10980000E3B96EFF87B5EC6740FCB71CEE182D4F2F
:109810007C199A3FC1222AD2E73CEFBBEF6B2AA109
:10982000EA217DB88FCFBA74907AA9A83120CD9261
:109830008175940792C93CA70815540B010FFB6072
:10984000288C4DDEEFC4AA6308F4FB6D248C892DAF
:1098500089AD53F241C9A282392DFCA9FF895F402D
:10986000F00239597993B4AD578B0132F430DCAE44
:109870004C38BFCB07EE359F19E37BFE6ED1D1820A
:10988000FFC7D3DAF4765A6A390255048B883BD085
:109890005FFA03FCD411307A3CF36470C81F6A7D10
:1098A000C69E8663638A7425A563163978858F7989
:1098B0004F2A0CB0F435AA0E5114806FCC81A89FAA
:1098C00098EAF3349AF45081BCEE53FBE27DAD8B01
:1098D00079C1F23DE789D3A8148F7D452CB0F305FB
:1098E000535E766040840CDEE6A40AD5F027A0091A
:1098F000DDF6E65A77296ECA680E2B5D0AE55A42F4
:109900009C851AC45F7153F4FA4537C3EE7254E66E
:109910009321F3887D8B3CD3278BD0F2AF056B2C42
:10992000AC163A4294748106714B6015E0089BF6C0
:10993000BA715339EB0CA5DEBC5D4C019CE142CB06
:10994000A29087565F114C908F1C2F13ECC94F8447
:109950002E1834A5DFB44DC1A58901337A2A23A07E
:109960003A98AC958B5F45F39928FE1D5ED9601738
:10997000967BAF65AE8A048F1360C4F15AB2AF58BC
:10998000E9EF493334CBA277A6F4866E1C2EBF5282
:109990000E925315DE937A8845E8EA5D109AC1F677
:1099A000D6A8E1442C73FEFB83BDC237384E49D3A1
:1099B000BB0D9B679B813D07A4926C262D4C2CBF51
:1099C00050EA45AB7391BE15F5CCBB513CB6D17F87
:1099D000E61E42F4662576FA7FF8AA5276C7FB5057
:1099E0009A1478E6023ABA1D24CFEC190FE81379DD
:1099F0002B92C7C2A4DA195228360F922A595C3228
:109A00002C2658A34F0CC69692E2668BB742B3F24F
:109A1000A3D5946387BD0CBCB209695B5533E9617A
:109A2000901AC4AA7C3209AA33CAF3EB9EC6C39D1E
:109A3000255694ACBC25AE3E9A67E550B6071D2866
:109A400068F5C4CE99FDA5FB700410540137047F5E
:109A500023765767A25F5679551FF09ABF0578B2F3
:109A6000F2DFB1B587E72C899A76178559AF2CF2CA
:109A7000C6FAF5575E8B68AFEB8076379BE5445CA2
:109A8000629005619766528B09020B85942ECEABCE
:109A900054544EB79092F8F0C9217978FB085603D8
:109AA000C514DE915FACFB8E2377398C88D1598742
:109AB000099AAE424678FDCAF9D22466E6F1260933
:109AC0002F33AA60259EFF23C8543C273B39F81A40
:109AD000020E86B7B1901876B58950E8A0A8806FBD
:109AE00070B62DB1721CA2A96D512F262D1F0AE749
:109AF000C9A8E07E20B8A87571B8E8BF6C2ECE4E1C
:109B0000D846EF986E9A895173885E1C0ADF997364
:109B1000D9D48117DE44AFB27EC8FBDD6B5B4891C0
:109B200063E5C7E3699F2E2AFDCD5C0A3199F5D222
:109B3000C1638DDBED6B9B6B7339F2770A6B23513D
:109B4000F10D8863452EB32616C49B5790443AE521
:109B5000474CB8881604D4FAD9D9B4BC15C9DF2D3E
:109B6000498F89CFCB41E2A591C05F6B14DA3FA842
:109B70003BD08624E0D7ACB14920ECCC475BB7178B
:109B8000952C11B4A32DF19D23113E66D2A1C37F64
:109B9000B9DCE74516A31427A4219D42D07266E4E0
:109BA0002EE11D1F0AFAF611AE87A6D55A2623729A
:109BB00021A839CEB4F705464B22DBE1216A6822A1
:109BC0009C7F948D86B7268481611C17A58D8AD4CD
:109BD000E3FD7D5E7B4C305F12902F2DFCEEF33168
:109BE000BBE35B2006B22CA4AA0CBAFFA79A4BBD1C
:109BF0006A912BB9C1837243A7C96A4A1565D2AC71
:109C000001F98CBFCD0EA6DCA2BC555C0C588E3E73
:109C1000BD489A3FC12282294FC74740C4972AA115
:109C2000EA217DB88FCF71EE3881015356CB6CA2FB
:109C30008175D19D3A32945CA0EEFCF06256FB60D7
:109C400089A4E525473F0298A00F5DD7248C892D74
:109C50002156FB094543A282392D7FC0577294DA01
:109C6000F002308AD1681C56DD390132F430DCAEA6
:109C700020BA1730AF15703D7CAABF87EF32BD0008
:109C80009345BF5898F4FD4AFD7B3055281A57522A
:109C900033786F7EB89352B9F88AA009A49D06FF65
:109CA000AA1C65C18028BF870D98BEC214074069F1
:109CB00023A8A0C13B25AA0E5114806F446A0064FA
:109CC0003B78FAFF320FBDE0BCEE53FBE27DAD8B7B
:109CD000B2635AC6EE5A1CB8148F7D452CB0F305FA
:109CE000535E7821E87FA425E6A40AD5F027A009D1
:109CF000DDF6E65ADB58C631E0E52B5D0AE55A424F
:109D00009C851AC45F715DB552BE5028E7B9FC1D31
:109D10007E40F3887D8B3CD3278B1B5007FE62FF70
:109D200063063A4294748106714B6015E00895B75A
:109D3000128AFBC2EB0CA5DEBC5D4C019CE142CB60
:109D4000A2900FA5F7EA42D18F1C2F13ECC94F84C4
:109D50002E183AE4B85FECF10D72EC527A2A23A087
:109D60003A98AC9540FDED0890FB310D91C9AF07D5
:109D7000967BAF65AE8A048F13604590F24907A3C6
:109D8000E9EF49337AFAE8CCAF3FE82F1C2EF59182
:109D9000A6695D54DE937A8845E8EA5D109A00A7CB
:109DA0007798E144C112FEFBEDFC0BECB0A56F10FF
:109DB00013F692B4549151850C69C4DDC02D2CBFAB
:109DC00050EA8ABB7A5A18AF94ECDCBA3CB6D17F21
:109DD0002FFDEA0FCEDEFE117FF820E0DE3CB561FC
:109DE0009A1478E6023ABA1DEBDFEB930FE856E3DC
:109DF0002B92C7C22C29B1A94B6F2F82238A9322A1
:109E00002C26F058E7F76E6D1A09668BB7421F8350
:109E10000B2E32D987BDC8C5B209695BDDC0419A36
:109E200038E16C517C32C6BA7DFBF3EB9EC6C39D14
:109E300025565BBCB5EE0884DFFD4DABB6071D288B
:109E4000C00EA79799FD04D3D155105401378C8CBF
:109E50008B8DFF9C6BBC5679551F1DFB17FEDE08D2
:109E6000F2DFB53F87E72C893607BF7EF15440709B
:109E7000C6FAF5575E8B68AFEB8076379BE50E9F91
:109E8000CA6BC0823F9DFA7009020B85F777CEAB93
:109E9000F57C295CFED3F8F0C921542932EB5FD060
:109EA0008B25DE915FACFB8E08E5BF3EEB883E6CF8
:109EB000099AAE42467832DA76F2EB768A8BE91965
:109EC0002F33AA60259EFF23477494DC93C25EA0C3
:109ED00047942E4CB190D3D4B589F1C0C743289490
:109EE0001EF72DB1721CA2A96D512F262D1F0AE756
:109EF000C9A8E07E20B8A634D94340446C2ECE4E8B
:109F0000D846EF98A18A809ADB7357D7C5CF99734B
:109F1000D9D4811733250749D2B9FC4F6B5B0D0BA0
:109F2000A8476F18C8B749C15536F4F15FD8F5D2C4
:109F3000C1638DDBED6B9B6B7339F2770A6B235139
:109F4000F10D8622EDD51BDD16C49B579044F5F527
:109F50004E8710735CC77C01D0127BAC15C9DF2D16
:109F6000C33D2134446123F430E85F6BBC21367B70
:109F70005C3B2EDF482C044A2761ECCC475B78071A
:109F80003945BDDDA32DF19D23113E66D2A1CD3E05
:109F900011274FBE16A314276B31948978898B85BE
:109FA0002EE1D6BDA201FFDA6197A6D5D2D5AB9935
:109FB0002A22FE54B4F7054642F114F18991C0D922
:109FC00034843C76E8F62684816115C40D76222F10
:109FD000285F7D5E7B4C305F1290216C54155BCA0C
:109FE000BBE394300F79845F476DBAFFA79A4BBDEE
:109FF000A1338342C8481C020F32C2B1BD9E541E19
:10A0000023B0C925021EA6DC0A47FDA7A4A326C5C6
:10A0100072589A3FC1222AD2E73CEFBB6C6C2AA14E
:10A02000EA217DB88FCFBEFE907AA9A8979A65697C
:10A03000298E3CFC3A32945CA0EEFCF0A9F4539BD0
:10A0400080776A050DFCAEE9EE3E53968C7721D6FB
:10A050002156FB09E9320A7991D65452577294DAA3
:10A06000F00239597993B4AD578B0132F430DCAE3C
:10A0700020BA173064B717D6FD8AFA258D73BD0054
:10A080009345BF5898F436E855803986E70A575209
:10A0900033786F7EB8935CF8507108F2A49D06FF88
:10A0A000AA1CEAE10F08BF870D98BEC214078F797A
:10A0B0004F2A0CB0F435AA0E5114806F446A006424
:10A0C0003B78FAE7320FF87A1415FB004A860570E0
:10A0D000D13A5AC64F727B53BC74D5BE844B5BFEDB
:10A0E000FBA5DE9BE87FA4254E5FA22E78CC2F290E
:10A0F000DDF6E65ADB58C631E0E52B5D0AE55A424B
:10A100009C851AC45F71DEB252BE9F38EE729BF618
:10A11000FFA33A6BD57094288F70780907FEC3D7D8
:10A1200004ED92B93C8F29FDD9B0C8EE48F3330D48
:10A13000128AFBC243F70D2534AEC3219CE142CB0A
:10A14000A2900FA5F7EA42D18F1C2F13ECC94F84C0
:10A15000AD1F00E2774FE53AA58901337A2A23A0A3
:10A160003A98AC958B5F45F39928FE1D91C9AF07CE
:10A17000967BAF65AE8A048F13604BD15AB2AF584D
:10A18000E9EF493334CBA277A6F4866E1C2EF59105
:10A19000A6695D54DE937A8845E8EA5D2A9CD9B3C6
:10A1A000BA5449BF2C73FEFBEDFC0BECB0A5A4B276
:10A1B000BB0D9B679B8151850C69C4DDC02D2CBFF5
:10A1C00050EA8ABB7A5A16EE3C1774413CB6D17FEE
:10A1D000E61E42F4662576FA7FF820E0DE3CB561A3
:10A1E0009A1478E6023A7E1A32CBB55CB1178184B4
:10A1F000A895C7C22C29B1A980CD87792A595C328C
:10A200002C26F058E7F76E6D1A09668BB7421F834C
:10A210000B2E3C982F46603EB209695B5533E961CD
:10A22000901AC4AA7C32C6BA7DFBF3EB9EC6409A54
:10A230001F5082A8EB21F77B659831AD72001D2875
:10A24000C00E6C3531060D001E45105401378C8C44
:10A250008B8DFF9C6BBC5679551F1DFB17FED0499B
:10A260005A241DC487E72C899A76178559AF2CF29A
:10A27000C6FAF5575E8B68AFEB80B230E7E3135850
:10A2800035945C24FB9AFA7009020B853CD5665024
:10A29000FCAFE64CFED3F8F0C921542932EB5FD075
:10A2A0008B25DE915FACFB8E08E5B17F43739697FB
:10A2B000099AAE424678FDCAF9D2EB768A8BE91943
:10A2C0002F33AA60259EFF23C854F8206C3D8A5D79
:10A2D000AAF52E4CB19018761D72F81308532894E5
:10A2E0001EF72DB1721CA2A96D512F262D1F0AE752
:10A2F000C9A8E07E20B8A87571B8E8BF6C2ECE4E14
:10A30000D846EF98A18A809ADB7357D7C5CF997347
:10A31000D9D48117DE44AFB202CE319BC3A0E06A2C
:10A3200063E5C7E3C16486D15536F4F15FD8F5D251
:10A33000C1638DDBED6B9B6B7339F2770A6B235135
:10A34000F10D8863452EB32616C49B579044F5F54E
:10A350004E8710735CC77C01D0127BAC15C9DF2D12
:10A36000498F89CF0F46ECE4393BF79014DA3FA8C8
:10A37000932B2EDF482C044A2761ECCC475B7807EF
:10A380003945BDDDA32DF19D23113E66D2A1C37FCA
:10A39000B9DCE74516A314276B31948978898B853E
:10A3A0002EE1D6BDA201FFDA6197A6D55A26237207
:10A3B00021A8378F1C0CADBD4B22DBE1C7A04A732F
:10A3C000BC6F948DA24D48C5816115C40D764EAD0C
:10A3D00080A4D5A5D3B798A4BA6B87D654155BCA09
:10A3E000BBE394300F79845F292CF0440F61E3467E
:10A3F00068E8EF3807587243A7C96A4A1565DCED6B
:10A40000A9022444CD0E8B8DA2BC555C0C588E3E07
:10A41000DAA332C42C432AD2E73C8339C497825A48
:10A4200042DAD5432734D915907AA9A899DB656912
:10A43000298E11AD92C93CA70815540B010FFB6082
:10A44000ECF5E525473F0298A00F53968C7721D66F
:10A45000215632EA41C940BA1EF69B429CD03C21AB
:10A4600078E939597993B4AD578B01329A717455A3
:10A4700088411730AF15BF2D7561177C0253B4D3D7
:10A480003BBE74FA98F436E83BC15504E70A5752CC
:10A4900033786F7EB8935CF8507108F2EAACAE0482
:10A4A00002E7A4D00F08BF87C288F4015EC4C14888
:10A4B0004F2A0CB0F435AA0E3F552894EC91006455
:10A4C000F468F3349AF45081BCEEFB004A86C3CAA8
:10A4D00079C1F23DE789D3A8148F7D452CB0F305EF
:10A4E000535E766040840CDE88E5A22E58DCA0091D
:10A4F000DDF6E65ADB58C631E0E52B5D0AE55A4247
:10A500009C851AC43130F54EFA459F38EE7254E6F8
:10A510009321F3887D8B35008F70D939824CE40C00
:10A52000AC163A4294748106714B6015E0089BF6B4
:10A53000BA715339854D0D2514A64C019CE142CBCF
:10A54000A2900FA5F7EA42D18F1C2F13ECC94F84BC
:10A550004059921FDFB4E53AA58901337A2A23A036
:10A560003A9881C423A4ED0831D356E61922649D9C
:10A57000596BAF65AE8A048F13604BD15AB2AF5896
:10A5800087AEE1C89C30A277A6F4866E1C2EF591AA
:10A59000A6695D54DE937A8845E8EA5D7EDB674C08
:10A5A000D6A849BF2C73FEFBEDFC0BECB0A5A4B202
:10A5B000D54C50C59252F97EA4926C264A872CBF86
:10A5C00050EA8ABB7A5A16EE3C17744152F77984E6
:10A5D0004EE542F4662576FA7FF820E0DE3CB56170
:10A5E0009A1478E6023ABA1D4A8E4AA30FE8BB8253
:10A5F0002B92C7C22C29B1A980CD87792A595C3208
:10A600002C26F0588B75C696B2F2668BB7421F8324
:10A610000B2E3C982F46603E3D29C1A0FDC88720E7
:10A62000901AC4AAF3128C0137407CCB9EC6C39DFE
:10A63000255694ACD26408849A674DABB6071D28A2
:10A64000C00E6C3531060D001E45105401378C8C40
:10A65000C5BC5767C3475679551F1DFB17FED04928
:10A660005A241DC487E7664A328D1E4E74E642CBDB
:10A67000CF315DAC976868AFEB8076379BE5445C83
:10A680000CD1A3DB9766FA7009020B853CD56650A6
:10A69000FCAF2DEEF71815A9A7183A10B841F72B03
:10A6A00042C6DE915FACFB8E08E5B17F437396979F
:10A6B000099AE073CE8B55315129438D227041E2C6
:10A6C0006102AA60259EFF23C8543C2755785EA0EE
:10A6D000020E2E4CB19018761D72F8134662A067D8
:10A6E000B60C854ADAE70A52C5AA87DD435E0AE757
:10A6F000C9A8E07E20B8A87571B8E8BF6C2ECE4E10
:10A700005766C40AEB49CA5910D1D8F7C5CF997317
:10A71000D9D48117DE44AFB230F9BF5F8963E06AF4
:10A7200063E5C7E3C16486D155367BD1F3A9BF1178
:10A730008BA0C71826C9144B7339F2770A6B2351C3
:10A74000F10D8863452EB32616C49B579044F5F54A
:10A750004E8710735CC77C01D0127BAC15C9DF2D0E
:10A76000498F89CFCB41ECE4393BF79014DA3FA80D
:10A77000932B2EDF482C044A2761ECCC475B7807EB
:10A780003945BDDDA32DF19D23113E66D2A1C37FC6
:10A79000B9DCE74516A314276B31948978898B853A
:10A7A0002EE1D6BDA201FFDA6197A6D55A26237203
:10A7B00021A8378F1C0CADBD4B22DBE18991C0D99C
:10A7C00034843C76E8F62684816115C40D76222F08
:10A7D000285F7D5E7B4C305F12902F2DFCEEF331B5
:10A7E000BBE394300F79845F476DBAFFA79A4BBDE6
:10A7F000A1338342C8487243A7C96A4A1565DCED94
:10A80000A9022444CD0EA6DC0A47FDA7A4A326C5B1
:10A8100072589A3FC1222AD2E73CEFBB6C6C2AA146
:10A82000EA217DB88FCF71EE3881015399DB6569DC
:10A83000298E3CFC3A32945CA0EEFCF0A9F4539BC8
:10A840008077E525473F0298A00F53968C7721D655
:10A850002156FB09E9320A7991D65452577294DA9B
:10A86000F00239597993B4AD578B0132F430DCAE34
:10A8700020BA1730AF15BF2D3B505DC748E8F7BB76
:10A88000D9FED32275AD36E855803986E70A57528E
:10A890003378A06E14FA97629BEBA49BA49D06FFED
:10A8A000AA1CEAE10F08BF87C28812ABDF9DC5C2B0
:10A8B00044A062F1F435AA0E5114806F446A00641A
:10A8C000F468F334F4B5F87A1415FB004A86057081
:10A8D000D13AFBF62899D3A8148F7D4562813ADEE0
:10A8E000FBA5DE9BE87FA425EF6FC5C5F027A00977
:10A8F000DDF6697A53B36ECA481E83A6A21EF2B96A
:10A90000F0071AC45F715DB552BE9F38EE7254E60F
:10A91000FD605B73D57050514B09FB6007FEC3D7D8
:10A9200067B43A4294748106B8A8C8EEE9DB76971A
:10A930001600DBCA43F72F6CBC5D4C019CE1C87963
:10A940000A6B0676DABB2C90A48E65D023D94F848F
:10A950002E183AE4774FE53AA5890133146B8B5BE7
:10A960009263AC958B5F45F3355956E61922AF07D4
:10A97000967BE1540671AC749C404BD15AB282096B
:10A980004114E1C8FBDBA277A6F40E9DB4D59BD0A1
:10A99000A6695D54DE937A8845E8EA5D109ACFB7E0
:10A9A0007E5349BF2C73FEFB83BDA317185EA4B270
:10A9B000BB0D9B67F5C0F97EA492C4DDC02D01EEEE
:10A9C000F81122407A5A16EE3C1774413CB6D17FFA
:10A9D000E61E42F46625BF19D7032B6ADE3CB5613B
:10A9E0009A1478E6023ABA1D24CFE258A713BB8224
:10A9F0002B92C7C242681952283687792A595C328D
:10AA0000426758A34F0C002C1A090A091FB9B778DE
:10AA10000B2E3C982F46603EB209695B5533E961C5
:10AA2000901AEF38D4C96E41D500FA20555CEECCAF
:10AA3000255694ACBC25A07F329C4DABB6071D2893
:10AA4000AE4FC4CE99FD0D001E4510546F7624778D
:10AA5000237670BC6BBC3AFBFDE4B50017FED04911
:10AA60005A241DC487E72C899A76178559AFE3E2EB
:10AA7000ED687DA4F670C054437BDECCF767445C80
:10AA800062900B203F9DFA7009020B855294CEAB69
:10AA90005454E64CFED3F8F0A760FCD29A105FD075
:10AAA0008B2572E0F757537508E5B17F437396978E
:10AAB000099AAE424678FDCAF9D2EB768A8BE9193B
:10AAC000A013C421AF2C57D840BF3C273B39F65BBD
:10AAD000AAF52E4CB1901876733350E8A0A82894AC
:10AAE0001EF72DB15F4D0A52C5AA2F262D1F64A651
:10AAF0006153488520B8A87571B8679F0054A23487
:10AB00001756EF98A18A809ADB7357D7C5CF9973F0
:10AB100097E529EC76BF60A27EC8F59CC3A0E06AE9
:10AB200063E5C7E3AF252E2AFDCDF4F15FD87AF2B5
:10AB3000C8A82520E4B89B6B73393D67A2908BAA07
:10AB4000FA8788638A3E78BCBE3F52B49044F5F5DC
:10AB50004E87FD1230BDB311D0127BAC794B77D646
:10AB6000C17C89CFCB41ECE4393BF79014DA3FA8A4
:10AB7000FD6A8624E0D7ACB18F9A4437EFA0D0FCB1
:10AB80005704BDDDA32DF19D4F93969D7A5A6B849A
:10AB900011274FBEBE5839766B31948916C8237E73
:10ABA000861A7E460AFA5721C96C0E2E36A42372E5
:10ABB00021A8378F1C0CADBD4B22DBE1E7D068220A
:10ABC0009C7F948D400D8E7F88B238950D76222F14
:10ABD000285F7D5E7B4C5CDD9A6387D654153AD244
:10ABE00096B294300F79845F476D97AEAE49E346D5
:10ABF00009C82BB901AB9F22A7C96A4A1565DCEDCC
:10AC0000A9022444CD0EA6DC0A47FDA7A4A326C5AD
:10AC100072589A3FC1222AD2E73CEFBB6C6C2AA142
:10AC2000EA217DB88FCFFECE3881015399DB65696B
:10AC3000298E3CFC3A32945CA0EEFCF0E7C5539BB5
:10AC40008077E525473F0298A00F53968C77E5D192
:10AC50002156FB09E9320A7991D65452577294DA97
:10AC6000F00239597993B4AD578B0132F430DCAE30
:10AC700020BA1730AF15BF2D7561177C0253BD0088
:10AC80009345BF5898F436E855803986E70A5752FD
:10AC900033786F7EB8935CF8567674F4A49D06FF03
:10ACA000AA1CEAE10F08BF870D98BEC214078F796E
:10ACB0004F2A0CB0F435AA0E5114806F446A006418
:10ACC000F468F3349AF45081BCEE53FBE27DAD8B13
:10ACD00079C1F23DE789D3A8148F7D452CB0F305E7
:10ACE000535E76603C825BDA22A30AD5F027A00986
:10ACF000DDF6E65ADB58C631E0E52B5D0AE55A423F
:10AD00009C851AC45F715DB552BE9F38EE7254E6E1
:10AD10009321F3887D8B3CD3278BD0F2AF056B2C2E
:10AD2000AC163A4294748106714B6015E0085FF1ED
:10AD3000ED75043DBC08D9D8785A4C019CE142CB52
:10AD4000A2900FA5F7EA42D18F1C2F13ECC94F84B4
:10AD50002E183AE4774FE53AA58901337A2A23A0E1
:10AD60003A98AC958B5F45F39928FE1D91C9AF07C2
:10AD7000967BAF65AE8AC0886F661CD50DB6F85C51
:10AD8000FFEB7335F0CCA277A6F4866E1C2EF591FE
:10AD9000A6695D54DE937A8845E8EA5D109ACFB7DC
:10ADA0007E5349BF2C73FEFBEDFC0BECB0A5A4B2A7
:10ADB000BB0D9B679B8151850C69C4DDC02D2CBFE9
:10ADC00050EA4EBC405C00EA6B136245F8B1D17F9B
:10ADD000E61E42F4662576FA7FF820E0DE3CB56197
:10ADE0009A1478E6023ABA1D24CFE258A713BB8220
:10ADF0002B92C7C22C29B1A980CD87792A595C3200
:10AE00002C26F058E7F76E6D1A09668BB7421F8340
:10AE10000B2EF89F39425A38B209695B5533E96104
:10AE2000901AC4AA7C32C6BA7DFBF3EB9EC6C39DC2
:10AE3000255694ACBC25A07F329C4DABB6071D288F
:10AE4000C00E6C3531060D001E45105401378C8C38
:10AE50008B8DFF9C6BBC5679551F1DFB17FED0498F
:10AE600060229EC387E72C899A76178559AF2CF20A
:10AE7000C6FAF5575E8B68AFEB8076379BE5445C8E
:10AE800062900B203F9DFA7009020B853CD56650FD
:10AE9000FCAFE64CFED3F8F0C921542932EB5FD069
:10AEA0008B25DE915FACFB8E08E5B17F87749697AA
:10AEB000099AAE424678FDCAF9D2EB768A8BE91937
:10AEC0002F33AA60259EFF23C854B307D6607CF1B8
:10AED000E04E2787196B52CD57C93389E50AE784BD
:10AEE0001EF72DB1721CA2A96D512F262D1F0AE746
:10AEF000C9A8E07E20B8A87571B8E8BF6C2ECE4E08
:10AF0000D846EF98A18A809ADB7357D7C5CF99733B
:10AF1000D9D4EF5694FF0749D6335D676B5B4891F0
:10AF2000CB1E6F18699F2E2AFDCD5C0AD5729B93AC
:10AF3000C1638DDBED6B9B6B7339F2770A6B235129
:10AF4000F10D8863452EB32616C49B579044F5F542
:10AF50004E8710735CC77C01D012359D5F7277D627
:10AF6000E174402CE0D382A5B61BF79014DA3FA819
:10AF70001C0B038E838ECDA98F9A4437CDF1B71762
:10AF80003945BDDDA32DF19D23113E66D2A1C37FBE
:10AF9000B9DCE74516A314276B31948978898B8532
:10AFA0002EE1D6BD4F607731C96C6F36B74723723B
:10AFB00021A8378F1C0C40DC2758F6B08991C0D9E6
:10AFC00034843C760597EF67299A9D2F6337222FAB
:10AFD000285F7D5E7B4C305F12902F2DFCEEF331AD
:10AFE000BBE394300F79845F476DBAFFA79A273F80
:10AFF00009C82BB9A4CA7243A7C96A4A1565DCED12
:10B0000044638CBF65F50E272716FDA7A4A326C5AC
:10B010007258552F0A8082294FC702DA6C6C2AA118
:10B02000EA217DB88FCF71EE3881015399DB6569D4
:10B03000298E3CFC3A32945C4D8F540B21073DDA4B
:10B040008077E525473F0298A00F5396C6B4892D17
:10B0500089AD53F285B00A7991D65452577294DA79
:10B06000F002D438D1683C4619BA0132F430DCAE73
:10B0700020BA1730AF15BF2D7561177C0253BD0084
:10B080009345D119300F9E1378D13986E70A57526C
:10B0900033786F7EB8935CF8FC00A0090C66AE04B0
:10B0A000477DEAE10F08BF870D98BEC214078F796C
:10B0B000E35BA44B7CDE651E5114806F446A006420
:10B0C000F468F3349AF45081BCEE53FBE27DE74818
:10B0D000D13A9EBFE789D3A8148F7D452CB07C253B
:10B0E00019E55B314084A0AFAC67E7B4F0270C787A
:10B0F000B18C294ADB58C631E0E52B5D0AE5D0F07A
:10B10000347ED1665F715DB552BE9F38EE7254E6F3
:10B110009321F3887D8B3CD3CAEA780966E66B2CD1
:10B12000AC163A42947481069C2AE8FE48F35054C7
:10B13000BA715339EB0CA5DEBC5D87A3341A8B10B2
:10B14000ECA10FA5F7EA42D18F1CA033643AE77F48
:10B15000A1383AE4774FE53AA58901337A2A23A04A
:10B160003A98AC95828CED08B479FE1D91C9AF0771
:10B17000967BC1240671AC74D8C284C15AB2AF5850
:10B18000E9EF493334CBEC46EC372E9594C5BBA0A0
:10B19000A6695D54DE937A88296A42A63B08CFB738
:10B1A0007E5349BF2C73FEFBEDFC0BECB0A52B923C
:10B1B00013F613949B8151850C69C4DD0F3DA45493
:10B1C000F811E6397A5A16EE3C1774413CB6D17F35
:10B1D000E61E42F46625BD58D703292BDE3CB56137
:10B1E0009A1478E68D1A12E6ED14E258A713BB8282
:10B1F0002B92C7C22C29B1A980CD2B0882A297908F
:10B200002C26F058E7F76E6D768BCE703DF01F83DD
:10B210000B2E3C98E056CC57DE7384029A23E961EA
:10B22000901A0BBA75E16E41909AF3EB9EC6C39DDE
:10B2300025569D7F14DEEE4E329C4DABB6071D2881
:10B24000C00E6C3531066182B6BE7CD601378C8C5F
:10B250008B8DFF9CE34FFE82DA3F1DFB17FE9E782D
:10B26000D2CFB53F2F1C847253AD98A559AF2CF2A5
:10B270002B9B5DAC574068AFEB8076379BE5CEEEFD
:10B28000CA6B65613F9DFA7009020B853CD566501B
:10B29000FCAF2DEE56281591C921542932EB11E14E
:10B2A00023DE94525FACFB8E08E5789CEB883E6C05
:10B2B000A16106B9EE83B771F9D2EB768A8B61EAA8
:10B2C00087C86570259EFF23C85450A593C25A2A8B
:10B2D000AAF52E4CB19018761D72F81308536257D8
:10B2E000B60C00E0721CA2A96D51416785E4C1450E
:10B2F000C9A8E07E4EF9008ED9434044C4D566B556
:10B3000070BD47636E9A809ADB731D146D34F732FB
:10B31000D9D48117DE44C330D633991EC3A0E06A66
:10B3200063E5C7E3C16486D15536DF63F7239950DF
:10B33000C1638DDBED6BF52ADBC29EF50A6B2351F1
:10B340009F4C2098EDD51BDDBE3F33AC38BF5D0E62
:10B3500000B610735CC7F6B378E915ED15C9DF2D9B
:10B36000498FE54D63BA4095393BF79014DA3FA811
:10B37000932B2EDF482C68C88F9A804E475B780746
:10B380003945D39C0BD67B2F23113E661DB16B84B0
:10B3900011274FBEBE58BCDCC3CA1C7A78898B8586
:10B3A0002EE19C7E0AFA70FA6197A6D55A2669B1F9
:10B3B000895359CE1C0CADBD4B22DBE18991C0D91C
:10B3C00034845237400DEF5F816115C40D76222F12
:10B3D000A0ACF5B57B4C305F129043AF54155BCAFF
:10B3E00013183CCBA782A90E476DBAFF688AE346C3
:10B3F00068D08342C8487243A7C941D89D9613FDBF
:10B40000A9022444CD0EA6DC0A47FDA7A4A326C5A5
:10B41000FAAB32C48F132AD2E73CEFBBA7CE825AD5
:10B4200007407DB88FCF71EE15D04B9031202FAAF9
:10B4300047CF3CFC3A32945C0C9F540B6256539BB2
:10B440008077E525473F02986F1F53968C7721D66A
:10B450002156FB09E9320A7991D654529CD05D39C4
:10B460009E4339597993B4ADD8ABA9C97CDB538ECF
:10B4700020BA1730AF15BF2D7561177C0253BD0080
:10B480009345F169101FBE1BDAA03986E70A5752AF
:10B490007D49214FB8935CF8507108F2A49D06FFD6
:10B4A000AA1CEAE10F08BF87C28871D214078F79FE
:10B4B0004F2A0CB0F435067FF9EF89A4CB4A00641B
:10B4C000F468F3349AF45081BCEE53FBAC4CA440C6
:10B4D000D13A1F5CE789D3A8148FD134844B5BFE2B
:10B4E000BE3F766040840CDEE6A40AD5F027A009B2
:10B4F000DDF6E65ADB58C6312FF545640AE55A42B7
:10B500009C851AC494D3F54EDA55F342615254E641
:10B510009321F388F2AB50A9AF60780984976B2C24
:10B52000AC163A42947448E5D9B0C8EEAACB9BF663
:10B53000BA715339EB0CA5DEBC5D4C019CE142CBEA
:10B54000A29041947F01EA2A46C7A033ECC94F84F8
:10B550002E1817B5FFBC4DC10D72C8E83091EA7BBB
:10B560009263046E42BC68A29928FE1D91C9AF0780
:10B57000967B64C70671AC7438F24BD15AB2AF589F
:10B58000E9EF493334CBA277A6F4866E1C2E3E3306
:10B590000E92F5AF7668160A45E8EA5D109ACFB7C5
:10B5A000B143A4DEA6C1F7284507023F3A1749D3A5
:10B5B000741D9B679B8151850C69C4DDC02D2CBF18
:10B5C000BD8B67DA7A5A16EE3C1774413CB6D17FD0
:10B5D000E61E42F4662576FA7FF8EB4276C71D9A9E
:10B5E00032EF1464023ABA1D24CFE258A713BB828B
:10B5F0002B92C7C22C29B1A980CD87792A595C32F8
:10B600002C26F058E7F745FF90A3E9ABB7421F831C
:10B610000B2E3C982F46603EB209695B5533E961B9
:10B62000901AC4AA7C32499A74285B10D4050C8DF8
:10B6300025565BBCBC25A07F329C4DABB6071D28B0
:10B64000C00E6C3531060D001E45105401378C8C30
:10B65000402F5767E34F1848551F1DFB17FED04971
:10B660005A241DC487E72C899A76178559AF2CF286
:10B67000C6FAF5575E8B68AFEB807637B0778D876B
:10B680000CD10B203F9DFA7009020B853CD566500A
:10B69000FCAFE64CFED3F8F087101E929A10D72329
:10B6A000C514DE915FACFB8E08E5B17F43739697BE
:10B6B000099AAE424678FDCAF9D2EB768A8BE9192F
:10B6C0002F33AA60259E303342E694DC93C2BCE05F
:10B6D00087BCE15CB19018761D72F813085328946A
:10B6E00033A6E62BDAE70A522792A0062D1F0AE7B7
:10B6F000C9A8E07E20B8A87571B8E8BF6C2ECE4E00
:10B70000D846EF98A18A809ADB7357D7C5CF997333
:10B71000D9D48117DE4482E3B72B5D676B5B489118
:10B72000295E8D58CAEECC6A1F8D5C0AF7235D290D
:10B73000499021AAED6B9B6B7339F2770A6B235109
:10B74000F10D8863452EB32616C49B579044F5F53A
:10B750004E8710735CC77C01D0127BAC15C9DF2DFE
:10B76000498F89CFCB41C1B5F2993E73BC21975324
:10B770003BD08624E0D7ACB1ECC3C19D475B7807D2
:10B780003945BDDDA32DF19D23113E66D2A1C37FB6
:10B79000B9DCE74516A397206B31948978898B85AE
:10B7A0002EE1D6BDA201FFDA6197A6D55A262372F3
:10B7B00021A8378F1C0CADBD8432B5A0E7D0AE9860
:10B7C00034843C76E8F62684816115C40D76222FF8
:10B7D000285F7D5E7B4C305F12902F2DFCEEF331A5
:10B7E0007FE4AE360F79845F476DBAFFA79A4BBDF1
:10B7F000A1338342C8487243A7C96A4A1565DCED84
:10B80000A9022444CD0EA6DC0A47FDA7A4A326C5A1
:10B8100072589A3FC1222AD2E73CEFBB6C6C2AA136
:10B82000EA217DB88FCF71EE38810153A3DD736DAE
:10B83000ED893CFC3A32945CA0EEFCF0A9F4539BF9
:10B840008077E525473F0298A00F53968C7721D645
:10B850002156FB09E9320A7991D65452577294DA8B
:10B86000F00239597993B4AD578B0132F430DCAE24
:10B8700020BA1730AF157B2A6365407814578706C6
:10B880005742BF5898F436E855803986E70A575230
:10B8900033786F7EB8935CF8507108F2A49D06FF70
:10B8A000AA1CEAE10F08BF870D98BEC214078F7962
:10B8B0004F2A0CB0F435AA0E5114806F446AC46349
:10B8C000CE6EE530CDF00785AAEA69FD617AAD8BD1
:10B8D00079C1F23DE789D3A8148F7D452CB0F305DB
:10B8E000535E766040840CDEE6A40AD5F027A009FA
:10B8F000DDF6E65ADB58C631E0E52B5D0AE55A4233
:10B900009C851AC45F715DB552BE1C3FD47442E27F
:10B91000C425E58CB98C3CD3278BD0F2AF056B2CBA
:10B92000AC163A4294748106714B6015E0089BF6A0
:10B93000BA715339EB0CA5DEBC5D4C019CE142CBE6
:10B94000A2900FA5F7EA42D18F1C2F13ECC94F84A8
:10B950002E183AE4774FE53AA589C5346C2E19A61E
:10B960003A98AC958B5F45F39928FE1D91C9AF07B6
:10B97000967BAF65AE8A048F13604BD15AB2AF5835
:10B98000E9EF493334CBA277A6F4866E1C2EF591ED
:10B99000A6695D54DE937A8845E8EA5D109ACFB7D0
:10B9A0007E5349BF2C73FEFBD7FA88EBB0A5A4B237
:10B9B000BB0D9B679B8151850C69C4DDC02D2CBFDD
:10B9C00050EA8ABB7A5A16EE115E183B760D9BC47C
:10B9D000EFD5084F2C9E7D7092A1EFF0DE3CB56153
:10B9E0009A1478E6023ABA1D24CFE258A713BB8214
:10B9F0002B92C7C2E82EB1A980CD87792A595C3233
:10BA00002C26F058E7F76E6D1A09668BB74290A3A3
:10BA1000C0B4B47387BDC8C51AF2C1A0FDC8419AAD
:10BA200038E16C51D4C96E41F751FDAA9EC6C39D41
:10BA3000255694ACBC25A07F329C4DABB6071D2883
:10BA4000C00E6C3531060D001E45105401378C8C2C
:10BA50008B8DFF9C6BBC99699E85B500BF0578B244
:10BA6000F2DFB53F2F1C8472328DBF7EF154840902
:10BA70006E015DACF670C054A13B38069BE5445C9A
:10BA800062900B203F9DFA7009020B853CD56650F1
:10BA9000FCAFE64CFED3F8F0C921542932EB5FD05D
:10BAA000C514567AF7575375A01E19844AA0BD05D0
:10BAB00007DBA0036B31D083F7934707835841E23C
:10BAC00087C8029B8D6577C825353C273B39F65BD7
:10BAD000AAF52E4CB19018761D72F81308532894CD
:10BAE0001EF72DB1721CA2A96D51C247A5F4A21C6C
:10BAF000615348856A7BE64471B8E8BF6C2EE31F4A
:10BB000070BD6773CFCB809ADB7398C70E6D318899
:10BB1000712F29EC76BFA4387EC8F59CC3A0E06ADB
:10BB200063E5C7E3C16486D15536F4F15FD8F5D239
:10BB3000C1638DDBA35A3390DBC25A8C82982D10DF
:10BB4000F10D8863452EB32616C4F7D538BF5D0EB8
:10BB5000E67CBC1A5CC77C01D012F48C1C1A77D628
:10BB6000E17421346730ECE4393BF79014DA3FA8F4
:10BB7000932B2EDF482C044A2761ECCC475BF72738
:10BB8000B1AE15260BD6F84EAC313E66D2A1C37FBE
:10BB9000B9DCE74516A378A5C3CA3C72D072237EF0
:10BBA000A44B19ADA201FFDAAE872C67F2DD8B89B9
:10BBB00089531ADE1C0CADBD4B22DBE18991C0D943
:10BBC00034843C76E8F6268481615F7FA58D8AD433
:10BBD000A0ACB24E7B4C305F12902F2DFCEEF331B7
:10BBE000BBE3F8B2A7822CA44EBE12040F614276CA
:10BBF000EF028342C8487243ED0AC2B1BD9E5406AB
:10BC000066122444CD0EA6DC0A47FDA7A4A326C5D0
:10BC100072589A3FEC7382294FC74740225D2AA190
:10BC2000253113818FCF71EE3881015399DB09EBF8
:10BC300081759407F5221EEE0815540B211FBEFADC
:10BC40008077E525882FCB7B08F4FB6DE0F521D6C6
:10BC50002156FB09E9320A7991D65452577294DA87
:10BC600039D991A2D168D82F578B0132FDE3745591
:10BC700029719810AF15BF2D75617BFEAAA815FB21
:10BC80009345BF5834859E13FD7B917D8B88575219
:10BC90003378613F1068F403F88A87D2A49D06FFC9
:10BCA000AA1CEAE10F08BF870D98F0F3BCFC2782BD
:10BCB000C7D9C3A0F435AA0ED9E72894EC91888F90
:10BCC0009A29F3349AF43C031415FB00E27DAD8B02
:10BCD00079C1B8FE4F727B53BC747D452CB0F3051F
:10BCE000199DDE9BE87FA0AFE6A40AD5F027A00946
:10BCF000DDF6E65ADB58EDA3481E83A621775A42AB
:10BD00009C851AC411405466FA4537C34689389C4D
:10BD100093219F0AD5709428278B5FD2A6CEC3D7D4
:10BD200004ED92B9BFE68106714B60150D69330DC4
:10BD3000128A5AF2EB0CA5DEBC5D4C019CE142CBB1
:10BD4000A290C67E5F11EA2AA24D2F13ECC94F8440
:10BD50002E18F5F4BCED4DC10D72A9C8F080083263
:10BD60009263046EE51ECD1831D356E6193A426649
:10BD7000967BAF65AE8A048FDC70E32AF24907A395
:10BD800066CF493334CBA277A6F4866E1C2E5D6A4B
:10BD90000E92F5AFDE937A8845E8EA5D109ACFB748
:10BDA0007E53E5CE848856004507A317185E0C49DC
:10BDB00013F6339C337A58564258C4DDC02D2CBF3D
:10BDC00050EA8ABB7A5A5C2D94ECDCBA32F7D17F08
:10BDD000E61E42F4662576FAF0D8881B76C77C8288
:10BDE0009A1478E6023ABA1D24CFE258A713BB8210
:10BDF00045D34F3184D2195228362F8282A2F4C9FA
:10BE0000A6943F48E7F76E6D1A09668BB7421F8309
:10BE10000B2EB62A87BDC8C59F58695B5533E961AB
:10BE2000901AC4AA72736E41D500B9289EC6C39DEC
:10BE3000255694ACBC25A07F329C4DABB607D238BA
:10BE4000C9DDC4CE99FDA5FBB6BEBC2501378C8CDF
:10BE50008B8DFF9C6BBC5679551F1DFB17FEBCCB11
:10BE6000F2DFB53FEB652C899A76178559AF2CF236
:10BE7000C8BB5DACF670226CEB8076379BE5445C0A
:10BE800062900B203F9DFA700902E6E4B43ECEAB0F
:10BE900054544EB75628F13B4601542932EB5FD03B
:10BEA0008B25DE915FACFB8E08E5DDFDEB883E6CFB
:10BEB0006518AE424678FDCAF9D2EB7605AB41E291
:10BEC00087C863BB259EFF23C8543C273B39F65BDC
:10BED000AAF52E4C7A32B08DB58950E8A0A8806FB3
:10BEE000B60C854AFAF7CCE86D512F262D1F0AE7CC
:10BEF000C9A8E07E20B822C7D9434044417FCE4E36
:10BF0000D846EF98A18A809ADB73FF2C6D34318874
:10BF1000D9D48117DE44AFB27EC8F59C4C80E9A12C
:10BF2000CB1E6F18699F4F32FDCD5C0AD72B5D2960
:10BF30006998252081119B6B7339F2770A6B235125
:10BF4000F10DC2A0EDD51BDD18859B579044F5F58A
:10BF50004E8710735CC7B5E278E9D3573898DF2D68
:10BF6000498F89CFCB4182A5B1D05F6BBC21B75B34
:10BF7000BE7A425DE0D7ACB1A841E51FEFA0D0FC8E
:10BF800091BE37776C3DF19D23113E661DB16B84E8
:10BF900011274FBE998314276B31948978898B853B
:10BFA0002EE1FD2F0AFA57214A05A6D55A262372FB
:10BFB0000CF99F74B4F7054642F195D08991AC5BBA
:10BFC0009C7F948DE8F626844AC3BD3FA58D8AD414
:10BFD00021947D5E7B4C305FFFF187D65415FAE2E9
:10BFE000BBE394300F79845F476DBAFFA79A058C45
:10BFF00009C82BB940A3BD53A7C96A4A9FD7741675
:10C0000001F9AEF6021EA6DC0A4791250C588E3EB9
:10C0100072589A3FC122A0604FC74740E49F2AA1AF
:10C02000EA217DB8C574D915907AAD2299DB65698E
:10C03000298E3CFC3A32945CA0EEFCF06017FB6069
:10C04000288C89A7473F0298EE3E9834611621D686
:10C050002156FB09E93266FB392DFCA957725BCAF0
:10C060003B9891A2D1683C5E19BA0132F430F1FFDD
:10C070008841BFCB07EE300D7561177C0253BD00C0
:10C080009345BF5898F436E878D1917D4FF1FFA9D8
:10C090007D496F7EB8935CF8507108F2A49D06FF4D
:10C0A000AA1C8663A7F3177C43A9B709BCFC2782A7
:10C0B00005E9C3A0F435AA0E9E0449B4EC91A89FEB
:10C0C00098EAF3349AF45081BCEE53FBE27DAD8BD9
:10C0D00079C1F23DE789996BBC74D5BEA45B3C1570
:10C0E000535E766040840CDEE6A40AD5F027CC8B44
:10C0F000750D4EA153B36ECA481E00CF0AE55A42D1
:10C100009C851AC415CAF54EFA4517CB216254E630
:10C110009321F3887D8B3CD3278BD0F2AF056B2C1A
:10C12000AC16B5621C8729FDD9B069DEAE399BF625
:10C13000BA715339EB0CA5DEBC5D2083341AEA30AA
:10C140000A6B8756DABB42D18F1C2F1323D9C52E19
:10C1500086E3921FDFB4C86BA58901337A2A23A036
:10C160003A98AC958B5F45F39928FE1D91C9AF07AE
:10C17000D84A079E0671AC749B8B45905AB2AF5853
:10C18000E9EF493334CBCEF50E0F2E9515FDBBA04C
:10C19000A6695D54DE93F5A84C2342A6B861674CAE
:10C1A000D22249BF2C73FEFBEDFC0BECB0A5A4B270
:10C1B000BB0D9B679B8151850C69C4DDC02DC1DE21
:10C1C000D8192240D2A1BE1576AC3A703CB6D17FC8
:10C1D000E61E0CC52CE65D68B0E820E0DE3C3A4186
:10C1E000518ED01DAAC112E68C348EDAA713BB8201
:10C1F0002B92C7C22C29B1A980CD87792A595C32EC
:10C200002C26F058E7F76E6D1A09668BF973977054
:10C21000A3D5946387BDC8C57BD262D13B0A87583A
:10C22000DE2BAA93120B6AD374305B10363D6B661B
:10C230008DAD1C5F5144A07F329C4DABB6071D28CD
:10C24000C00E6C3531060D001E45105401378C8C24
:10C250008B8DFF9C6BBC5679551FD2EBDC5C78B2A2
:10C26000F2DFB53F2F1C8472328DBF7EF1548409FA
:10C270006E015DACF670C054437BDECCD1260A6DF6
:10C2800062900B203F9DFA7009020B853CD56650E9
:10C29000FCAFE64CFED3F8F0C921542932EB5FD055
:10C2A0008B25DE915FACFB8E08E53E5F88D11E6476
:10C2B000A16106B9EE8355315129438D227041E2C7
:10C2C00087C8029BAF2CF162C8543C273B39F65B10
:10C2D000AAF52E4CB19018761D72F8130853AB9343
:10C2E0001EF72DB1721CA2A96D512F262D1F0AE732
:10C2F000C9A8E07E20B8A87571B8E8BF417FA2CC7C
:10C300009285A55BA859CA5991B07C4528AE566361
:10C31000D9D48117DE44AFB27EC8F59CC3A0E06AD1
:10C3200063E5C7E3C16486D19131CEF75FD8F5D21A
:10C33000C1638DDBED6B9B6B7339F2770A6B235115
:10C34000F10D8863452EB32616C49B579044F5F52E
:10C350004E8710735CC77C01D0127BAC15C9DF2DF2
:10C36000498F89CFCB41ECE4393BF79014DA3FA8F1
:10C37000932B2EDF722A124EE366ECCC475B7807D4
:10C380003945BDDDA32DF19D23113E66D2A1C37FAA
:10C39000B9DCE74516A314276B31948978898B851E
:10C3A0002EE1D6BDA201FFDA6197A6D55A262372E7
:10C3B00021A8378F1C0CADBD4B22DBE1899104DE37
:10C3C00022806B72FEF21C82026615C40D76222F4B
:10C3D000285F7D5E7B4C305F12902F2DFCEEF33199
:10C3E000BBE394300F79845F476DBAFFA79A4BBDCA
:10C3F000A1338342C8487243A7C96A4A1565DCED78
:10C40000A9022444CD0E25DB3041EBA3F3A771C173
:10C41000645CA03942252AD2E73CEFBB6C6C2AA1B0
:10C42000EA217DB88FCF71EE3881015399DB6569C0
:10C43000298E3CFC3A32945CA0EEFCF0A9F4539BAC
:10C440008077E525473F0298A00F53968C7721D639
:10C450002156780ED3341C7DC6D24256937594DA99
:10C46000F00239597993B4AD578B0132F430DCAE18
:10C4700020BA1730AF15BF2D7561177C0253BD0070
:10C480009345BF5898F436E855803986E70A5752E5
:10C4900033786F7EB8935CF8507108F2A49D06FF64
:10C4A000AA1C2EE6190C85810D98BEC214078F793F
:10C4B0004F2A0CB0F435AA0E5114806F446A006400
:10C4C000F468F3349AF45081BCEE53FBE27DAD8BFB
:10C4D00079C1F23DE789D3A8148F7D452CB0F305CF
:10C4E000535E766040840CDEE6A40AD5F027A009EE
:10C4F000E7F0655DDB58C631E0E52B5D0AE55A42A1
:10C500009C851AC45F715DB552BE9F38EE7254E6C9
:10C510009321F3887D8B3CD3278BD0F2AF056B2C16
:10C52000AC163A4294748106714B6015E0089BF694
:10C53000BA715339EB0CA5DEBC5D4C0158E642CB19
:10C54000A2900FA5F7EA42D18F1C2F13ECC94F849C
:10C550002E1874D51B358940C9F36D4916504FDA32
:10C5600056E2C0EFE7252989F5529267FDB3C37DF6
:10C57000FA01C31FC2F068F57F1AE7B8D592AF5829
:10C58000E9EF493334CBA277A6F4866E1C2EF591E1
:10C59000A6695D54DE937A8845E8EA5DDB38674C2E
:10C5A000D6A8E144848856004507A317185E0C49B5
:10C5B00013F6339C337AF97EA4926C2668D68444B1
:10C5C000F8112240D2A1BE1594EC99203CB6D17F3F
:10C5D000E61E42F4662576FA7FF820E0DE3CB5617F
:10C5E0009A1478E6023A577C8C34C9CAC95217F3B8
:10C5F00083698D014268DFE8EE8CE93844183273B4
:10C6000042679E1989B6002C744808CAD90371C2C2
:10C61000656FD1F9A7B5E8D53D29695B5533E96167
:10C62000901AC4AA7C32C6BA7DFBF3EB9EC6C39DAA
:10C630002556DE6F75C6A07F329C4DABFCC4D4F38B
:10C64000C00E6C3531060D001E45105401378C8C20
:10C650008B8DFF9C6BBC5679551F1DFB17FED04977
:10C660007775B53FAAB62C899A76178559AF2CF203
:10C67000C6FAF5575E8B68AFEB8076379BE50E9F69
:10C6800028530B203F9DFA7000D183763CD566502D
:10C69000FCAFE64CFED3F8F0C921542932EB5FD051
:10C6A0008B25DE915FACFB8E08E5B17F2D323E6CB1
:10C6B000A5EBAE424678FDCAF9D2EB768A8BE91932
:10C6C0002F33AA60259EFF23C85476E471FAF65BE7
:10C6D000C4B4E5D6196BF5171D72F81308532894E6
:10C6E0001EF72DB1721CA2A96D512F262D1F0AE72E
:10C6F000C9A8E07E20B8A875BA1A4044221FCE4EC1
:10C70000D846EF98A18A809ADB7357D7C5CF997323
:10C71000D9D48117DE44E571340B18FD6B5B489169
:10C72000EB0E8D588BDFCC6A1F8DBE4A1563BF6937
:10C730008BD8C760A7D0D1D03982B8CC40D069EAB5
:10C74000BBB60088EDD5788416C49B579044F5F5A8
:10C750004E8710735CC77C01D0127BAC15C9DF2DEE
:10C76000498FC30C818263C4B1C85F6BBC219753EE
:10C770003BD08624E0D7ACB18F9A4437EFA0D0FCF1
:10C7800091BE15260BD659668BEA969D7A5A6B8414
:10C79000D55EE74516A314276B31948978898B857C
:10C7A0002EE1D6BDA201FFDA6197A6D55A2669B15E
:10C7B0006B6B378F1C0CADBD4B22DBE18991C0D96F
:10C7C00034843C76E8F62684816115C40D76222FE8
:10C7D000285F7D5E7B4C305F585387D6FCEEF3318B
:10C7E000BBE394300F79845F476DBAFFA79A4BBDC6
:10C7F000A1338342C8487243A7C920895FA6DCEDF4
:10C80000A9022444CD0EA6DC0A47FDA7A4A326C591
:10C8100072589A3FC1222AD2E73CEFBB6C6C2AA126
:10C82000EA217DB8C50CD9153881015399DB6569BA
:10C83000298E3CFC3A32945CA0EEFCF0A9F4539BA8
:10C840008077E525473F485BEACC53968C7721D625
:10C850006F679530870B6440FFEF3A6B394BFAE313
:10C860009E3B576017AADA9439B2CE22F430DCAE80
:10C870006A79BFCBAF15BF2D7561177C0253BD0020
:10C880009345BF5898F436E855803986E70A5752E1
:10C89000337825BDF2505CF8507187D20C66AE0437
:10C8A00002E7421AA7F3177CA5631639BCFC27825E
:10C8B000E7D1A44B5CCEC68C5114806F0EA9A89F03
:10C8C000F468F3349AF45081BCEE53FBE27DAD8BF7
:10C8D00079C1F23DE789D3A8148F7D452CB0B9C644
:10C8E000199D766040840CDEA89564949E66CE48BF
:10C8F000B3B7881BB519A8708EA4451C64A4340373
:10C90000F2C4D5D45F715DB5187D37C3EE7254E6BD
:10C910009321F3887D8B3CD3278BD0F2AF056B2C12
:10C92000AC163A4294748106714B2AD6AACB9BF678
:10C93000BA715339EB0CA5DEBC5D4C019CE142CBD6
:10C94000A2900FA5F7EA42D18F1C2F13ECC94F8498
:10C950002E183AE43D8C4DC1A58901337A2A23A0D3
:10C960003A98AC958B5F45F39928FE1D91C9AF07A6
:10C97000967BAF65AE8A4E4C59A34BD15AB2AF5895
:10C98000E9EF493334CBA277A6F4866E1C2EF591DD
:10C99000A6695D54DE937A8845E8EA5D109ACFB7C0
:10C9A0003490E1442C73FEFBEDFC0BECB0A5A4B27B
:10C9B000BB0D9B679B8151850C69C4DDC02D2CBFCD
:10C9C00050EAC078309916EE3C177441F7149BC4B6
:10C9D000ACA5084F2C9E3C4135436A5B9487FFDA37
:10C9E000D0AF325D4881D45C24CFE258EDD01379CA
:10C9F0002B92C7C22C29B1A980CD87792A595C32E4
:10CA00002C26F058E7F76E6D1A09668BB742554031
:10CA100041ED3C982F46AF2E7BEAC1A0FDC8419A5C
:10CA200038E16C51D4C96E41D5005B10363D6B6660
:10CA30008DAD38DDBC25A07F785FE550B6071D2899
:10CA4000C00E6C3531060D001E45105401378C8C1C
:10CA50008B8DFF9C6BBC5679551F57385D3DD04977
:10CA60005A241DC487E72C899A76178559AF2CF272
:10CA7000C6FAF5575E8B68AFEB8076379BE5445C72
:10CA800062900B20755E528B09020B853CD5665077
:10CA9000FCAFE64CFED3F8F0C921542932EB5FD04D
:10CAA0008B25DE915FACB14D4226B17F43739697E3
:10CAB000099AAE424678FDCAF9D2EB768A8BE9191B
:10CAC0002F33AA60259EFF23C8543C273B39F65BD1
:10CAD000E03686B7B19018761D72F8130853289483
:10CAE0001EF72DB1721CA2A96D512F262D1F0AE72A
:10CAF000C9A8AABD6A7BA87571B8E8BF814FA234E6
:10CB0000B43C83E2CDF0ECE0B7093BADA9B5F50943
:10CB1000B5AEED6DB23E20927EC8F59C896348911A
:10CB200063E5C7E3C16486D15536F4F15FD8F5D229
:10CB3000C1638DDBED6B9B6B7339F2770A6B699286
:10CB4000BBCE8863452E7C36BE3F33AC38BF5D0E0E
:10CB5000E67CB888F43CD4FA78E9D357BD3277D66E
:10CB6000E174A25DCB41ECE473F85F6B14DA3FA88B
:10CB7000932B2EDF482C044A2761ECCC475B7807C7
:10CB80003945BDDDA32DF19D231174A59862C37FA6
:10CB9000B9DCE74599837A660570FAC816C8E5C41A
:10CBA00040A0B8FCCC40919B0FD6C8943467237248
:10CBB00021A8378F56CF05464B22DBE18991C0D99A
:10CBC00034843C76E8F62684816115C40D76222FE4
:10CBD000285F7D5E7B4C7A9C58532F2DFCEEF33101
:10CBE000BBE394300F79845F476DBAFFA79A4BBDC2
:10CBF000A1338342C8487243A7C96A4A1565DCED70
:10CC0000E3C18CBFCD0EA6DC0A47FDA7A4A326C5B1
:10CC100072589A3FC1222AD2E73CEFBB6C6C2AA122
:10CC2000EA21377BC50C71EE3881015399DB6569C8
:10CC3000298E3CFC3A32945CA0EEFCF0A9F4539BA4
:10CC40008077E525473F0298A00F5396C6B4892DFB
:10CC50002156FB09E9320A7991D65452577294DA77
:10CC6000F00239597993B4AD578B0132F430966D97
:10CC70006A791730AF15BF2D7561594D48E850617D
:10CC80009345BF5898F436E8558014D7ADB1196371
:10CC900033786F7EB8935CF81AB2A009A49D06FFA2
:10CCA000AA1CEAE10F08BF870D98BEC214078F794E
:10CCB0004F2A0CB0F435AA0E5114CAAC8DB1CF7402
:10CCC000F468F334D4C5D86A1415FB000F1CAD8B7F
:10CCD00079C1F23D0AE87B53BC74F5AE6281F3057D
:10CCE000535E76604957A425E6A40AD5F027A0092B
:10CCF000DDF6E65ADB58C631E0E52B5D0AE55A421F
:10CD00009C851AC45F713137FA4596F321621AD7B0
:10CD10001BCA5B73F739B4208F703D93AF05864D06
:10CD200004ED92B9DEB729FDF9A02E24E008505495
:10CD3000128A19FAEB0CA5DEBC5D4C019CE142CBDA
:10CD4000A2900FA5F7EA42D18F1C2F13ECC94F8494
:10CD50002E183AE4BCED4DC1AC4289D8D2D1E802DC
:10CD60003A98E2A403ACED0852B256E63932426674
:10CD7000967B64C706718C6418EAE32A53616048A5
:10CD8000E9EF493334CBA277A6F4866E1C2EF591D9
:10CD9000A6695D54DE937A8845E8EA5D109ACFB7BC
:10CDA0007E53821D84885600265E0BECB0A5A4B28B
:10CDB000F53C1394337AF97EE108C4DDC02D2CBF15
:10CDC0009B482240D2A11F3DF30774413CB6D17F5E
:10CDD000E61E42F4662576FA7FF820E0DE3CB56177
:10CDE0009A1478E6023ABA1D24CFE258A713BB8200
:10CDF0004710AB402C29B1A980CD87792A5912035D
:10CE000066E5DD09E7F76E6D1A09668BB7427301B7
:10CE1000819CF3882F46603EB209695B5533E96116
:10CE2000901AC4AA7C3245BD7DFBF3EB9EC6C39D20
:10CE3000255694ACBC25A07F329C4DABB6071D286F
:10CE4000C00E6C3531060D001E45105401378C8C18
:10CE50008B8DFF9C6BBC5679551F1DFB17FED0496F
:10CE60005A241DC487E72C899A76178559AF2CF26E
:10CE700002FDCF515E8B68AFEB8076379BE5445C5B
:10CE800062900B203F9DFA7009020B853CD56650DD
:10CE9000FCAFE64CFED3F8F0C921542932EB5FD049
:10CEA0008B25DE915FACFB8E08E5B17F43739697CF
:10CEB000099AAE424678FDCAF9D2EB76B08DFF1DD5
:10CEC000EB34AA60259EFF23C8543C273B39F65B10
:10CED000AAF52E4CB19018761D72F81308532894B9
:10CEE0001EF72DB1721CA2A96D512F262D1F0AE726
:10CEF000C9A8E07E20B8A87571B8E8BF6C2ECE4EE8
:10CF0000D846EF98A18A449DCD7700D3D3CBA375A3
:10CF10005AD38117DE44AFB27EC8F59CC3A0E06A45
:10CF200063E5C7E3C16486D15536F4F15FD8F5D225
:10CF3000C1638DDBED6B9B6B7339F2770A6B235109
:10CF4000F10D8863452EB32616C49B57904476F2A4
:10CF5000748106770BC32B05C61641AA96CEDF2D2A
:10CF6000498F89CFCB41ECE4393BF79014DA3FA8E5
:10CF7000932B2EDF482C044A2761ECCC475B7807C3
:10CF80003945BDDDA32DF19D23113E66D2A1C37F9E
:10CF9000B9DCE74516A314276B31178E428F9D81AC
:10CFA00079E5C0B96606FFDA6197A6D55A262372DD
:10CFB00021A8378F1C0CADBD4B22DBE18991C0D974
:10CFC00034843C76E8F62684816115C40D76222FE0
:10CFD000285F7D5E7B4C305F12902F2DFCEEF3318D
:10CFE000BBE394300F79845F476D7EF8B19E71BBCF
:10CFF000A1338342C8487243A7C96A4A1565DCED6C
:10D00000A9022444CD0EA6DC0A47FDA7A4A326C589
:10D0100072589A3FC1222AD2E73CEFBB6C6C2AA11E
:10D02000EA217DB88FCF71EE3881015399DB6569B4
:10D03000298E3CFC3A32945C9AE87FF7A9F4539B22
:10D040008077E525473F0298A00F53968C7721D62D
:10D050002156FB09E9320A7991D65452577294DA73
:10D06000F00239597993B4AD578B0132F430DCAE0C
:10D0700020BA1730AF15BF2D7561177C0253BD0064
:10D080009345BF585CF336E855803986E70A575216
:10D090007D4964F4F22816431ACA4249EE264C44EC
:10D0A000E0A7A05A45B3F53C4723F4795EBCC5C25E
:10D0B0000591460BBE8EE0B51BAFCAD40ED14ADF38
:10D0C000BED3B98F917E9F91BCEE53FBE27DAD8BB9
:10D0D00079C1F23DE789D3A8148F3374A45B5BFE5A
:10D0E0005A8D3CA30A47461DAC674016BAE4EACA0B
:10D0F0009735AC99919B8CF2AA26619E40261081AF
:10D10000D646500715B21776187DD5FBA4B19D05FC
:10D110003BDA3A53B29B3CD3278BD0F2AF056B2C52
:10D12000AC163A4294740BB4F9B82E24E0089BF67E
:10D13000BA715339EB0CA5DEBC5D4C019CE142CBCE
:10D14000A2900FA5F7EA42D18F1C2F13ECC94F8490
:10D150002E183AE4774FE53AA5890133974B8B5B5C
:10D1600096E9AC958B5F45F39928FE1D91C9AF07F1
:10D17000967B2796E449048F13604BD15AB2AF587F
:10D18000E9EF493334CBA277A6F4866E1C2EF591D5
:10D19000A6695D54DE937A8845E8EA5D109ACFB7B8
:10D1A0007E5349BF2C73FEFBEDFCA3173A17A4B2C4
:10D1B000BB0D9B679B8151850C69C4DDC02D8444E8
:10D1C0001A298ABB7A5A16EE3C1774413CB6D17FB5
:10D1D000E61E42F466259B9BF552A80B76C71D9A66
:10D1E00053CFB37C6C7BBA1D24CFE258A713BB820C
:10D1F0002B92C7C22C291952CA0E87792A595C3240
:10D200002C26F058E7F76E6D1A09CE70FD811F834A
:10D210000B2E3C982F46603EB209695B5533A750F0
:10D2200099D16C51D4C96E41D5005B10363D6B6607
:10D230008DADDE173305A07F329C4DABB6071D28A0
:10D24000C00EC4CE7BC50D001E45105401378C8C1A
:10D250008B8DFF9C6BBCFE821FDC1DFB17FED04933
:10D260005A241DC487E72C89D4479F6EF154840942
:10D270008C39D80610BAE78FC6D1BD95331EECA7FE
:10D28000EA7B45113F9DFA7009020B853CD5CEAB78
:10D29000B66CE64CFED3F8F0C921542932EB5FD0CE
:10D2A0008B25766A156FFB8E08E5B17F43739697E1
:10D2B000099AAE420CBB5531512906178A8BE919E0
:10D2C0002F33AA60259EFF238665F5C493C27EB0E6
:10D2D00065E52E4CB19018761D7250E84290289466
:10D2E0001EF72DB1721CA2A96D512F262D1FA21C55
:10D2F000836BE07E20B8A87571B8E8BF6C2EA00FD4
:10D3000070BD4763CD08809ADB7357D7C5CF99733B
:10D31000D9D48117DE44E183F63B5D67AF22E06A32
:10D3200063E5C7E3C1642E2A1FF5F4F15FD8F5D297
:10D33000C1638DDBED6B9B6B73395A8C40A8235115
:10D34000F10D8863452EB32616C4B0C538BF7D06DF
:10D350004E8710735CC77C01D0127BAC15C9DF2DE2
:10D36000498F89CFE0D3441FF0E0F79014DA3FA84B
:10D37000932B862402EF044A2761ECCC475B7807A5
:10D380003945BDDDA32D596669D23E66D2A1C37F62
:10D39000B9DC8BC77AD9DDFCC3CA1E3B78898B8583
:10D3A0002EE1D6BDA201FFDA6197A6D55A262372D7
:10D3B0004FE99F74B4F7ADBD4B22DBE18991682240
:10D3C0007E473C76E8F62684816115C40D76222FCF
:10D3D000285FD5A5318F305F12902F2DFCEE7BC2D8
:10D3E00013183CCBA7822CA4CF86D67DA79A4BBD21
:10D3F000A1338342C8487243A7C96A4A7B24741682
:10D4000001F96A75CD0EA6DC0A47555CEE6026C5AB
:10D4100072589A3FC1222AD2E73CEFBB6C6C825A09
:10D42000A0E27DB88FCF71EE3881AD223120CD9250
:10D430008175940792C9BFCEA0EEFCF0A9F4539B6E
:10D440008077E525473F02988D5EFB6D248C21D6C1
:10D450002156FB09E932A282DB155452577294DA45
:10D46000F00239597993B4AD578BA9C9BEF3DCAE3C
:10D4700020BA1730AF15BF2D3FA2BF87AAA835F33A
:10D48000BE14BF5898F436E855803986E70A5752DB
:10D4900033786F7E3221F40359A208F2A49D06FF6F
:10D4A000AA1C421A45CBBF870D98BEC214078F79BC
:10D4B0004F2A0CB0F43502F51BD7806F446A006424
:10D4C000F468F33415D49962F62D9CEBE27DAD8BB4
:10D4D00079C1F23DE789D3A8148F7D452CB01E6435
:10D4E000FBA5DE9BADE50CDEE6A40AD5F02708F22D
:10D4F0009735E65ADB58C631E0E52B5D0AE55A421E
:10D500009C85B23F15B25DB552BE9F38EE7254E6AF
:10D510009321F3887D8B3CD3278BD0F2AF056B2C06
:10D52000AC163A4294744E161D31C8EE48F31144BD
:10D53000BA715339EB0CA5DEBC5DE4FAD62242CBBE
:10D54000A2900FA5F7EA42D18F1C2F13ECC9E77FF9
:10D5500064DB3AE4774FE53AA58901337A2A23A0C0
:10D560003A98AC958B5F45F39928FE1D5ED9036E02
:10D570005DE1278E0671AC7499D284C15AB2AF585E
:10D58000E9EF493334CB0A8CEC37866E1C2EF591CB
:10D59000A6695D54DE937A8845E842A65A59CFB70A
:10D5A0007E5349BF2C73FEFBEDFC0BECB0A5A4B27F
:10D5B000BB0D9B679B815185C7CB6C2668D6844485
:10D5C000D81926CA7A5A16EE3C1774413CB6D17F58
:10D5D000E61EEA0F2CE676FA7FF820E0DE3CB56125
:10D5E0009A1478E6023A12E66E0CE258A713BB8250
:10D5F0002B92C7C22C29B1A980CD87792A595C32D8
:10D600002C26F058A9C6A5CF768B4BDAB7421F83DC
:10D610000B2E3C982F46603EB209695B5533419A08
:10D62000DAD9C4AA7C32C6BA7DFBF3EB9EC6C39D91
:10D6300025563C57F6E6A07F329C4DABB6071D2819
:10D64000C00E6C3531060D001E45105401378C8C10
:10D650008B8DFF9C6BBC5679551F1DFB17FED04967
:10D660005A241DC487E72C899A76BF7E136C2CF24E
:10D67000C6FAF5575E8B68AFEB8076379BE5ECA773
:10D6800028530B203F9DFA7009020B853CD566504C
:10D69000FCAFE64CFED3F8F0C921542932EB5FD041
:10D6A0008B25DE915FACFB8E08E5B17F43739697C7
:10D6B000099AAE4246785531B311EB768A8BE91957
:10D6C0002F33AA60259EFF23C85494DC71FAF65BC1
:10D6D000AAF52E4CB19018761D72F81308532894B1
:10D6E0001EF72DB1721CA2A96D512F262D1F0AE71E
:10D6F000C9A8E07E20B8A87571B8E8BF6C2ECE4EE0
:10D70000D8464763EB49809ADB7357D7C5CF9973E7
:10D71000D9D48117DE440749B713BF27891BAAD183
:10D72000295E8D588BDFCC6A1F8DBE4A1563BF6999
:10D730008BD8C760A7D0D1D03982B8CC40D069EAA5
:10D74000BBB6C2D80F95F99D5C7FD1EC1AEE5D0E89
:10D75000044410735CC77C01D0127BAC15C9DF2D6B
:10D76000498F213463BA441F91C05F6BBC2197532A
:10D770003BD08624E0D7ACB18F9A4437EFA0D0FCE1
:10D7800091BE15260BD659668BEA969D7A5A6B8404
:10D7900011274FBEBE58BCDCC3CA3C72324A8B85CF
:10D7A0002EE1D6BDA201FFDA6197A6D55A268B8954
:10D7B000895359CE1C0CADBD4B22DBE18991C0D9F8
:10D7C00034843C76E8F62684816115C40D76222FD8
:10D7D000285F7D5E7B4C305F12902F2DFCEEF33185
:10D7E000BBE39430E2182CA40DAEBAFFA79A4BBD50
:10D7F000A1338342C8487243A7C9C2B15FA6DCED1A
:10D80000A9022444CD0EA6DC0A47FDA7A4A326C581
:10D8100072589A3FC1222AD2E73CEFBB6C6C2AA116
:10D82000EA217DB88FCF71EE38812C0235B265695F
:10D83000298E940770F1945CA0EEFCF0A9F4539B40
:10D840008077E525473FAA63EACC53968C7721D6AB
:10D850002156FB09E9320A7991D65452577294DA6B
:10D86000F00239597993B4AD578B0132F430DCAE04
:10D8700020BA1730AF1576CEDD9A793D025315FBED
:10D88000D986BF5898F436E855803986E70A57524A
:10D890003378A69DF2505CF8507108F2A49D06FF03
:10D8A000AA1CEAE10F08BF870D98BEC214078F7942
:10D8B0004F2A0CB0F435AA0E5114806F446A0064EC
:10D8C000F4681E5551569F91BCEEFB0029DFAD8BCD
:10D8D00079C1F23DE789D3A8148F7D452CB038A7D4
:10D8E000FBA5DA092EBD62E7889D64EC9E1ECE3052
:10D8F000B3CF8863B561A8088EDC456464DC347BF3
:10D90000F2BC74FD3148338C3C87F101804B3ADF27
:10D91000FD189DB1B6119428CAEAD0F2AF056B2C60
:10D92000AC163A4294748106714BAF05E9DB330DB6
:10D93000128AFBC243F70D2514A6E4FA341AEA3022
:10D940000A6BA75E5F11EA2A27E787E84432E77F80
:10D9500086E3921FDFB44DC10D72A9C8D2D18B5B93
:10D96000926367378B5F45F39928FE1D91C92C00A0
:10D97000967BAF65AE8A048F136066803630C3DA5B
:10D98000856D25B15849CEF5CA76EAEC70AC99138D
:10D99000CAEB31D6B211160A296A86DF7C18A33584
:10D9A00012D1253D40F19279817E676EFE94A4B23A
:10D9B000BB0D9B679B815185C86EFEDBC02D2CBFC4
:10D9C00050EA8ABB7A5A16EE3C1774413CB6D17FB6
:10D9D000E61E42F4662576FA7FF820E0DE3CB5616B
:10D9E0009A1478E6023ABA1D24CFE258A713BB82F4
:10D9F0002B92C7C22C29B1A980CD87792A595C32D4
:10DA00002C26F058DDF17869DE0E668BB7421F8355
:10DA10000B2E3C982F46603EB209695B5533E96195
:10DA2000901AC4AA7C32C6BA7DFBF3EB9EC6C39D96
:10DA3000255694ACBC25A07F329C4DABB6071D2863
:10DA4000C00E6C3531060D001E4510540137488B51
:10DA50009D89A8987DB86C7FD6181DFB17FED0490C
:10DA60005A241DC487E72C899A76178559AF2CF262
:10DA7000C6FAF5575E8B68AFEB8076379BE5445C62
:10DA800062900B203F9DFA7009020B853CD56650D1
:10DA9000FCAFE64CFED37BF7F327422D65EF08D4AD
:10DAA000DC2189E50818AC6A5F01E69B1497C17315
:10DAB0005E7EF9A6119CAA2EAE36BC92DD6FBEFD2D
:10DAC00078D7FD84727AA8C79FB06BC36CDDA1BF05
:10DAD000FD1179A8E6744F924A96AFF75FB77F7051
:10DAE00049137A052568F5AD3A5578227AAB5D037E
:10DAF0009E4CB79A775CFF91265CBF5B3BCA99AAA4
:10DB00008FA2B87CF66ED77E8C970033922BCE977F
:10DB10008E30D6F389A0F856292CA2789444B78E7B
:10DB2000340190079680D13502D2A315083CA23665
:10DB30009687DA6FBA6FCC1F24DDA5935D8F74B51D
:10DB4000A6E9DF8712CAE4C24120CCB3C7A0A21164
:10DB5000196347970B232BE587F62C48422D88C97C
:10DB60001E6BDE2B9CA5BB006EDFA074433E684C91
:10DB7000C4CF793B1FC853AE7085BB2810BF2FE3BD
:10DB80006E31EA69F4C9A67974F569828545949B7A
:10DB9000EE38B0A1414743C33CD5C36D2F6DDC6166
:10DBA00079058159F5E5A83E3673F1310DC27496B9
:10DBB000764C606B4BE8FA591CC68C05DE75973DB8
:10DBC00063606B92BF127160D68542205AC275CBDA
:10DBD0007FBB2ABA2CA867BB457478C9AB0AA4D509
:10DBE000EC07C3D4589DD3BB1089ED1BF07E1C59A4
:10DBF000F6D7D4A69FAC25A7F02D3DAE42818B0968
:10DC0000FEE673A09AEAF1385DA3AA43F3477121B7
:10DC100025BCCDDB96C67D36B0D8B85F3B887D4548
:10DC2000BDC52A5CD82B260A6F6556B7CE3F328D0C
:10DC30007E6A6B186DD6C3B8F70AAB14FE10047F6A
:10DC4000D793B2C110DB557CF7EB0472DB937632CD
:10DC500076B2ACEDBED65D9DC63203B60096C33E2D
:10DC6000A7E66EBD2E77E349006F56D6A3D48B4A44
:10DC7000775E40D4F8F1E8C92285409855B7EAE4C8
:10DC8000C4A1E8BCCF10610C02646E62B0EE00B6B5
:10DC9000649C389AEF770B1C07955F16F379511B3C
:10DCA000FDF8BD0558ECE8635A7CE92643E3D89DAE
:10DCB00018CE5B54A3D1FDEA06F0D78B138E5780A4
:10DCC000A38CA0D12203F0781C17F30242840D72BA
:10DCD000D93852C447707351B476DDBC8C4953FCBB
:10DCE000F3A7D699E07DAC27465DAA2C50DE00F064
:10DCF000FB06B5BF8CBC91D5B7017CB95D010DA603
:10DD0000CB614D2008950A51055AC8DC3F977E1D0E
:10DD10003BDA5B73D57094288F70780907FEC3D700
:10DD200004ED92B93C8F29FDD9B0C8EE48F3330D0C
:10DD3000128AFBC243F70D2514A6E4FA341AEA301E
:10DD4000FD7E5841A00E1535D8F878F7BB2D186028
:10DD500079FC6D0020ABB2DE6478A9C8B7D07C4EE8
:10DD60006576F37BD4B11A1DC6C6A1F3CE27F0E9C0
:10DD7000C995F08BF1645B614C8E143F055CF0B685
:10DD8000B60116DD6B25FD9967052E9553D4A27556
:10DD9000F18D0AB089772D6C120CBDB9477E98536E
:10DDA00029B71E5B6389560030125C08E741F356C1
:10DDB000ECE9CC83CC6506615B8D933997C97B5BBD
:10DDC000070EDD5F2DBE410A6BF323A56B52869BC8
:10DDD000B1FA151039CBDE01D703770489D8E28573
:10DDE000CDF02F0255DEEDF9732BB5BCF0F7EC66E4
:10DDF00064686F3973C7E64DD729D09D7DBD0BD6BA
:10DE00007BC2A7BCB01339894DED316FE0A64867DE
:10DE10005CCA6B7C78A237DAE5ED3EBF02D7BE85DF
:10DE2000CFF46C51D4C9915E2A1FA40FC9229479F2
:10DE300072B2C348EBC1F79B65781A4FF9FDB5D3B1
:10DE40009FE03BD166E25AE449A147B056D3DB6874
:10DE5000DC69A8783C58019D02FB4A1F401A87AD37
:10DE60000DC04A20D0037B6DCD92406106418409EC
:10DE70006E01A2B3096F3F4BBC6421D3CC0113B830
:10DE800035745CC46879AD9446F8A37E633B31B4C5
:10DE9000AB4BB1A8A937AF149EC503CD650F0834AD
:10DEA000DCC189750848AC6A5F01E69B1497C173B1
:10DEB0005E7EF9A6119CAA2EA63C438D2270BEFD63
:10DEC00078D7FD84727AA8C79FB06BC36CDDA1BF01
:10DED000FD1179A8FE6AB08D429CAFF75FB77F70E5
:10DEE00049137A5525F8F54D3AB578C27AFB5D03AA
:10DEF0009E4CB79A775CFF91265CBF5B3BCA99AAA0
:10DF00008FA2B87CFE64286173880033922BCE9771
:10DF10008E30D6F389A0F856292CA2789444B78E77
:10DF20002C1F6F189E8AD13502D2A3151C295D299A
:10DF30000493DA3FBA8FCC8FAED75A8CA691F6B540
:10DF4000A6E9DF8790CA9DDCBE3F46B9C7A0A211F3
:10DF50001169B888F43C2BE587F62C48422D88C916
:10DF60001E6BDE2B9CA52D1591C0A87E5B209753C0
:10DF7000CCC5793B1FC853AE8F9A44378EA02FE390
:10DF80006EA1EA39E0DC59668BEA61888545949B8D
:10DF9000E6324FBEBE585BDD3CD5C36D2767237E9E
:10DFA000861A8159F5E5A83E3673F1310DC2749693
:10DFB000764C9F74B4F7F25304D8731AD67F973D0A
:10DFC00063606B92AF068E7FDA8E42205A9275CBD9
:10DFD000F9BA36A534B6E5BB457478C9AB0ABCCBF3
:10DFE0007218CBDE589DD3BB188312040F611C59E5
:10DFF000F6D7D4A69FAC25A7F02D3DAE428174166E
:10E0000001F97BAA82F40E2755A9AA43F34771218F
:10E0100025BCCDDB96C67D36B0D8B85F3B887D4544
:10E02000BDC52A5CD82B260A6F6556B7CE3F328D08
:10E030007E6A6B1865DC3CA70815AB14FE10047FE4
:10E04000D793B2C110DB557CF7EBFB6D248C7E3887
:10E050006EAC53F2B6DC5D9DC63203B60096C33E8D
:10E06000A7E66EBD2E77E349006F56D6A3D48B4A40
:10E07000775E40D4F8F1E8C92285409855B7EAE4C4
:10E08000CCAB17A3300F610C02646E62B0EE00B629
:10E09000649C389AEF77F403F88A571CEB67AE0458
:10E0A000F5F2BD0558ECE8635A7CE92643E3D89DB8
:10E0B00018CE5B54A3D1FDEA06F0D78B138E5780A0
:10E0C000A38CA4D0CD100765EB0A041FBD93057087
:10E0D000D13AA5D9B06D844C436B2AA17B54A4E1FD
:10E0E00004BADE9BE87F5330A95EA22EAFC9F7EDDC
:10E0F0008A12B1BE8CBC91D5B7017CB95D010DA669
:10E10000CB614D2008950A51055AC8DCB996030227
:10E11000C4C5A46C2A6F6B377865780907FE3CC8C4
:10E12000FBF26DA6C390D6E226AF37F1B7EC330D04
:10E13000128A0CD7A4F60D25E3B31BE5CB05152FEA
:10E14000F5745841A00E1535D8F878F7BB2D186036
:10E1500079FC6D0020ABB2DEF26D56D72DCE744443
:10E160006D7CFB71D4B1ED0831D3A9F9C62DF8E36C
:10E17000C19FF881F96E536B4484E32AF249F0B6EB
:10E18000281EE1C8163A129A16193683ACC3457C8C
:10E190001684EDB96E7ECA65F5055AB0437F985373
:10E1A00029B71E5B7B97A91F3C19BB010048145F70
:10E1B0001FFD339C567B06615B8D933997C97B5B52
:10E1C000070EDD5F2DBEBE1594EC2BAFED537984A9
:10E1D0004EE5EA0FCEDEDE01D703881B76C71D9A17
:10E1E00032EFD01DAAC112E68C3446A8F4F6EC66D4
:10E1F0007C76843384D2195228362F8282A2F4C9C5
:10E20000F1C8A7BCB01339894DED316FE0A648675E
:10E210005CCA946387BD42CFE5EDB8BE94C2A69BAD
:10E22000DFE08B5033C889403201BC11D13C8C6790
:10E230006AACDB5614DE08849A67E95B63E35ED957
:10E2400068F5A5CE7EFC42FADFB44FBA56D3DB6840
:10E25000DC69A8783C58019D02FB4A1F401A78B23D
:10E26000F2DFB53FA516FD6CCD9240610E4B7B16DB
:10E27000911EA2B3096F3F4BBC6421D3CC0113B8EC
:10E280003175CAD19766528B23F9257F942E29AA1E
:10E29000AB4BB1A8A937AF149EC503CD650F0834A9
:10E2A000DCC189750848AC6A5F017C85EB883E6CEF
:10E2B000A16106B9EE8355315129438D227041E2A7
:10E2C00087C8029B8D6557D860AF98D768DCA1BF1F
:10E2D000F51B61B6196BB08DB589D2E85FB77F7059
:10E2E00049137A5525F8F54D3AB578C27AFB5D03A6
:10E2F0009E4CB79A775CFB903249A745A5D566B589
:10E3000070BD47630971CF609489182D8A35D6890D
:10E31000962ECEED91BEE048313224799444B78EEA
:10E320003C0B8819699F2E2A02D2A315083CA236FD
:10E330009687DA3FBA8FCC8F24DDA5935D8F74B5B5
:10E34000A6E9DF8712CAE4C2DF3F33AC38BFB604A8
:10E350001D6247970B232BE587F62C48422D88C971
:10E360001E6BDE2B9CA5BB006EDFA074433E684C89
:10E3700042CEFF3A1FC853AE7085BB2810BF2FE3B3
:10E380006EA1EA39F4C9A67974F569828545949B32
:10E39000EE3836A0BE5857D638D4C36D2F6DDC6129
:10E3A00079058159F5E5A83E3673F1310DC27496B1
:10E3B000764C606B4BE8FA591CC68C05DE75973DB0
:10E3C00063606B92BF127160D68542205A9275CB02
:10E3D0007FBB2ABA2CA867BB457478C9AB0A26D57F
:10E3E0006E07C3D4589DD3BB1089ED1BF07E1C591A
:10E3F000F6D7D4A69FAC25A7F02D3DAE42818B0960
:10E40000FEE673A09AEAF1385DA3AA43F3477121AF
:10E4100025BCCDDB96C67D36B0D8B85F3B887D4540
:10E42000BDC52A5CD82B260A6F6556B7CE3F328D04
:10E430007E6A6B186DD6C3B8F70AAB14FE10047F62
:10E44000D793B2C110DB557CF7EB0472DB937632C5
:10E4500076B2ACEDBED65D9DC63203B60096C33E25
:10E46000A7E66EBD2E77E349006F56D6A3D48B4A3C
:10E47000775E40D4F8F1E8C92285409855B7EAE4C0
:10E48000C4A1E8BCCF10610C02646E62B0EE00B6AD
:10E49000649C389AEF770B1C07955F16F379511B34
:10E4A000FDF8BD0558ECE8635A7CE92643E3D89DA6
:10E4B00018CE5B54A3D1FDB206F0D78B138E5780D4
:10E4C000A38CA4D0CD100765EB0A041FB599FA6F91
:10E4D0002E25A5D9B06D844C436B2AA17B54A4E1B1
:10E4E00004BA218417605B3AB1405D31A7C3F7EDF0
:10E4F0008A12B1BE8CBC91D5B7017CB95D010DA665
:10E50000CB294DB008950A51055AC8DCB9960302CB
:10E51000C4C5A46C2A6F6B37706F8716F8E13CC8CE
:10E52000FBF26DA6C390D6E226AF37F1B7ECCC1262
:10E53000ED9504DDBCE8F23AEBB91BE5CB05152FF0
:10E54000F5745841A00E1535D8F878F7BBBD188082
:10E5500079A46D0020ABB2DEF26D56D72DCE744497
:10E560006D7CFB71DCBB1217CECCA9F9C62DF8E38C
:10E57000C19FF881F96E536B44841C350D56F8BC6D
:10E58000BE0B1ED7632FF593F110D18A4BCAA2752B
:10E59000F18D0AB089772D3412ECBD59479E98C38E
:10E5A00029EF1E5B7B97A91FBA185C08E741F35659
:10E5B000ECE9CC83CC6506615B8D933997C97B5BB5
:10E5C000070EDD5F2DBE410A6BF323A56B52869BC0
:10E5D000B1FA151031C1211E281C770489D8E2DD5B
:10E5E000CD602FE2553EED1973C3B524F0D7EC662C
:10E5F0007C7690267BCDE64DD729D09D7DBD0BD670
:10E600007BC2A7BCB01339894DED316FE0A64867D6
:10E610005CCA6B7C78A237DAE5ED3EBF02D7BE85D7
:10E62000C7FE934E2BD6915E2A1FA42FC9BA949190
:10E630007252C3A0EB91F79B65781A4FE1E34ACC85
:10E6400097EA3BD166E25AE449A147B056D3DB686A
:10E65000DC69A8783C58019D02FB4A1F401A87AD2F
:10E660000DC04A20D0037B6DCD9240610E4B7B16CE
:10E67000911EA2B3096F3F4BBC642183CCE913D830
:10E6800035745CC46879AD945EE65C616B3131B41D
:10E69000AB4BB1A8A937AF149EC503CD650F0834A5
:10E6A000DCC189750848AC6A5F01E69B1497C173A9
:10E6B0005E7EF9A6119CAA2EAE36BC92DD6FBEFD21
:10E6C00078D7FD84727AA8C79FD06BE36CDDA1BFB9
:10E6D000FD1179A8E6744F924A96AFF75FB77F7045
:10E6E00049137A5521F998464FA08FDF07E4A21C01
:10E6F0006153CE8480418E85A055BF5B3BCA99AAE9
:10E700008FA2B87CF66ED77E8C970033922BCE9773
:10E710008E30D6F38980F856292CA2789444B78E8F
:10E72000340190079680D13502D2A3150036552BBF
:10E730006998252045903390DBC23F8DA2908BAA2B
:10E7400059F62098EDD51FDCAE334EB3C7A0A21109
:10E75000196347970B232BE587F62C48422D88C970
:10E760001E6BDE2B9CA5BB006EDFA074433E684C85
:10E77000C4CF793B99C1A4B38F9A4437EFA0D0FCA2
:10E780007AB4EA39F4C9A67974F5698281441A9099
:10E79000782D4FBEBE58B8DDD7DFC36D2F6DDC615D
:10E7A00079058159F5E5A83E3673F1310DC27496AD
:10E7B000764C606B4BE8FA591CC68C05DE759B36AF
:10E7C0001E7F948DA70C796A5485D83EA58D79C09B
:10E7D0007FBB2ABA2CA867BB457478C9AB0AA0D402
:10E7E000F8123CCBA78220AF9289ED1BF07E1C591A
:10E7F000F6D7D4A69FAC25A7F02D3DAE42818B095C
:10E80000FEE673A09AEAF138B2B0555C0C58613557
:10E8100025BCCDDB96C6FF362EC7C540B9887D45E1
:10E82000BDC52A5CD82B260A6F6556B7CE3FB48487
:10E830006275940714C841B8F70AAB14FE10047F40
:10E84000D793B2C110DB557CF7EB0472DB937632C1
:10E8500076B2A0E641C9C382403B03B60096C33EF0
:10E86000A7E66EBDA47D1C56147A56D6A3D48B4A57
:10E87000775E40D4F8F1E8C922854098D7B770FA9E
:10E880003BBE91A2CF10610C02646E62B0EE00B686
:10E89000649C389AEF770B1C07955F16FB73AE04E8
:10E8A00063E73B0C58ECE8635A7CE92643E3D89DC8
:10E8B00018CE474BDECEFDEA06F0D78B138E57807D
:10E8C000A38CA4D0CD100765EB0A041F2F87057019
:10E8D000DD31A5D9B06D844C436B2AA17B54A4E1F2
:10E8E00004BA21841760D93ACC5FA22E2DC9F7ED66
:10E8F0008A12B1BE8CBC91D5B7017CB95D011DB245
:10E90000347E452A08950A51055AC8DCB996030297
:10E91000C4C5A46C2A6F6B37F26F9B0907FE30C326
:10E92000FBF26DA6C390D6E226AF37F1B7ECCC125E
:10E93000ED9514C943F7E62FEBB91BE5CB05152F71
:10E94000F5745841A00E1535D8F870FD4432146B9B
:10E9500079FC6D0020ABB2DEF26D56D72DCE74443B
:10E96000EB7D8A655EBB1A1D31D352E7C62DF8E3F5
:10E97000C19FF881F96E536B44841C35095785A3F8
:10E9800020149CD7632FF593F110D18A4BCAA2753E
:10E99000F18D0AB08977AB65ED13ADAD477E985325
:10E9A00029B71E5B7B97A91FBA185C08694A0C49F6
:10E9B0007EFDCC83D47BF97ED586933997C97B5B6A
:10E9C000070EDD5F2DBE410AE5F8DCBAF946869BED
:10E9D000B1FA151031C1211E281C770489D8E285AF
:10E9E000CDF02F02AAC194E7732BB5BCF0F7EC660B
:10E9F0007C761A2CF1C7E64DD7294A8382A203DC24
:10EA00007FC358A3C90D39894DED316FE0A6486722
:10EA10005CCA6B7C01BCC8C5E1EC3EBF02D7BE85B9
:10EA2000C7FE934E2BD6915E2A1FA40FC92294795C
:10EA300062A63C5765CAF79B65781A4FE1E352D24C
:10EA400068F533DB66E252EEB6BED1A556D3417609
:10EA50002376AC793C58019D02FB4A1F401A05AD54
:10EA6000F2DFD03ED0037B6DCD9240610E4B7B1622
:10EA7000911EA2B3096F3F4BBC6421D3CC010FA7F9
:10EA8000486B58C56879AD945EE6546B942EC6A960
:10EA9000AB4BB1A8B129500B9AC413D99A10863F39
:10EAA000DCC189750848AC6A5F01EE91EB88D566D8
:10EAB0005E7EF9A6119CAA2EAE36BC92DD6FBEFD1D
:10EAC00078D7FD84727AA8C79FB063C993C2D4AACD
:10EAD000FD1179A8E6744F925E8350E8D9B67F7035
:10EAE000C718854A29F3FD47C5AAEED77AFB5D030F
:10EAF0009E4CB79A775CF39AD943AF4F3BCA99AA19
:10EB00008FA2B87CF66ED77E8C970033922BCE976F
:10EB10008E30D6F389A0F856BF395D679C4EB78E0C
:10EB2000340190071C8A2E2A12C6A31500365D29CF
:10EB30008693DE3E4590D49124DDA5935D8F74B518
:10EB4000A6E9CF93EDD5E8C94120CCB3C7A0A21167
:10EB5000196347970B232BE587F62C48422D88C96C
:10EB60001E6BDE2B16AF441FF8CAA074433E684CE0
:10EB7000C0CE86240BDD53AE7085443708A12FE349
:10EB800091BE9327F4C9A67974F569828545848F6F
:10EB90001127B8AB414743C33CD5C36D2F6DDC6132
:10EBA00079058159F5E5A83E3673F1310DC205822C
:10EBB00089539F74C1E2FA591CC68C055C756822A2
:10EBC0007B7E6B92BF128E7FCE9B4220A58D8AD416
:10EBD0007FBB2ABA2CA867BB457468DD5415B4C145
:10EBE000EC07C3D4589DD3BB1089ED1BF07E1C5994
:10EBF000F6D7D4A69FAC25A77E26C2B15A9F8F0810
:10EC0000FEE673A09AEAF13855A9555CE3537121E9
:10EC1000A3BD32C482D3FF364FC7A0413B887D4598
:10EC2000BDC52A5CD82B2E00907A46A3CE3F328DEC
:10EC30007E6A6B186DD6C3B8F70AAB14FE10E37684
:10EC4000309A55C8E3CFAA63F7EB0472DB937632B0
:10EC500076B2ACED30DDA282CA3903B6089C3C2105
:10EC6000B7F266B7D168FB57006F56D6A3D48B4A6C
:10EC7000775EC6DD07EEF0D72285409855B7EAE407
:10EC8000C4A1E8BCCF10610C9471917D4FF1FFA934
:10EC90009B83C785697E0B1C07955F16F379D31B91
:10ECA00006E6421ADAECE863C8681639C9E9D49670
:10ECB000E7D1C940A3D1FDEA06F0D78B138E578068
:10ECC000BF935BCF4F100765EB0A041FB599FA6F2E
:10ECD0002E25A5D93A679458537F3AB56F415BFE0C
:10ECE0000CB0218417605B3AB140492458DCE7F945
:10ECF0008A12B1BE12A30FCAB701EAACA21E87AC3A
:10ED0000CB614D2008950A51055AC8DCAD83FC1D26
:10ED1000C8CEA46C2A6F6B37706F8716F8E13CC8B9
:10ED2000FBF26DA6C390D6E22EA5C8EEBFE6CC12CC
:10ED3000ED9504DDACFC0D2571A799E5CB05053BF0
:10ED40000A6B4855220EEA2A27E7FAF7BB2D18600E
:10ED500079FC6D0020ABB2DEFA67A9C854D07444C8
:10ED60006D7CFB71DCBB1217CECCA9F9C62DF8E384
:10ED7000C19FF881F164AC74CE8E1C350D56F8BC81
:10ED8000281E84C9E12FF5937711AC95D5D5207550
:10ED90007F86F5AF9D622D6C120CBDB9477E9853EE
:10EDA00029B71E5B7B97B1014507D602E741F356B1
:10EDB000ECE9CC83CC6506615B8D743070C09C52ED
:10EDC0006A05224021B5410A6BF323A56B52869B4D
:10EDD000B1FA93114CDEDE01A2167305F4C71D9A39
:10EDE000C9F12F0255DEEDF9732BB5BCF0F7EC66D7
:10EDF0007C76982C84D29B525529D09D7DBD0BD614
:10EE00000AD658A34F0CC696B2F2CE701FB9D67868
:10EE100058CB6B7C78A237DAE5ED3EBF80D7C39A3A
:10EE200038E19F452BD6E44BD500B01AC92294791E
:10EE300072B2C348EBC1F79B65781A4FE1E34ACC45
:10EE400005FEC4CE1FFC5AE449A1C1B9A9CC4D7D31
:10EE5000CC7DB86C2C4C118988F14E1E401A87ADC0
:10EE60000DC04A20D0037B6D4F92DE7E02407B16A0
:10EE70009D155DAC1570BD4BBC6421D3CC0113B89E
:10EE800035745CC46879AD945EE65C616B3129AA27
:10EE9000545442BCA937A71E61DA0BC7650F08346A
:10EEA000DCC189750848AC6A5F01E69B1497C173A1
:10EEB0005E7EF9A6119CAA2EAE36B099227041E270
:10EEC000FEDEFD84727AA8C79FB06BC36CDDA1BF64
:10EED000FD1179A8E6744F924A962DF7C5A9806F67
:10EEE000300DF05FDAE7FD473AB578C27AFB5D0393
:10EEF0009E4CB79A775CFF91265CBF5B3BCA99AA90
:10EF00008FA2B87C7C64286173880C38922BCE97D2
:10EF10008E30D6F389A0F856292CA2789444B78E67
:10EF2000340190079680D13580D2BB0BF7235D2941
:10EF30006998CA2BBA8FCC8F24DDA5935D8F74B5E9
:10EF4000A6E9DF8712CAE4C24120CCB3C7A0A21150
:10EF50008B77D98881292BE587F62C48422D88C9E3
:10EF60001E6BDE2B9CA5BB006EDFA074433E684C7D
:10EF7000C4CF793B1FC853AEE2914437EFA0D4FD14
:10EF800003AAEE38F4C9A67974F569828545949B85
:10EF9000EE38B0A1A64E43C33CD5C36D2F6DDC61E6
:10EFA00079058159F5E5A83E3673F1310DC27496A5
:10EFB000764C606B4BE8FA591CC68C05DE75973DA4
:10EFC00063606B92BF1275614090BD3FA58D8AD47E
:10EFD00006A5D9AEC3BB88A8AA6797DA5C175BCA37
:10EFE00013184DDF589DD3BB1089ED1BF07E1C59C3
:10EFF000F6D7D4A69FAC25A7F02D3DAE42818B2934
:10F00000FEE673A09AEAF1385DA3AA43F3477121A3
:10F0100025BCCDDB96C6FB3FA0CC2241C497825ACB
:10F0200042DAD5432734D915907AC8A8582AB4842F
:10F030007E6A6B186DD6C3B8F70AAB14FE10047F56
:10F04000D793B2C110DB557CF7CB0412DB93763239
:10F0500076B2ACEDBED65D9DC63203B60096C33E19
:10F06000A7E66EBD2E77E349046E5EDCABDE9B5EE9
:10F070007B5548DE7EF8E8C92285409855B7EAE41A
:10F08000C4A1E8BCCF10610C02646E62B0EE00B6A1
:10F09000649C389AEF170BF407CD5F16F379511B78
:10F0A000FDF8BD0558ECE8635A7CE92643E3D89D9A
:10F0B00018CE5B54A3D1FDEA06F0D78B138E578090
:10F0C000A38CA4D0CD100765EB0A041FB599FA6F85
:10F0D0002E25A5D9B06D844C436B2AA17B54A4B9CD
:10F0E0000452216417885B5AB1605D31A7C3F7ED04
:10F0F0008A12B1BE8CBC91D5B7017CB95D010DA659
:10F10000CB614D2008950A51055AC8DCB996030217
:10F11000C4C5A46C2A6F6B37706F8716F8E13CC8C2
:10F12000FBF26DA6C390D6C226CF3719B70CCCF22E
:10F13000ED7D0445BCC8F23AEBB91BE5CB05152FB4
:10F14000F5745841A00E1535D8F878F7BB2D186026
:10F1500079FC6D0020ABB2DEF26D56D72DCE744433
:10F160006D7CFB71DCBB1217CECCA9F9C62DF8E380
:10F17000C19FF8A1F9F6538344641CDD0D06F8BC69
:10F18000BE0B1ED7632FF593F110D18A4BCAA2751F
:10F19000F18D0AB089772D6C120CBDB9477E98535A
:10F1A00029B71E5B7B97A91FBA185C08E741F35685
:10F1B000ECE9CC83CC6506615B8D933997C97B5BA9
:10F1C000070EDD0F2D56416A6BF323A56B52869B0C
:10F1D000B1FA151031C1211E281C770489D8E285A7
:10F1E000CDF02F0255DEEDF9732BB5BCF0F7EC66D0
:10F1F0007C7690267BCDE64DD729D09D7DBD0BD664
:10F200007BC2A7BCB01339894DED316FE0A64867CA
:10F210005CAA6B5C78A237DAE5ED3EBF02D7BE850B
:10F22000C7FE934E2BD6915E2A1FA40FC922947954
:10F2300072B2C348EBC1F79B65781A4FE1E34ACC41
:10F2400097EA3BD166E25AE449A147B056D3DB685E
:10F25000DC69A8783C58019D02FB4A1F403A87AD03
:10F260000DC04A20D0037B6DCD9240610E4B7B16C2
:10F27000911EA2B3096F3F4BBC6421D3CC0113B8DC
:10F2800035745CC46879AD945EE65C616B3131B411
:10F29000AB4B37A94E3E2D149EC503CD650F0834E8
:10F2A000DCC189750848AC6A5F01E69B1497C1739D
:10F2B0005E7EF9A6119C202441255381327C51EEBB
:10F2C00097C412979D69C5CC9BB16BC36CDDA1BF80
:10F2D000FD1179A8E6744F924A962DF72AA2806F05
:10F2E000B60C074AA3F9F54D3AB578C27AFB5D032F
:10F2F0009E4CB79A775CFF91265CBF5B3BCA99AA8C
:10F3000015BC4763097128617388FF2C6D343188FF
:10F31000712F29ECF4BF7E57292CA2789444B78E24
:10F32000340190079680C520FDCD5C0A14235D2929
:10F33000EB985C3EBA8FCC8F24DDA5935D8F74B5BE
:10F34000A6E9DF8712CAE4C24120C0B838BF3C0E2C
:10F35000017D5F89133D33FB9FE834565A3394D6C1
:10F36000E174483E9CA5BB006EDFA074433E684C30
:10F37000D0DA8624E0D75FA5F2852136EFA052FCD3
:10F38000E8A0EA39F4C9A67974F569828545949BA9
:10F39000EE38B0A1414753D7C3CADB732F6DDC6190
:10F3A00079058159F5E5A83E3673F93BF2DD8B8985
:10F3B000764C606B4BE8FA591CC69810216A68229B
:10F3C0006F6B6B92BF12F3604C9BBD3F278DF3CAEE
:10F3D0007FBB2ABA2CA867BB457478C9AB0AA4D5F1
:10F3E000EC07D3C0A782CBA51089ED1BF07E1C597A
:10F3F000F6D7D4A69FAC2DAD0F32C2B142818B0996
:10F40000FEE673A08EFF0E27A2BCA648F34771212B
:10F4100025BCCDDB14C6E7284FC7C540BD897D4557
:10F42000BDC52A5CD82B260A6F6556B7CE3F2299F8
:10F43000817573066DD6C3B8F70AAB14FE10047F4E
:10F44000D793BACBEFC4AA63F7EB0472DB937A3994
:10F4500089AD53F2B2DD5D9DC63203B60096C33E60
:10F46000A7E6ECBDB4691C56F77256D6A3D48B4AF6
:10F47000775E40D4F8F1E8C92285508CAAA8F2FA48
:10F48000C4A1E8BCCF10610C02646E62B0EE08BC8F
:10F490009B83C785EF770B1C07954F020C66450EC3
:10F4A000FDF8BD0558ECE8635A7CE92643E3D89D96
:10F4B0001CCFA44B5CCEFDEA06F0D78B138E578091
:10F4C000A38CA4D0CD10177114151C01B599FA6F37
:10F4D0002E25A5D9B06D844C436B22AB844B5BFECB
:10F4E00004BA21841760D1304E5FA22EABC8F7ED6D
:10F4F0008A12B1BE8CBC91D5B701FEB9241FF2B9F6
:10F500005D744D2008950A51055AC8DCB99603026E
:10F51000C4C5B478D5707329706F8716F8E13CC8FC
:10F52000FBF26DA6C390DEE8D9B0C8EEB7ECCC1202
:10F53000ED9504DDA8FD0D2514A617EECB05152FBE
:10F54000F5745841220E6C2B27E7E6E83D2C186035
:10F5500079FC6D0020ABB2DEF26D56D72DCE645033
:10F560009263E36FDCBB1217CECCA9F9C62DF8E38A
:10F57000C19FF08B0671AC7444841C350D56F8BCE9
:10F58000BE0B0AC29C300A8CFD1BD18A4BCA207567
:10F590008893F5AF1768AB6D120CBDB9477E9853D1
:10F5A00029B71E5B7B97A91FBA184C1C185E8A48A6
:10F5B0000BE02B8A2B6CE168BC84743070C09448DB
:10F5C000F81143402DBE410A6BF323A56B52869B75
:10F5D000A5EFEA0FCEDE2D15AA1C0E1A76C77C9A6F
:10F5E0004BF12F0255DEEDF9732BB5BCF0F7EC664D
:10F5F0007C7690267BCD604C28362F8282A2F4C97F
:10F6000084DD58A34F0CC696B2F2CE701FB95C725F
:10F610005CCA6B7C78A237DAE5ED3EBF02D7AA90D0
:10F6200038E16C51D0C86E41B400220EC9229479E1
:10F6300072B2C348EBC1F79B65781A4FE1E34ACC3D
:10F6400097EA3BD1ECE846FBB6BEB8AFA9CC24772D
:10F6500023765767C347FE8216EEC81F401A87AD50
:10F660000DC04A20D0037B6DCD92C261985E8409A3
:10F670006E01BEAC8F6E3F4BBC6421D3CC0113B87E
:10F6800035745CC46879AD945EE65C616B3131B40D
:10F69000AB4BB1A8A937AF149EC503CD650F083495
:10F6A000DCC189750848AC6A5F01E69B1497C17399
:10F6B0005E7EF9A6119CAA2EAE363A93D565BEFDA4
:10F6C00078D7FD84727AA8C79FB06BC36CDDA1BFE9
:10F6D000FD1179A8E6744F924A96AFF75FB77F7035
:10F6E00049137A5525F8F54D3AB578C27AFB5D0392
:10F6F0009E4CB79A775CFF91265CBF5B3BCA99AA88
:10F700008FA2B87CF66ED77E8C970033922BCE9763
:10F710008E30D6F389A0F856292CA2789444B78E5F
:10F72000340190079680D13502D2A315083CA23649
:10F730009687DA3FBA8FCC8F24DDA5935D8F74B5A1
:10F74000A6E9DF8712CAE4C24120CCB3C7A0A21148
:10F75000196347970B232BE587F62C48422D88C960
:10F760001E6BDE2B9CA5BB006EDFA074433E684C75
:10F77000C4CF793B1BC9A0BA87984C35E7A2D8FE05
:10F7800099BC1D2403D45164FEFF69828545949B76
:10F79000EE38B0A1414743C33CD5C36D2F6DDC614A
:10F7A0007905855873E4A83E3673F1310DC274961D
:10F7B000764C606B4BE8FA591CC68C05DE75153D1E
:10F7C0001E7F948D400D8E7F299ABD3FA58D8AD4D2
:10F7D00080A4D5A5D3B7E9B0457478C9AB0AA4D540
:10F7E000EC07C3D4589DC7AEEF96FD0F727EE74776
:10F7F00009C85EAC9FAC25A7F02D3DAE42818B09B8
:10F80000FEE673A09AEAF1385DA3BA570C586D3E34
:10F8100035A8DDCF86D26D22A0CCA84B2B9CEB5017
:10F8200042DA5342D82B260A6F6556B7CE3F328D47
:10F830007E6A730692C93CA70815540B010F146B1E
:10F84000D793B2C110DB557CF7EB0472DB937632B1
:10F8500076B2ACEDBED64D89392D1BA80096C33EBD
:10F86000A7E66EBD2E77E349006F5EDC5CCB745576
:10F87000775E40D4F8F1E8C9A085A7913CBD97FB1D
:10F880003BBE17A3300F9E13FD7B957CDDE58ABC44
:10F89000649C389AEF770B1C07955F16F379511B20
:10F8A000FDF8AD11A7F3F07D5A7CE92643E3D89D1E
:10F8B00018CE5B54A3D1F5E0F9EF2894138E57804E
:10F8C000A38CA4D0431BF87A1415FB00A18C786F8D
:10F8D0002E25A1D82A737B53BC74D5BE7F55A4E1D5
:10F8E00004BA218417605B3AB1405D31A7C3E7F9E0
:10F8F000750DA9A08CBC91D5B7017CB95D010DA691
:10F90000CB61452AF78AF54E055AC8DCB996030241
:10F910004ECF5B73D5707329706F8716F8E13CC8C2
:10F9200079F2F3B93C8F48FDA0AE37F1B7ECCC12B9
:10F93000ED9504DDBCE8F23AEBB90BF1341A0D3168
:10F94000F5745841A00E1535D8F878F7BB2D106A1C
:10F9500086E3921F20ABB2DEF26D56D72DCE6450F7
:10F960009263EB65DCBB1217CECCA9F9C62DE0FD86
:10F970003E80728BF96E536B44841C350D56F8BC77
:10F98000BE0B1ED7632FE5870E0FC9944BCAA27515
:10F99000F18D0AB089772D6C120CB5B3B861674C44
:10F9A00029B71E5B7B97A91F3818AB15185E6142FB
:10F9B000ECE9CC83CC6506615B8D8B2768D6884FDC
:10F9C000070EDD5F2DBE410A6BF323A56B52869BAC
:10F9D000B1FA0504CEDE3900281C770489D8E28507
:10F9E000CDF02F0255DEE5F38C344AA3F0F7EC6638
:10F9F0007C7690266BD919522836AD82FFBD0BD686
:10FA00007BC2A7BCB819C696B2F2CE7066A748678B
:10FA10005CCA6B7C78A237DAE5ED3EBF02D7AE91C7
:10FA200038E18B502BD6915E2A1FA40FC9229479FE
:10FA300072B2CB4214DE088465781A4FE1E34ACCF7
:10FA400093EBA5CE99FDA5FBB2BFACBAB1DA347B7E
:10FA5000A1765767C3479B8302FB4A1F401A87ADB5
:10FA60000DC04A20D0037B6DCD92CE6AF154800840
:10FA70007E0D4DA0E67CD0585377CEC0231266ADE4
:10FA8000CA6BC6DA6879AD945EE65C616B3131B4FD
:10FA9000294BADB75628500B61DAFCD29A109A2048
:10FAA000DCC189750848AC6A5F01E69B1497C17395
:10FAB0005E7EF9A6119C282E3029438D227041E2EA
:10FAC00087C8029B8D6557D860AF94DC93C22BB575
:10FAD000FD1179A8E6744F924A96AFF75FB7806F31
:10FAE000B60CE04B35EC0A52C5AA68D67AFB5D032A
:10FAF0009E4CB79A775CFF91265CBF5B3BCA99AA84
:10FB00008FA2B87CF26F456A9489182D8A35D68900
:10FB1000962ECEED91BEEC43A326A2789444B78EE8
:10FB2000340190079680D13502D2AB1F18282437B4
:10FB300096875035AA9B4E8F24DDA5935D8F74B5B3
:10FB4000A6E9DF8712CAE4E24120CCB3C7A0A21124
:10FB5000196347970B232BE587F62C48422D88C95C
:10FB60001E6BDE2B9CA5BB006EDFA074433E684C71
:10FB7000C4CF793B1FC853AE7085BB2810BF2FE39D
:10FB80006EA1EA39F4C9A67974F569828545949B1A
:10FB9000EE18B0C1414743C33CD5C36D2F6DDC6146
:10FBA00079058159F5E5A83E3673F1310DC2749699
:10FBB000764C606B4BE8FA591CC68C05DE75973D98
:10FBC00063606B92BF127160D68542205A9275CBEA
:10FBD0007FBB2ABA2CA867BB457478C9AB6AA43D21
:10FBE000EC5FC3D4589DD3BB1089ED1BF07E1C592C
:10FBF000F6D7D4A69FAC25A7F02D3DAE42818B0948
:10FC0000FEE673A09AEAF1385DA3AA43F347712197
:10FC100025BCCDDB96C67D36B0D8B85F3B887D4528
:10FC2000BDC52A5CD82B26526F8D5657CED732EDE4
:10FC30007E4A6B186DD6C3B8F70AAB14FE10047F6A
:10FC4000D793B2C110DB557CF7EB0472DB937632AD
:10FC500076B2ACEDBED65D9DC63203B60096C33E0D
:10FC6000A7E66EBD2E77E349006F56D6A3D48B6A04
:10FC7000773E403CF811E829226D40005597EAE4B0
:10FC8000C4A1E8BCCF10610C02646E62B0EE00B695
:10FC9000649C389AEF770B1C07955F16F379511B1C
:10FCA000FDF8BD0558ECE8635A7CE92643E3D89D8E
:10FCB00018CE5B54A3D1FDEA06F0D7AB13165768F4
:10FCC000A36CA438CD400765EB0A041FB599FA6F01
:10FCD0002E25A5D9B06D844C436B2AA17B54A4E199
:10FCE00004BA218417605B3AB1405D31A7C3F7EDD8
:10FCF0008A12B1BE8CBC91D5B7017CB95D010DA64D
:10FD0000CB614D2008950A51055AC88CB97E036213
:10FD1000C4C5A46C2A6F6B37706F8716F8E13CC8B6
:10FD2000FBF26DA6C390D6E226AF37F1B7ECCC124A
:10FD3000ED9504DDBCE8F23AEBB91BE5CB05152FD8
:10FD4000F5745841A00E1535D8F878F7BB2D18601A
:10FD500079FC6D0020ABB2DEF20D56F72DCE744467
:10FD60006D7CFB71DCBB161629C54EF021241FEA01
:10FD700026961F881E67B462A38DFB3CEA5F1FB501
:10FD80005902F9DE8426129A16193683ACC3457CD3
:10FD90001684EDB96E7ECA65160DBDB9477E9853BF
:10FDA00029B71E5B7BC7A91FBA185C08E741F35649
:10FDB0007EFD339C337AF97EA4926C2668D6844407
:10FDC000F8112240D2A1BE1594ECDCBA944D79848E
:10FDD0004EE5EA0FCEDEDE01D703881B76C71D9AFB
:10FDE00032EFD01DAAC19CED732BB5BCF0F7EC66C9
:10FDF0007C7690267BCDE64DD729569C82A2F4C90D
:10FE000084DD58A34F0CC696B2F2CE701FB9B778F6
:10FE1000A3D5946387BDC8C51AF2C1A0FDC8419A95
:10FE200038E16C51D4C96E41D5005B10363D6B662C
:10FE30008DAD3C57E3CBF79B65781A4FE1E34ACC95
:10FE400097EA3BD166E24AF0B6BEB8AFD4D3DB68DE
:10FE5000DC69A8783C58019D02FB4A1F401A87AD17
:10FE60000DC04A20D0037B6DCD9240610E4B7B16B6
:10FE7000911EA2B3096F3F4BBC6421D3331EECA784
:10FE800025605CC46879AD945EE65C616B3131B429
:10FE9000AB4BA1BC5628500B9EC503CD650F083453
:10FEA000DCC189750848AC6A5F01E69B1497C17391
:10FEB0005E7EF9A6119CAA2EAE36BC92DD6FBEFD09
:10FEC00078D7FD84727AA8C760AF94DC7CC9A1BFE3
:10FED000FD1179A8E6744F924A96AFF75FB76F6449
:10FEE000B60C854A25F8774DCDA887DD85E42C171B
:10FEF0009E4CB79A775CFF91265CBF5B3BCA99AA80
:10FF00008FA2B87CF66ED77E8C970033922BCE975B
:10FF10008E30D6F376BF07493938A2789444B78E2D
:10FF2000340190079680D13502D2B301F7235D29C1
:10FF300096875C3E45903390DBC2B98C5D8F74B57B
:10FF4000A6E9DF8712CAE4C24120CCB3C7A0A21140
:10FF5000196347970B232BE587F62C48422D88C958
:10FF6000E17421348CB1BB006EDFA074433E684C59
:10FF7000C4CF793B1FC843BA8F9A443710BF2FE3D1
:10FF8000E8A0E233FCC3A27874F569828545949BAE
:10FF9000EE38B0A1414743C33CD5C36D2F6DDC6142
:10FFA00079058159F5E5A83E3673F131F2DD8B898B
:10FFB0006658606B4BE8FA591CC68C05DE75973D98
:10FFC00063607B86400D8E7FD68542205A9275CB2A
:10FFD0007FBB2ABA2CA867BB457478C9AB0AA4D5E5
:10FFE000EC07C3D4589DD3BB1089ED1BF07E1C5980
:10FFF000F6D7D4A69FAC25A70F32C2B152958B0974
:020000040802F0
:10000000FEE673A09AEAF1385DA3AA43F34761358F
:10001000DAA332C496C67D36B0D8B85F3B887D453A
:10002000BDC52A5CD82B260A6F6556B7CE3F328DE8
:100030007E6A6B186DD6C3B8F70AAB14FE10047F46
:10004000D793B2C1EFC4AA63E7FF0472DB937632A1
:1000500076B2ACEDBED65D9DC63285B7FF893C2138
:1000600058F991A2D1681C56FF70A9C95CCB745590
:100070008841BFCB07EE17D6DD9ABF87AAA815FB2C
:100080003BBE17A3300F9E13FD7B917D4FF1FFA95F
:100090009B83C785657D0B1C07955F16F379511B04
:1000A000FDF8BD0558EC6A63A5631639BCFC2782D0
:1000B000E7D1A44B5CCE02F5F9EF2894EC91A89F10
:1000C0005C935BCF320FF87A1415FB004A860570FB
:1000D000D13A5AC64F727B53BC74D5BE844B5BFE7B
:1000E00086BA218417605B3AB1405D31A7C3F7ED52
:1000F0008A12BDB573A36ECA25156CAD4D151DB220
:10010000DB755D3418811A45154ED8C8A9821316BF
:10011000D4D1B4783A7B7B23607B9702E8F52CDC62
:10012000EBE67DB2D38444F6D9B0C8EE39E7CC1201
:10013000ED9504DDBCE8F23AEBB91BE5CB05053BD8
:100140000A6BA75EA00E1535D8F878F7BB2D18609E
:1001500079FC6D0020ABB2DEF26D56D72DCE744423
:100160006D7CFB71DCBB1217CECCA9F9C62DF8E370
:10017000C19FF8810671AC7454901C350D56F8BCC3
:10018000BE0B1ED7632FF593F110C19EB4D55D6AE7
:10019000F18D0AB08D76CA65F5053FB9477E985353
:1001A00029B71E5B7B97A91FBA185C08E741F35675
:1001B000ECE9CC83CC6506615B8D933997C97B5B99
:1001C000F81122403DAA410A6BF323A56B52869B8E
:1001D000B1FA151031C1310AD703881B89D8E684DA
:1001E00032EFD01DAAC116E7732BB5BCF0F7EC6651
:1001F0007C7690267BCDE64DD729D09D7DBD0BD654
:100200007BC2A7BCB01339894DED316F1FB9B778E8
:100210004CDE6B7C78A237DAE5ED3EBF02D7BE85B7
:10022000C7FE835AD4C96E412A1F260FD53D6B667F
:100230008DAD555DEBC1F79B65781A4FE1E34ACC74
:1002400097EA3BD166E25AE449A147B056D3DB684E
:10025000DC69A8783C58019DFDE4B500500E87ADDF
:100260000DC04A20D0037B6DCD9240610E4B6B02D6
:100270006E015DAC096F3F4BBC6421D3CC0113B858
:1002800035745CC46879AD945EE65C616B3131B401
:10029000AB4BB1A8A937AF149EC503CD650F083489
:1002A000DCC189750C49B4744F15E69B1497C17372
:1002B0005E7EF9A6119CAA2EAE36AC86227041E273
:1002C00078D7FD84727AA8C79FB06BC36CDDA1BFDD
:1002D000FD1179A8E6744F924A96AFF75FB77F7029
:1002E000CB13175E5CE60A52C5AA87DD0FEEB6098E
:1002F0009E4CB79AF15DFF91265CBF5B3BCA99AA01
:100300008FA2B87CF66E59757388FF2C7D382184D6
:10031000612339E066B31745C63F4D6B7B57589D47
:10032000DB127F141081D13502D2251475235D298B
:100330006998252045903390DBC25A8C249170B483
:10034000A6E9DF8712CAE4C24120CCB3C7A0A2113C
:100350001963C597F43CD4FA78E9D357BD3277D600
:10036000E174213463BA441F91C05F6BBC217453A4
:1003700046CF793B99C9ACB18F9A4437EFA0D0FCF6
:1003800091BE15260BD659668BEA149D0745949BA2
:10039000EE38B0A1414743C33CD5C36D2F6D566BBA
:1003A000861A7E466FFBB0202E6DE92F15DC6C8817
:1003B0006E52787553F6E24704D8060FDE75153D88
:1003C0001E7F948D400DEF7F299ABD3FA58D8AD465
:1003D00080A4D5A5D3B798A4B26978C9AB0AA4D52F
:1003E000EC07C3D4589DD3BB1089FD0F0F61E346C2
:1003F000F6D7D4A69FAC25A7F02D3DAE42818B0940
:10040000FEE673A09AEAF1385DA3BA570C5865343A
:10041000A7BCCDDB92C7E7284FC7B0552B9C825AAB
:10042000B5CF3A4827342E006F6556B7CE3F328D90
:100430007E6A6B186DD6D3AC0815540BFE10047F82
:10044000D793B2C110DB557CF7EB0472DB937632A5
:1004500076B2ACEDBED6C783582D03B68E9D38203C
:100460002DECE8BCD168EB43107BA9C9ABDE9B5EE9
:10047000884154C1F8F1E8C92285409855B7EAE4AB
:10048000C4A1F8A8300F9E130264EC62C5FBF7AB61
:100490009381498EEF770B1C07955F16F379511BFB
:1004A000FDF8421A40F2E86342621639BCFC27822A
:1004B000E7D1535EAFDAE5F480F1C79FEC914F9E30
:1004C000A38CA4D0CD100765EB0A041FB599EA7B75
:1004D000D13A5AC6B06D024DBC74D5BE844B3AFEBB
:1004E00004BA218417605B3AB1405D31A7C308F2BA
:1004F000920CB1BE94A26ECA481E83A6A21E05AC81
:10050000CB614D2008951A45FA4552C2B9960302AF
:10051000C4C5A46C2A6F6B37706F970207FEC3D7F0
:10052000FBF26DA64591DEE82EA533F0B7ECCC12B8
:10053000ED9504DDBCE8F23AEBB9E4FAD31B152FD4
:10054000ED6AA75EBC110D2B27E770FDAB39E77F85
:1005500071F67D14DFB4AAC0F26D56D72DCE744467
:100560006D7CFB71DCBB020331D356E6C62DF8E38C
:10057000C19FF881F96E536B44841C350D56F8BC4D
:10058000BE0B1ED7632F6F8D0E0F538A47C1BA6BF8
:10059000778C80BA76682566021842A64F74884721
:1005A000D6A88C4F7B97A91FBA185C08E741F35671
:1005B000ECE94288337AF97EBC84743070C09C5276
:1005C000E0073A56CAB7A6038CFAC4AC8C5B049B0E
:1005D000B1FA9B1BCEDE5800AE1D770481D2199B69
:1005E00032EF270845CA12E67B21A5A80FE86A6703
:1005F0007C7690267BCDE64DD729D09D7DBD0FD74B
:1006000084DD58A34F0CC696B2F2CE701FB9B778EE
:10061000A3D5946387BDC8C51AF22EAB02D7BE8599
:100620005DE06C51D4C96E41D5005B10363D6B6600
:100630008DAD3C5714DE0884F36D1A4FE1E34ACCCC
:1006400097EA3BD166E25AE449A147B05AD84577C8
:1006500023765767C347FE82FDE4B500BF0578B235
:10066000F2DFB53F2F1C0672C9934061884AE50945
:100670006E015DACF670C054437BDECC331EECA73C
:10068000CA6BC6DAEA79AD945EE65C616B3131948F
:10069000AB4BB1A8A937AF149EC503CD650F083485
:1006A000DCC189750848AC6A5F01E69B1497C17389
:1006B0005E7EF9A6119CAA2EAE363A93477141E2AE
:1006C00087C8029B8D6557D860AF94DCFAC823BFFA
:1006D000FD1179A8E6744F924ACEAF975FB77F704D
:1006E00049137A5525F8F54D3AB578C27AFB5D0382
:1006F0009E4CB79A775CFF91265CBF5B3BCA99AA78
:100700008FA2B87CF66ED77E8C970C38863E5489C3
:10071000712FCEED9DB5F05C292CA2789444B78E54
:100720003401900796E0D1DD028AA315083CA23679
:100730009687DA3FBA8FCC8F24DDA5935D8F74B591
:10074000A6E9DF8712CAE4C24120CCB3C7A0A21138
:10075000196347970B232BE587F62C48422D88C950
:100760001E6BDE2B9CA5BB006EDFA074433E68149D
:10077000C42779DB1F2053CE70A5BB2810BF2FE301
:100780006EA1EA39F4C9A67974F569828545949B0E
:10079000EE38B0A1414743C33CD5C36D2F6DDC613A
:1007A00079058159F5E5A83E3673F1310DC274968D
:1007B000764C606B4BE8FA791CA68CEDDE9597DDE4
:1007C00063886B0ABF327160D68542205A9275CB1E
:1007D0007FBB2ABA2CA867BB457478C9AB0AA4D5DD
:1007E000EC07C3D4589DD3BB1089ED1BF07E1C5978
:1007F000F6D7D4A69FAC25A7F02D3DAE42818B093C
:10080000FEE673809A72F1D05D43AAABF3177121B3
:1008100025BCCDDB96C67D36B0D8B85F3B887D451C
:10082000BDC52A5CD82B260A6F6556B7CE3F328DE0
:100830007E6A6B186DD6C3B8F70AAB14FE10047F3E
:10084000D793B2C110DB557CF7EB0472DB937632A1
:1008500076B2ACBDBE3E5DFDC63203B60096C33E69
:10086000A7E66EBD2E77E349006F56D6A3D48B4A18
:10087000775E40D4F8F1E8C92285409855B7EAE49C
:10088000C4A1E8BCCF10610C02646E62B0EE00B689
:10089000649C389AEF770B1C07955F16F379511B10
:1008A000FD98BD2558ECE8635A7CE9264BE9A989F7
:1008B000EFD3AC4954CC0AF7F1ED2096E493A09D18
:1008C000549153CD3A0DF0781C17F30242840D7207
:1008D000D93852C447707351B476DDBC8C49D5F514
:1008E0000CB0218417605B3AB1405D31A7E3F7EDAE
:1008F0008A12B1BE8CBC62C1481E83A6A21EF2B988
:10090000347EB23FF78AF54EFA4537C34689FC1D5F
:100910003BDA5B73D57094288F70780907FEC3D7D4
:1009200004ED92B93C8F29FDD9B0C8EE48F33F06DB
:10093000ED9504DDBCE8F23AEBB91BE5CB05152FCC
:10094000E560A75E5F118320C8EC68E3AB390874EB
:1009500069E87D1430BFA2CAE27946C33DDA64502B
:100960007D68EB65CCAF0203DED8B9EDD639E8F788
:10097000D18BE895E97A477EBB9BE32A1D42F8BC00
:10098000BE0B1ED7632FF593F110D18A36D55D6A61
:10099000E1990AB089772D6C120CBDB9477E985346
:1009A00029B71E5B7B97A91FBA185C08E741F3566D
:1009B000ECE9CC83CC6506615B8D933997C97B5B91
:1009C000070EDD5FA3B5BE1516EC23A56B52869B03
:1009D000B1FA151031C12914D703881B89D8E285D3
:1009E000CDF02F0255DEEDF9732BB5BCF0F7EC66B8
:1009F0007C7690267BCDE64DD729D09D7DBD0BD64C
:100A00007BC2A7BCB01339894DED316FE0A64867B2
:100A10005CCAF56387BD3FD0E5ED3EBF02D7BE851A
:100A2000C7FE9B44D4C96E412A1FA40FC9229479E2
:100A300072B2C348EBC1F79B65781A4F63E3C8CC29
:100A400097EA3BD166E25AE449A143B156D3DB6849
:100A5000DC69A8783C58019D02FB4A1F401A9FB3ED
:100A6000F2DF422AD0037B6DCD9240610E4B731CA6
:100A70006E015DAC096F3F4BB46EDACDB11E1FB392
:100A800035745CC46879BD80A1F9A37E673A31B43E
:100A9000AB4B33A8D029500B65DB81CD650F0834F3
:100AA000DCC189750848AC6A5F01708EEB88477AB3
:100AB0005E7EF9A6119CAA2EAE36B498227041E251
:100AC00078D7FD84EC6557D860AF16DC6CDDA1BF2C
:100AD000FD1186B7196BB08D3789AFF75FB7F17B22
:100AE000B60C854ADAE7E5593AB578C27AFB5D0378
:100AF0009E4CB79A775C7D91A055BF5B3BCA99AA83
:100B00008FA2B87CF66EDF747388FF2C922BCE9781
:100B1000712F29EC76BF07492126A27894442991A8
:100B2000CB1E6F188A9FD13502D2AF1EF7235D29E5
:100B300069985434BA8FCC8F24DDA5935D8F74B53A
:100B4000A6E9DF8712CAE4C24120CCB3C7A0A21134
:100B500019634F9DF43CD4FA87F62C48BD3277D602
:100B6000E174213494AFBB006EDF2A7E5F21F25224
:100B700042CE793B1FC853AEE291253704AAADE3BC
:100B80006EA1EA39F4C9A67974F5EB826A56169B10
:100B9000EE38B0A1414743C33CD5C36D2F6DD46B34
:100BA000861A7E46F5E5A83EC96C0E2EF2DD8B89CD
:100BB0007E46606B4BE8FA591CC68C05DE75973D86
:100BC00063606B92BF127160D68542205A9275CBDA
:100BD0007FBB2ABAAEA81EA5BA6B01D7290AA4D535
:100BE000EC07C3D4589DD3BB1089E5110F61E346D0
:100BF000F6D7D4A660B3DAB80F32C2B14A8B8B09EC
:100C0000FEE673A09AEAF1385DA3AA43F347712187
:100C100025BCCDDB96C67D36B0D8B85F3B88FF4596
:100C2000C4DBD543C035D915167BD4B7CE3F328D42
:100C30007E6A6B186DD6CBB20815540BFE10047F7C
:100C4000288C4DDEEFC4AA63FFE10472DB93F4321B
:100C50001BB9C1E6BED65D9DC63203B60096C33E43
:100C6000A7E66EBD2E77E349826F2FC85CCB874124
:100C7000775E54C107EE91D7A085409855B7EAE456
:100C8000C4A1E0B6300F9E1302646E624FF1FFA95B
:100C90009B83C785E77D0B1C0795C5080C66AE04D2
:100CA000E9EDBD0558ECE8635A7CE92643E3D89D9D
:100CB00018CED954DACF02F50AFBD78B138E5780A2
:100CC000B7995BCFB40E0765EB0A041FB599F265BF
:100CD000D13A5AC6B06D844CBC74D5BE844B5BFE11
:100CE00086BA21841760A4254E5FA22E58DCF7ED4A
:100CF0008A12B1BE8CBC91D5B7017CB9DF0174B842
:100D0000347E412B08950A51055AC8DCAD83FC1D81
:100D10005EDBA46C2A6F6B37706F8F1C07FEC3D726
:100D2000FBF26DA64D9B29FDD9B0A5E5B7ECCC1221
:100D3000ED959EC343F70D257DAC1BE5CB05152F27
:100D4000F5745841A00E9735A1E687E8B7261860DC
:100D500079FC6D0020ABA6CB0D72CCC9AFCE74442C
:100D60006D7CFB71DCBB1A1D31D356E6C62DF8E352
:100D7000C19FFC80FD6F536B44841C350D567ABCBB
:100D8000AE1F90DCE12FF593F110D18A4BCAA2750A
:100D9000738D73AE76682167120CBDB9477E985388
:100DA0003DA2E144E1892B1FBA185C08E741F356E4
:100DB000ECE9C489337AF97E5B8D933997C97B5B03
:100DC000070EDD5F2DBE410A6BF323A56B52869B98
:100DD000B1FA151031C1211E281CF504F0C61D9A68
:100DE000C1FB2F0255DEEDF9732BA1A90FE8767830
:100DF000FE7690267BCDE64DD729D09D7DBD03DCC8
:100E000084DD58A3B01339894DED316FE0A64867F2
:100E10005CCA6B7C78A237DAE5ED3EBF02D7BE85AF
:100E2000C7FE934EA9D6E840D500A804C9229479FC
:100E300072B2C348FFD40884FF66984FE1E34ACCFE
:100E400097EA3BD166E25AE449A14FBAA9CC24778C
:100E5000DC69A878BA59F6807BE54215401A87AD5F
:100E60000DC04A20D0037B6DCD9240610E4BF91628
:100E7000E8005DAC05643F4BBC6421D3CC0107ADF9
:100E8000CA6BC6DAEA79AD945EE65C616B3131B467
:100E9000AB4BB1A8A937A71E61DAFCD2650F0834A5
:100EA000C0DE766AF757D1755F01E69B1497C17370
:100EB0005E7EF9A6119CAA2E2C36C58C2270B2F645
:100EC00078D7FD84727AA8C78BA594DCF6C323BFBC
:100ED000FD1179A8E6744F924A96AFF75FB77F701D
:100EE0004913725FDAE70A523AB578C2E4E4A21C09
:100EF00061534885775CFF91265CBF5B3BCA99AA2A
:100F00008FA23A7C8F702861809C0033922BCE9701
:100F10008E30C2E676BF6248AB2CA2789444B78E7E
:100F2000340190079680D13502D2A315083CAA3C23
:100F300069982520BA8FCC8FAAD65A8CA29064A12A
:100F4000A6E9DF8712CAE4C24120CCB3C7A0BA0F1A
:100F5000E67C53820B232BE587F62C48563877D650
:100F600084755C2B9CA5BB006EDFA074433E684C6F
:100F7000C4CF793B1FC853AE7085B322EFA0D0FC1D
:100F80006EA1EA39F4C9247970F469828545949B8D
:100F9000EE38B0A1414743C338D43C72D072237EAF
:100FA000750E8159F5E5BC2BC96C6B2F8FC27496F9
:100FB000764C606B4BE8FA591CC68C05DE75973D84
:100FC00063606B92BF12796A299ABD3F5A9275CBC2
:100FD0007FBB2ABA2CA867BB457478C9AB0AA4D5D5
:100FE000EC07C3D454962CA49E8277050F6110524F
:100FF000E2C22BB905B2A7A7F02D3DAE42818B0905
:10100000FEE673A09AEAF1385DA3AA43F347712183
:1010100025BCC5D169D98229B0D8B85F3B887D4548
:10102000BDC52A5CD82B260A6F6556B7CE3F328DD8
:10103000E87F940769D741B86D14540B010F9E6186
:101040005593B2C110DB557CF7EB0472DB9376321B
:1010500076B2ACEDBED65D9DC63203B60096CB34FB
:1010600058F991A22E77E349006F56D6A3D48B4A44
:10107000775E40D4F8F1E8C922854098CBA897FB69
:10108000B5B513A2300F9E13987AEC62B0EE00B69D
:10109000649C389AEF770B1C07955F16F379511B08
:1010A000FDF8BD0558ECE8635A7CE12CBCFC2782B6
:1010B00018CE5B54A3D1FDEA06F0D78B138E578070
:1010C000A38CA4D0CD100F6F1415FB004A8664705A
:1010D000B830A9D2326D844C436B2AA17B54A4E171
:1010E00004BA218417605B3AB1405D31A7C3F7EDC4
:1010F0008A12B1BE8CBC13D5481E83A6550B0DA613
:10110000CB614D2008950A51055AC8DCB9960302F7
:10111000C4C5A06D3271E53CF66E8716F8E13CC897
:10112000FBF26DA6C390D6E226AF37F1B7ECCC1236
:10113000ED9504DDBCE8F23AEBB91BE5CB05152FC4
:10114000F5745841B41BEA2AA5E793FDBF2C18603B
:1011500079FC6D0020ABB2DEF26D56D72DCE744413
:101160006D7CFB71DCBB1217CECCA9F9C62DF8E360
:10117000C19FF881F96E536B44841C350D56F8BC41
:10118000BE0B1ED7632FF593F110D18A4BCAA275FF
:10119000738D90AE7668D273ED1342A6B861674C3A
:1011A000D6A8E144848856004507A317185E0C4969
:1011B00013F6339C337AF97EA4926C26EAD67F5AD2
:1011C000070EDD5F2DBE410A6BF323A56B52869B94
:1011D000B1FA151031C1213E281C770489D86085E9
:1011E000DDE4331DAAC112E68C344AA30FE813795B
:1011F00083696F3984D2195228362F8282A2F4C9AA
:1012000084DD58A34F0CC696D3F2356EE0A648672E
:101210005CCA6B7C78A237DAE5ED3EBF02D7BE85AB
:10122000C7DE932E2BD6915E2A1FA40FC922947974
:1012300072B2C348EBC1F79B65781A4FE1E34ACC21
:1012400097EA3BD166E25AE449A147B056D3DB683E
:10125000DC69A8783C58019D02FB4A1F401A87AD03
:101260000DC04A20D0037B6DCD9240610E2B7BFEDA
:101270009146A2B3096F3F4BBC6421D3CC0113B894
:1012800035745CC46879AD945EE65C616B3131B4F1
:10129000AB4BB1A8A937AF149EC503CD650F083479
:1012A000DCC189750848AC6A5F01E69B1497C1737D
:1012B0005E7EF9A6119CAA76AEDEBC72DD87BE9D6D
:1012C00078F7FD84727AA8C79FB06BC36CDDA1BFAD
:1012D000FD1179A8E6744F924A96AFF75FB77F7019
:1012E00049137A5525F8F54D3AB578C27AFB5D0376
:1012F0009E4CB79A775CFF91265CBF5B3BCA998A8C
:101300008FC2B894F68ED79E8C7700A3927BCE972F
:101310008E30D6F389A0F856292CA2789444B78E43
:10132000340190079680D13502D2A315083CA2362D
:101330009687DA3FBA8FCC8F24DDA5935D8F74B585
:10134000A6E9DF8712CAE4C24120CCE3C730A2F18C
:10135000198347770B732BE587F62C48422D88C9F4
:101360001E6BDE2B9CA5BB006EDFA074433E684C59
:10137000C4CF793B1FC853AE7085BB2810BF2FE385
:101380006EA1EA39F4C9A67974F569828545949B02
:10139000EE38B0A1414743C33CD5C33D2F8DDCF1AE
:1013A00079058159F5E5A83E3673F1310DC2749681
:1013B000764C606B4BE8FA591CC68C05DE75973D80
:1013C00063606B92BF127160D68542205A9275CBD2
:1013D0007FBB2ABA2CA867BB457478C9AB0AA4D5D1
:1013E000EC07C3D4589DD3BB1019ED4BF07E1C59AC
:1013F000F6D7D4A69FAC25A7F02D3DAE42818B0930
:10140000FEE673A09AEAF1385DA3AA43F34771217F
:1014100025BCCDDB96C67D36B0D8B85F3B887D4510
:10142000BDC52A5CD82B260A6F6556B7CE3F328DD4
:101430007E6A6B186D86C3B8F70AAB14FE10047F82
:10144000D793B2C110DB557CF7EB0472DB93763295
:1014500076B2ACEDBED65D9DC63203B60096C33EF5
:10146000A7E66EBD2E77E349006F56D6A3D48B4A0C
:10147000775E40D4F8F1E8C92285409855B7EAE490
:10148000C4A1E8BCCF10610C02646E6236EF75A394
:101490001983C785186A031607955F16F379410FFC
:1014A00002E7421AA7F3177CA5631639BCFC278212
:1014B00018CE5B54A3D1FDEA0EFA2096EC91A89FBA
:1014C00058924BC34F100765EB0A041FB599FA6F8A
:1014D0002E25A5D9B06D0E46BC74D5BE844B5BFEDF
:1014E000FBA5DE9B1B6B5B3AB1404D2558DC08F237
:1014F000750D4EA173A36ECA481E83A65D010DA68D
:10150000CB61C72AF78AF54EFA4537C34689FC1DD9
:10151000D4D1A46C2A6F6B37706F8716F8E13CC882
:10152000FBF271B93C8FCEFC22AEB5F1A3F9330DBD
:10153000908A04DDBCE8F23AEBB91BE5C30FEA3050
:101540000A6B5841A00E1535D8F878F7BB2D827E6E
:1015500086E3791520ABB2DEFA6746C32DCE74441C
:101560006D7CFB71DCBB1217CECCA9F9402C07FCBB
:101570003E807E80F96E536BC684042B15487EBD79
:10158000BE0B1ED7632FF593F91A2E95B4D5A2750D
:10159000F18D0AB089772D6C120C42A6B861905972
:1015A00029B71E5B7B97A91FBA185C08E741F35661
:1015B000ECE9CC83CC65066153876C2668D67B5BEF
:1015C000070EDD5F2DBE410A6BF323A56B52869B90
:1015D000B1FA151039CBDE01D703770489D8E2853B
:1015E000CDF02F0255DE77E78C34CCA299FDE86769
:1015F0007C7690267BCDE64DD729D09D7DBD0BD640
:101600007BC2A7BCB819C696B2F2316FE0A6486794
:101610005CCA6B7C78A237DAE5ED3EBF02D7BE85A7
:10162000CFF46C51D4C9915E2A1FA40FC9229479BA
:1016300072B2494214DE08849A67E5509CFCB9D81E
:1016400015EA3BD166E25AE449A147B056D3DB68BC
:10165000D4635767C347019D02FB4A1F401A87ADF9
:101660000DC04A20D0037B6DCD92406106418409B4
:101670006E01A2B3096F3F4BBC6421D3CC0113B8F8
:101680003D7E48D1F267528BA1F9A37E1E2431B46E
:10169000AB4BB1A8A937AF149EC503CD6D05F72B91
:1016A00023DE89750848AC6A5F01E69B1497C17315
:1016B0005E7EF9A6119CAA2EA63C438D2270BEFD2B
:1016C00078D7FD84727AA8C79FB06BC36CDDA1BFC9
:1016D000FD1179A8F660B08DB589AFF75FB77F705F
:1016E00049137A5525F8F54D3EB487DD85E4550953
:1016F0009E4CB79A735D088CD141BB5A3BCA99AADC
:101700008FA2B87CFE64286173880033922BCE9739
:101710008E30D6F389A0F856292CA2789444B78E3F
:10172000B2006F18699FD13502D2A315083CA236CA
:101730009687DA3FBA8FD491DBC2DC8D348593BCB7
:10174000DFF720980ED5E4C24120CCB3C7A0A21188
:101750001169B888F43C2BE587F62C48422D88C9DE
:101760001E6BCA3EE5BB500A89D6477D362B975380
:10177000D8D0793B1FC853AE7085BB2810BF2FE36C
:101780006EA16C386AD659668BEA969D7A5A6B843C
:101790006839B0A1414743C33CD5C36D2767237E59
:1017A000861A8159F5E5A83E3673F1318BC3EA8973
:1017B00089539F74B4F70546E3D9731AD67F973DD2
:1017C00063606B92BF127160D68542205A9275CBCE
:1017D0007BBAB8AE34B67FA551617CC8AB0AA4D53C
:1017E000EC07C3D4589DD3BB9688F505E8601C5917
:1017F000F6D7D4A69FAC25A7F02D39AFCC8A931786
:10180000E6F86BBE8EFFF5395DA3AA43F34771215D
:1018100025BCCDDB96C67D36B0D8B85F3B887D450C
:10182000BDC52A5CD82B260A6F6556B7CE3F328DD0
:101830007E6A6B186DD6C3B8F70AAB14FE10047F2E
:10184000D793B2C110DB557CF7EB0472DB93763291
:1018500076B2ACEDBED65D9DC63203B60096C33EF1
:10186000A7E66EBD2E77E349006F56D6A3D48B4A08
:10187000775E40D4F8F1E8C92285409855B7EAE48C
:10188000C4A1E8BCCF10610C02646E62B0EE00B679
:10189000649C389AEF770B1C07955F16F379511B00
:1018A000FDF8BD0558ECE8635A7CE92643E3D89D72
:1018B00018CE5B54A3D1FDEA06F0D78B138E578068
:1018C000A38CA4D0CD100765EB0A041FB599FA6F5D
:1018D0002E25A5D9B06D844C436B2AA17B54A4E17D
:1018E00004BA218417605B3AB1405D31A7C3F7EDBC
:1018F0008A12B1BE8CBC91D5B7017CB95D010DA631
:10190000CB614D2008950A51055AC8DCB9960302EF
:10191000C4C5A46C2A6F6B37706F8716F8E13CC89A
:10192000FBF26DA6C390D6E226AF37F1B7ECCC122E
:10193000ED9504DDBCE8F23AEBB91BE5CB05152FBC
:10194000F5745841A00E15355EF98FEA4C30EF7DE5
:101950008EE18213CBA1B2DEF26D56D72DCE744448
:101960006D7C7971B1B0E1033DD8C4F2C62DF8E3C6
:10197000C19FF881F96E536BC684713EFE420FA180
:10198000CF1F16DD632FF593F110D18A4BCAA275D4
:10199000F18D0AB0817DD273ED1342A6B861674C18
:1019A000D6A86745F997A91FBA185C08614008488E
:1019B00013F6339C337AF97E2293113997C97B5BF6
:1019C000070ED95E50A1BE1594ECDCBA944D798413
:1019D000A1EE151031C1211E281C770489D8E2859B
:1019E000C5FAD01DAAC1FDED633F27A80FE8137902
:1019F000686390267BCDE64DCB362F82E7A307DDCB
:101A0000F5C939A34F0CAF9C4DED316FE0A6DE72E6
:101A1000A3D5F162F2A83FD077F926A180D7BE8581
:101A2000C7FE934E2BD6915E2A1FA40FC1286B666A
:101A30008DADC348EBC1F79BEB73E5509CFC4ACCE2
:101A400097EABDD099FDA5FB4DA047B056D3516292
:101A500023765767BE58019D02FBD400BF058FA7B0
:101A60000DC04A20D0037B6DCD9240610E4B7B169A
:101A7000911EA2B3096F3F4BB46EDECC331E13B878
:101A800035745CC46073528BA1F95C616B31BBBE71
:101A900054544EB7A937AF149EC503CD650F083413
:101AA000DCC189750848B075A01E978F1497C17363
:101AB0005E7EF9A6119CAA2EAE36BC92DD6FBEFDED
:101AC00078D7FD847A7057D860AF6BC36CDDA1BF47
:101AD000F51B86B7196B47984A96BFE3A0A8806F9D
:101AE00049137A5525F8F54D3AB578C27AFB5D036E
:101AF0009E4C258E8843008ED943C645C8DE13A070
:101B00008FA2B87CF66ED77E8C970033922BCE973F
:101B1000863A29EC76BFF856292CA2789C4E48913B
:101B2000CB1E94069680C121FDCD5C0A083CA236EE
:101B30009687DA3FBA8FCC8F24DDA5935D8FF6B5FB
:101B400034FD4198EDD51BDDBE3F33ACD7B4A211B7
:101B5000196347970B232BE587F62C484A2777D63E
:101B6000E174DE2B9CA5BB0066D55F6BBC21684C85
:101B7000C4CFF730E0D7ACB17085BB2810BF2FE3DE
:101B80006EA1EA39F4C9A67974F569828545949BFA
:101B9000EA39B8ABD752BCDC41CAC36D2F6DDC61EA
:101BA00079058159F5E5A83E3E790E2EF2DD749651
:101BB000764C606BC1E20546E3D98C05DE759F3734
:101BC0009C7F948DBF127160D6854621B5819AD8CD
:101BD000FDBB2ABA2CA867BB457478C9AB0AA4D54B
:101BE0006A063CCBA78251BB1089ED1BF07E1C59C5
:101BF000F6D7D4A697A6DAB80F323DAE42818F0849
:101C000087F88CBF00F4F1385DA328430C588E3E52
:101C100054A8CDDB14C68E224FC7A4403B887D4517
:101C2000BDC526573738A40A6F6556B7DE2BCD924F
:101C3000E0756B186DD6C3B8F70AAB14FE10047FBD
:101C4000DF994DDEEFC4AA6308F4FB6D248C892D67
:101C50007EB8ACEDBED65D9DD626FCA9FF893C21A1
:101C600058F991A2D1686943006F56D6ABDE74551E
:101C70008841BFCB07EE17D6DD9ABF8745A3EAE4BC
:101C8000C4A1E8BCCF10610C02646E62B8E4FFA985
:101C90009B83C7851068F4039D8BD51CF379511B7A
:101CA000FDF8BD0558ECF877C4631639BCFCC48256
:101CB00092C45B54A3D1FDEA06F05D818990A89F90
:101CC0005C935BCFD10F0B6EEB0A041FB599FA6FD3
:101CD0002E25A5D9B06D844C436B2AA17B54A4E179
:101CE00004BA218417605B3AB1405D31A7C3F7EDB8
:101CF0008A12B1BE8CBC95D4B7017CB95D010DA62A
:101D0000CB614D2008950A51055AC8DC3F97030264
:101D1000C4C5A46C2A6F6B37706F8716F8E13C90CE
:101D2000FBF26DA6C390D6E226AF37F1B7ECCC122A
:101D3000ED9504DDBCE8F23AEBB91BE5CB05152FB8
:101D4000F5745841A00E1535D8F878F7BB2D1860FA
:101D500079FC6D0020ABB2DEF26D56D72DCE744407
:101D60006D7CFB71DCBB1217CE84A969C62DF8E32C
:101D7000C19FF881F96E536B44841C350D56F8BC35
:101D8000BE0B1ED7632FF593F110D18A4BCAA275F3
:101D9000F18D0AB089772D6C120CBDB9477E98532E
:101DA00029B71E5B7B97A91FBA185C08E741F35659
:101DB000ECE9CC83CCF506815BD5933997C97B5B85
:101DC000070EDD5F2DBE410A6BF323A56B52869B88
:101DD000B1FA151031C1211E281C770489D8E2857B
:101DE000CDF02F0255DEEDF9732BB5BCF0F7EC66A4
:101DF0007C7690267BCDE64DD729D09D7DBD0B8E80
:101E00007B22A75CB0F339194DB5316FE0A6486766
:101E10005CCA6B7C78A237DAE5ED3EBF02D7BE859F
:101E2000C7FE934E2BD6915E2A1FA40FC922947928
:101E300072B2C348EBC1F79B65781A4FE1E34ACC15
:101E400097EA3BD166E25ABC493147505633DB88AA
:101E5000DC81A8E03C78019D02FB4A1F401A87AD57
:101E60000DC04A20D0037B6DCD9240610E4B7B1696
:101E7000911EA2B3096F3F4BBC6421D3CC0113B8B0
:101E800035745CC46879AD945EE65C616B3131B4E5
:101E9000AB4BB188A9AFAFFC9E250325655F083425
:101EA000DCC189750848AC6A5F01E69B1497C17371
:101EB0005E7EF9A6119CAA2EAE36BC92DD6FBEFDE9
:101EC00078D7FD84727AA8C79FB06BC36CDDA1BFC1
:101ED000FD1179A8E6744F924A96AFF75FB77F700D
:101EE00049137A052510F52D3AB578C27AFB5D03C2
:101EF0009E4CB79A775CFF91265CBF5B3BCA99AA60
:101F00008FA2B87CF66ED77E8C970033922BCE973B
:101F10008E30D6F389A0F856292CA2789444B78E37
:101F2000340190079680D13502D2A315083CA23621
:101F300096E7DA1FBA8FCC8F24DDA5935D8F74B539
:101F4000A6E9DF8712CAE4C24120CCB3C7A0A21120
:101F5000196347970B232BE587F62C48422D88C938
:101F60001E6BDE2B9CA5BB006EDFA074433E684C4D
:101F7000C4CF793B1FC853AE7085BB2810EF2FE349
:101F80006EA1EA39F4C9A67974F569828545949BF6
:101F9000EE38B0A1414743C33CD5C76CC467A974B0
:101FA0008E18F8470AFA5F23C16E0225E6C8F69636
:101FB000764C606B4BE8FA591CC68C05DE75973D74
:101FC00063606B92BF127160D68542205A9275CBC6
:101FD0007FBB2ABA2CA867BB457478C9AB0AA4D5C5
:101FE000EC07CBDEAF802CA4EF9612040F61E34622
:101FF00009C82BB960B3DAB80F32C2B13794830382
:10200000FEE673A09AEAF1385DA3AA43F347712173
:1020100025BCCDDB96C67D36B0D8B85F3B887D4504
:10202000BDC52A5CD82B260A6F65D0B63922CD9261
:1020300081757707FFC2CBB2F30BAB14FE10047FA0
:10204000D39238CB04CE496308F4FB6DAE86F432EC
:1020500076B2ACEDBED65D9DC63203B60096C33EE9
:10206000A7E66EBD2E77E349006F56D6A3D48B4A00
:10207000775E40D4F4FA95D6DD9A5C8759BCEAE4E1
:10208000C4A1E8BCCF106D07ED77E468B0EE00B6F0
:10209000649C389AE37C1703F88A2209FB73511B6E
:1020A000FDF8BD0558ECE8635A7CE92643E3D89D6A
:1020B00018CE5B54A3D1FDEA06F0D78B138E47945C
:1020C0005C935BCFDD040765EB0A041FB599FA6FDB
:1020D000222E5AC64F727B53C9612AA17B54A4E1B8
:1020E00004BAA3840375A4254E5F513AA7C3F7ED44
:1020F0008A12B1BE8CBC91D5B7017CB95D010DA629
:10210000CB614D2008950A51095137C327890B0827
:10211000C4C5A46C2A6F6B37706F8716E0FFC3D7F6
:1021200004ED92B9D384D6E226AF37F1B7ECCC12E6
:10213000ED9508D643F78F256DB81BE5CB05152F18
:10214000F5745841A00E1535D8F878F7BB2D1860F6
:1021500079FC650ADFB44DC1786756D72DCE74443B
:102160006D7CFB71DCBB121740C756E6393207FCA9
:10217000CD94F881F96E536B44841C350D56F8BC30
:102180003000E1C81E307793F110D18A4BCAA27596
:10219000F18D0AB089772D6C120CBDB9477E804D48
:1021A000D6A80E4F7B97A91FBA185C08E741F757CE
:1021B0001BF44689CC65886A43939F3297C9F550D2
:1021C000E81D5F5F2DBE410A6BF323A56B52108E95
:1021D0004EE5010531C1211E281C770489D8E2850E
:1021E000CDF02F0255DEEDF97F204AA3ECE8EC6636
:1021F0007C7690267BCDE64DDB22AD8282A21FC38A
:102200007BC2A7BCB01339894DED257A1FB9B379CC
:10221000DACB6B7C78A237DAE5ED3ABE9CC8419AFE
:10222000C3FF934E2BD6915E2A1FA40FC922947927
:1022300072B2C34871DF0884EF721A4FE1E34ACCEF
:1022400097EA33DB99FDA5FB5DB4C5B056D3DB68D7
:10225000DC69A8783C58879C1AE5B5003D0501ACBF
:102260000DC04A20D0037B6DDD86BF7E9C5F7B1650
:10227000911EA2B3096F3F4BBC6421D3CC0117B9A7
:10228000CA6BC2DB6879AD945EE65C61E9314CAB48
:102290005454A1BCA937AF149EC503CD650F0834B3
:1022A000DCC189750848B87FA01E9F851497C1734B
:1022B0005E7EF9A6159D55315528BC92DD6FBEFD99
:1022C00078D7FD84727AA8C79FB0E5C893C2B5AA33
:1022D000FD1179A8E6744F925A8250E8C9A27F7026
:1022E00049137A55A7F89846D5A693C8F8FB5D031D
:1022F0009E4C359AED42008E2A57BF5B3BCA99AA85
:102300008FA222620971517F8C970033922BCE9756
:102310008E30D6F389A0E842D633B26C9444B78E9F
:1023200034019007089F2E2A06D3A315083C2437B2
:10233000EB98252045903390DFC3A1925D8F74B553
:10234000AAE220986BD4E4C24120CCB3C7A03404E5
:10235000E67C4F9D0B232BE587F62C48422D88C940
:102360001E6BCA3E63BAB70B6EDFA074433EEE4DE0
:102370003BD061251FC853AE7085A737EFA0D0FCB6
:1023800091BE15260BD6516474F5698285450A8481
:10239000112732A1414743C33CD5D379D072526A49
:1023A00079058159F5E5A83E3673F1310DC26C8887
:1023B0008953EA614BE8FA591CC6840F216A8328C5
:1023C00063606B92B7188E7F299ABD3FA58D8AD422
:1023D00080A4D5A5AEA867BB457460D75415ACDF03
:1023E000EC07C3D4589DC3AFEF96FD0FF07E1C5988
:1023F000F6D7D4A69FAC25A7F02DAFBABD9E9B1DE6
:10240000FEE673A09AEAF932A2BCBA57F3477121EB
:102410002DB632C469D982294FC74740C497825A22
:102420003BC42A5CD82BB01F907A5EBDCE3F328D64
:102430007E6A7B0C92C94DB3F70AAB14FE10047F81
:10244000D793B2C110DB456808F41466DB9376328B
:1024500076B2A4E741C9CB88C63203B682963C2146
:1024600058F991A2D1681C56FF70C8C9A3D48B4AF1
:10247000775E58CA07EEECC82285409855B7F2FA45
:102480003BBEE0B6CF10610C02646E62B0EE00B6E7
:10249000649C30901068F00207955F16F379511B29
:1024A00063E7C01A58ECE8635A7CF932BCFC278217
:1024B000E7D1A44B5CCE77E006F0D78B918EA89F36
:1024C000BF93A4D0CD100765EB0A960B2B86786FCF
:1024D0002E25A5D9B06D844C436B2AA17B54A4E171
:1024E0009AA5DE9B91615B3AB1405D31B3D608F2AB
:1024F0008619B1BE8CBC91D53D0B64A7A21E15B840
:10250000C36B4D2008950A518B5137C3AD8303022D
:10251000C4C5A46C2A6F6B37F26F8716F8E13CC80C
:10252000FBF26DA6C390D6E226AF37F1A3F9D00D2A
:10253000E59F04DDBCE8F23AEFB8E4FAB61A112ED2
:10254000F5745841A00E1535D8F878F7BB2D1860F2
:1025500079FCEB015DB42CC1F66C56D72DCE7444DA
:10256000EB7D7D70DCBB1217CECCA9F9C62DF8E34C
:10257000C19FF881F96E536BC6849E350D56F8BC29
:10258000BE0B1ED7632F7B980E0FA8944FCBA2755E
:10259000F18D0AB089772D6C120CBDB9C17FE14D68
:1025A000D6A812507B97A91FBA18D203185E0C49FF
:1025B000E0E2CC83CC6506615B8D933997C97B5B88
:1025C000070EDD5F2DBE410AE9F3C4AC6B52869B5A
:1025D000B1FA151025D4DE01550398178DD9E2857F
:1025E000CDF02F0251DF02EA0E344AA362E3EC661B
:1025F0007C7690267BCDFA5228362F8265A30BD6A7
:102600007BC2A7BCB01339894DED316FE0A6486796
:102610005CCAED7D05BDC8C51EF33ABE02D7BE85B6
:10262000C7FE1944B5C96E41D5005F113E3F6F67C3
:102630008DAD3C57F7DE7D9165781A4FE1E34ACCCA
:1026400097EA2FC499FDA5FBDBB547B056D3DB68ED
:10265000DC69A8783C58019D02FB4A1F401A93B8D8
:10266000F2DFB53F2F1C6B79CD9240610E4B7B168C
:10267000131EAEB89F7AA555437BBBCD5A141FB32A
:10268000B7745CC46879AD945EE65C616B3131B45B
:10269000A740BDA3A937AF149EC503CD650F08346D
:1026A000DCC189750848AC6A5F01F28EEB883E6C2C
:1026B000A161E9B2119CAA2EAE36BC92DD6FBEFDBF
:1026C00078D7FD84727AA8C79FB06BC36CDDA1BFB9
:1026D000FD1179A8E674DD863F83ABF65FB77F70A6
:1026E00049137A5525F8F54D3AB578C27AFB5D0362
:1026F0009E4CB79A775CFB90BC42404423D41BAA03
:102700008FA23A7CF66ED77E8C970033922BCE97B1
:102710008E30D6F389A0F856292CA2789444B78E2F
:1027200020146F18089F573402D2A315083CA23614
:102730009687DA3FBA8FCC8F24DDA5935D8F74B571
:10274000A6E9DF8712CAE4C24120CCB355B4590FC1
:10275000116947970B232BE587F62C48422D88C932
:102760001E6BDE2B9CA5BB00E8DE5769BC21F6532F
:1027700042CE793B1FC853AE7085BB2810BF2FE3F4
:102780006EA1EA39F4C9A67974F569828545949BEE
:10279000EE38B0A14147C1C3AAC03C72D0722B7CB5
:1027A000100F0359F5E5A83E3673F1310DC274964A
:1027B000FC46937FB4F7054604D88804DE75973D40
:1027C00063606B92BF127160D68542205A9275CBBE
:1027D0007FBB2ABA2CA867BB457478C9AB0AA4D5BD
:1027E000EC07C3D4589D59B10C9612040F61E3460F
:1027F00001CA23BBEEB8D2BA0730C2B1BD9E74166F
:1028000060F9FDAB9AEAF1385DA3AA43F347712161
:1028100025BCCDDB96C67D36B0D8B85F3B887D45FC
:10282000BDC52A5CD82B260A6F6556B7CE3F328DC0
:102830007E6A6B186DD649B2E31FB70B010FFB60C0
:10284000288C4DDEEFC4AA63E3FE8E78DB937632EC
:1028500076B2ACEDBED65D9DC63203B60096C33EE1
:10286000A7E66EBD2E77E369006F56D6A3D48B4AD8
:10287000775E40D4F8F1E8C92285409855B7EAE47C
:10288000C4A1E8BCCF10610C80646668B8E408BCE1
:10289000649C389AEF770B1C07955F16F379511BF0
:1028A000FDF8BD0558ECE8635A7CE92643E3D89D62
:1028B00018965B34A3D1FDEA06F0D78B138E5780B0
:1028C000A38CA4D0CD100765EB0A041FB599FA6F4D
:1028D0002E25A5D9B06D844C436B2AA17B54A4E16D
:1028E00004BA218417605B3AB1405D31A7C3F7EDAC
:1028F0008A12B1BE8CBC91D5B7017CB95D610D4E19
:10290000CB394D2008950A51055AC8DCB996030207
:10291000C4C5A46C2A6F6B37706F8716F8E13CC88A
:10292000FBF26DA6C390D6E226AF37F1B7ECCC121E
:10293000ED9504DDBCE8F23AEBB91BE5CB05152FAC
:10294000F5745841A00E156DD8107817BBC5180046
:1029500079DC6D0020ABB2DEF26D56D72DCE74441B
:102960006D7CFB71DCBB1217CECCA9F9C62DF8E348
:10297000C19FF881F96E536B44841C350D56F8BC29
:10298000BE0B1ED7632FF593F110D18A4BCAA25507
:10299000F1ED0A5889972D8C12E4BD21475E9853BA
:1029A00029B71E5B7B97A91FBA185C08E741F3564D
:1029B000ECE9CC83CC6506615B8D933997C97B5B71
:1029C000070EDD5F2DBE410A6BF323A56B52869B7C
:1029D000B1FA151031C1211E281C77248940E26DFF
:1029E000CD102FEA558EEDF9732BB5BCF0F7EC66E0
:1029F0007C7690267BCDE64DD729D09D7DBD0BD62C
:102A00007BC2A7BCB01339894DED316FE0A6486792
:102A10005CCA6B7C78A237DAE5ED3EBF02D7BE8593
:102A2000C7FE934E2BD6915E2A1FA45FC9CA941984
:102A300072B2C348EBC1F79B65781A4FE1E34ACC09
:102A400097EA3BD166E25AE449A147B056D3DB6826
:102A5000DC69A8783C58019D02FB4A1F401A87ADEB
:102A60000DC04A20D0037B6DCD9240610E4B7B168A
:102A7000911EA2B3096F3F4BBC0421F3CC0113B8E4
:102A800035745CC46879AD945EE65C616B3131B4D9
:102A9000AB4BB1A8A937AF14F7CFECDE9212FF29E8
:102AA000A5DF7E68FF55DD7EB40B649B1497C17370
:102AB0005E7EF9A6119CAA2EAE36BC92DD6FBEFDDD
:102AC00078D7FD84722AA8C79FB06BC36CDDA1BF05
:102AD000FD1179A8E6744F924A96AFF75FB77B7104
:102AE000BA07074ADAE70A52C5AA87DD85E4A21CBD
:102AF000615348858843008E5349B7513BCA99AA10
:102B00008FA2B87CF66ED77E8C970033922BCE972F
:102B10008E30D6F389A0F856292CA2789444B78E2B
:102B20003401900796805335F1C65C0AF7235D297E
:102B30006998252045903390DBC25A8CA2908BAACD
:102B400059F62098EDD51BDDB63D4ABAC7A0A211B3
:102B5000196347970B232BE587F62C48422D88C92C
:102B60001E6BDE2B9CA5BB006EDFA074433E684C41
:102B700042C60424E0D7ACB18F9A44378AA1BDF78E
:102B800066ABE233BDC3CF737CFFE7891F5B6B8409
:102B900011274FBEBE583EDC30DEC36D2F6DDC61A9
:102BA00079058159F5E5A83E3673F1310DC2749669
:102BB000764C606B4BE8FA591CC6800EA36A6822FB
:102BC0009C7F948DA70CF769D68542205A92FFC14D
:102BD00080A457A524A267BB4574FAC9BF1F5BCA6E
:102BE00013183CCBA782A2AF1089ED1BF07E1C59B5
:102BF000F6D7D4A69FAC25A7F02D3DAE42818B0918
:102C0000FEE673A01CE30E27A2BC555C6D58792B21
:102C100025BCCDDB96C67D36B0D8A84BC497825A6A
:102C200042DA4757D82B260A6F6552B65421CD9207
:102C300081759407E3DDC3B8F70AAB14FE10047F77
:102C4000D793B2C110DB557CF7EB0472DB93723380
:102C50000BAD53F241C9C783C23303B60096C33EDE
:102C6000A7E66EBD2E77F35DFF70A9C95CCB7455E6
:102C7000024BC2D4F8F1E8C9A085D68DAAA815FBED
:102C80003BBE62B6CF10610C02646E62B0EE00B65D
:102C9000649C389AEF770B1C0795A80B0C66AE0462
:102CA00063E73F0558ECE8635A7CE92643E3D89D87
:102CB00018CE4B405CCE02F59CEE2894EC912E9EF3
:102CC000258DA4D0CD100765F314FB004A868770CC
:102CD000AC25A5D9B06D844C436B2AA17B54A4E1EB
:102CE00004BA21849D6AA4254E5FA22E21CAF7ED65
:102CF000081256B78CBC91D5B7017CB95D011DB2E5
:102D0000347EB23F8A959C44FA4537C3C4890F0983
:102D1000C4C5A46CA86F77288F707809E8F53CC803
:102D2000FBF26DA6C390D6E226AF37F1B7ECCC121A
:102D3000168BFBC243F7E22EEBB91BE5511BEA30C1
:102D40008C6A5C40A00E1535D8F868E34432E77F02
:102D500079FC6D00AEA04DC10D72A9C83DDA744476
:102D60006D7CF37B23A4ED0831D3ADF8C62DF8E3D9
:102D7000C19FF881F96E536B44849A3CF24907A3D2
:102D800020149CD7632FF5936F0F2E95B4D5DF6A6F
:102D9000F9870AB089773D78ED1342A6477E9853AC
:102DA00029B706458488560045075C08E741F35675
:102DB000F4F7339C337A886A5B8D933997C97B5BD0
:102DC000070EDD5F2DBED31E94ECDCBAF946869B60
:102DD000B1FA1510B7C0BB00D703881B76C70D9694
:102DE000CDF03F16AAC112E6732BB1BD89E9137964
:102DF00083696F39E9D9E64DD729D09D71B6F4C9F9
:102E000084DDDEA2B01339894DED316FE0A648674D
:102E10005CCA906287BDC8C56FE73EBF02D7BE855A
:102E2000C7FE114E3FC36E41D5005B10BC37066D27
:102E30008DAD3C57E3CB8A849A67E5507FFC46C74B
:102E400097EA3BD166E25AE4CBA1B8AFA9CC24778C
:102E5000D868A8783C58019D02FB4A1F401A78B2F6
:102E6000F2DFB53FD0037B6DCD9240610E4B7B16F8
:102E7000911E2CB8F670C054437BDECC331EECA7F9
:102E8000CA6BA3DB9766378AD8E75C616B3131B4D4
:102E9000AB4BB1A8A937B70A61DAFCD26D0508348B
:102EA000DCC189750848AC6A5B001984EB88DD6C6D
:102EB0005E7EF9A6119CAA2EAE36BC92DD6FBEFDD9
:102EC00070DD639B8D6557D860AF94DC93C25EA0C4
:102ED0006B04FBA8E6744F924A96AFF75FB77F701A
:102EE0004913EC40DAE70A52B0BF78C27AFB5D03BF
:102EF0009E4CB79A7F56008ED943A7453BCA99AAE4
:102F00008FA2B87CF66ED77E8C970033922B4C97AD
:102F1000142E29EC76BF0749D6332C739444B78E10
:102F2000340190079680D13502D2A315083CB22215
:102F300069982520AA9BCC8F24DDA5935D8F74B55D
:102F4000AEE32098EDD5FCDC4120CCB3C7A0A211A4
:102F5000196347970B232BE587F620433F3277D63B
:102F6000E174213463BAC21E6ADEA074433E684C29
:102F7000C4CF793B1FC853AE7085AB3CEFA0D0FCEB
:102F80007EB5EA39F4C9A67974F5698281446B8407
:102F900011274BBF414743C33CD5C36D2F6DDC6147
:102FA00079058159E1F05721C96C0E2EF2DD8B892C
:102FB00089539F7436F7F2531CC68C05DE75973D16
:102FC00063606B92BF12E775299ABD3FD09875CBAD
:102FD0007FBB2ABA2CA867BB457487D654155BCA39
:102FE000EC07C3D4589DD3BB1089ED1BF47F654714
:102FF00009C82BB960B339B80F32C2B1DC9E741660
:1030000001F98CBF75F9F1385DA3AA43F34771212B
:1030100025BCD5C569D98229B8D2B85F3B887D4522
:10302000BDC52A5CD82B3A15907AA9A84435328DB3
:103030007E6A6B186DD6CBB28A15540B010F9A605D
:103040005D99A2D5EFC4AA63F3EA9E6C248C892D06
:1030500089ADD9F83CD65D9DC63203B682963C2137
:1030600058F991A22A76E349006F56D6A3D48B4A29
:10307000775ED2C007EE17D6B091409855B7EAE414
:103080004EAB17A3300F9E13987AE863B0EE10A2F0
:103090009B83C785EF770B1C1380A0090C66AE04D9
:1030A00084E6BD0558ECE86356771639BCFC4283CC
:1030B00018CE5B54A3D1FDEA06F0D78B138ED189CD
:1030C0005C935BCFB00F8565EB0A041F238C057002
:1030D000D13A33CC326D844C436B3AB5844B5BFEB2
:1030E00004BA21841760CD2F4E5FA22E39DCF7ED94
:1030F0008A12B1BE7BA16ECA481EF2B25D010DA656
:10310000CB614D2008950A51055AC8DCA589FC1DE4
:103110003BDAB4782A6F6B37F66E9303F4EA3CC857
:10312000FBF26DA6C390C6F6D9B0C8EEB7EC4E124E
:103130001E81FBC243F76C256DB81BE5CB059F25AF
:103140000A6BA75E5F111134D8F878F7BB2D1860B1
:1031500079FC6D0020ABB2DE7867A9C8D2D18B5B59
:10316000EB75FB71DCBB1217CECCA9F9C62DF8E3C9
:10317000C19FE8950671AC74C285652BF24907A31F
:10318000A6159CD7632FF59373102A94B4D55D6A66
:10319000E1990AB089772D6C120CBDB9477E98531E
:1031A00029B71E5B7B97B1014507A3179A5E71563D
:1031B000ECE9CC83CC6506615B8D933997C96B4F85
:1031C000F811224050A1BE1594ECB1B16B52869B10
:1031D000B1FA1510C6DCDE01D703E91B0BD8E28576
:1031E000CDF02F0255DEEDF9732BB5BCF0F7EC6690
:1031F0007C769427E5D219522836A983FBB40BD6E6
:103200007BC2A7BCB01339894DED217B1FB9B778BC
:10321000A3D5F563F2A837DAE5ED3EBF80D7CB90B2
:1032200038E16C51D4C91B542A1FA40FC9229479C8
:1032300072B2C348EBC1F79B65781A4FE1E34ACC01
:1032400011E3C4CE99FDA5FB34BE4FBA56D3DB685B
:10325000DC69A8783C581189FDE4B500DA0401ACBA
:103260000DC04A20D0037F6CB48CBF7EF15484091A
:103270001F15A2B3096F3F4BBC6421D3CC0113B817
:1032800035745CC46879AD945EE65C616B313DBFBA
:1032900035544EB75628500B69D885C4650F08348D
:1032A000DCC10F7410563E7EDD01E69B1497C5729B
:1032B000AD6A06B9EE8355315129AC86DD6FBEFD8E
:1032C00078D7FD84727AA8C79FB06BC36CDDA1BFAD
:1032D000FD1179A8E6744F924A96AFF7D9BEE16F17
:1032E000B60C854ADAE70A52C1AB09D69DF2BA0A92
:1032F000184550939055929A5F424044C4D566B5A4
:1033000070BD2663FA65D77E8C970033922BCE97DB
:103310008E30D6F389A0F856292CA2789444B78E23
:10332000340190079680D13502D221151C295D29E0
:103330006998252045903390DBC25A8CA2908BAAC5
:1033400059F62098EDD51BDDBE3F33ACDFBE241807
:10335000196347970B232BE587F62C48422D88C924
:103360001E6BDE2B9CA5BB006EDFA074433E684C39
:10337000C4CF793B1FC853AE7085BF2904AAB1FCE6
:1033800091BE15260BD659668BEA969D7A5A6B84A8
:1033900011274FBED7524BC93CD5C36D2F6DDC6191
:1033A00079058159F5E5A83E3673F1310DC274B641
:1033B000764C606B4BE8FA591CC68C05DE75973D60
:1033C00063606B92BF127160D6854220D09865DF32
:1033D00067A532A4B6B67FA55D6AEADDA70126D54A
:1033E000EC07C3D4589DD3BB1089ED1BF07E1C594C
:1033F000F6D7D4A69FAC25A7F0753DCE42818B09A8
:10340000FEE673A09AEAF1385DA3AA43F34771215F
:1034100025BCCDDB96C67D36B0D8B85F3B887D45F0
:10342000BDC52A5CD82B260A6F6556B7CE3F328DB4
:103430007E6A6B186DD6C3B8F70AAB14FE10047F12
:10344000D793B2C110BB5594F7B30472DB937632B5
:1034500076B2ACEDBED65D9DC63203B60096C33ED5
:10346000A7E66EBD2E77E349006F56D6A3D48B4AEC
:10347000775E40D4F8F1E8C92285409855B7EAE470
:10348000C4A1E8BCCF10610C02646E62B0EE00EE25
:103490006474387AEF9F0B7C07B55F16F379511B84
:1034A000FDF8BD0558ECE8635A7CE92643E3D89D56
:1034B00018CE5B54A3D1FDEA06F0D78B138E57804C
:1034C000A38CA4D0CD100765EB0A041FB599FA6F41
:1034D0002E25A5D9B06D846C430B2A497BB4A40179
:1034E0000452211C17405B3AB1405D31A7C3F7ED90
:1034F0008A12B1BE8CBC91D5B7017CB95D010DA615
:10350000CB614D2008950A51055AC8DCB9960302D3
:10351000C4C5A46C2A6F6B37706F8716F8E13CC87E
:10352000FBF26D86C308D60A264F3719B7BCCC12FA
:10353000ED9504DDBCE8F23AEBB91BE5CB05152FA0
:10354000F5745841A00E1535D8F878F7BB2D1860E2
:1035500079FC6D0020ABB2DEF26D56D72DCE7444EF
:103560006D7CFB71DCBB1217CECCA9F9C62DF8E33C
:10357000C19FF8D1F986530B44841C350D56F8BC15
:10358000BE0B1ED7632FF593F110D18A4BCAA275DB
:10359000F18D0AB089772D6C120CBDB9477E985316
:1035A00029B71E5B7B97A91FBA185C08E741F35641
:1035B000ECE9CC83CC6506615B8D933997C97B5B65
:1035C000076EDD7F2DBE410A6BF323A56B52869BF0
:1035D000B1FA151031C1211E281C770489D8E28563
:1035E000CDF02F0255DEEDF9732BB5BCF0F7EC668C
:1035F0007C7690267BCDE64DD729D09D7DBD0BD620
:103600007BC2A7BCB01339894DED316FE0F6486736
:103610005CCA6B7C78A237DAE5ED3EBF02D7BE8587
:10362000C7FE154FC4C57E4DC50C4B1C26317B6AA9
:103630009DA12C5B04D218888A6BF55C0EF0A5DF87
:1036400078F9D4C289F1B5F7A6B22ABB52D2DB68A9
:10365000DC69A8783C58019D02FB4A1F401A87ADDF
:103660000DC04A20D0037B6DCD9240611A5E840963
:103670006E015DACF670C054437BDECC331EECA70C
:10368000CA6BA3DB9766528BA1F9A37E942ECEABB7
:1036900054544EB75628500B61DA0FC6650F0834E4
:1036A000DCC189750848AC6A5F01E69B1497C17359
:1036B0005E7EF9A6119CA62551292E86D56530F689
:1036C00087C8E59A7A70A0CD97BA63C964D7A9B5BF
:1036D000F51B71A2EE7E4798429CA7FD57BD777AF5
:1036E0004119765EBBE788523EB478C27AFB5D032F
:1036F0009E4CB79A775CFF91265CBF5B3BCA99AA48
:103700008FA2A062EA71D77E8C9700338A35358903
:103710008E30D6F389A0F856292CA2789444B78E1F
:10372000340190079680D13502D2A315083CA23609
:103730001C8D25203085CC8F24DDA5935D8F74B53D
:10374000A6E9DF8712CAE4C24120CCB3C7A0BA0FF2
:10375000017D47970B232BE51DE8B257422D88C901
:103760001E6BDE2B9CA5BB006EDFA074433E684C35
:10377000C4CF793B1FC853AE7085BB2818B5D0FCA9
:10378000E0AAEA39F4C9A67974F569828545949B63
:10379000EE38B0A1414743C33CD5DB733773DC61DE
:1037A000710F724D0AFAA4353673F1310DC2749659
:1037B000764C606B4BE8FA591CC68C05DE75973D5C
:1037C00063606B92BF127160C290BD3FDC9375CB9A
:1037D0007FBB2ABA2CA867BB457478C9AB0AA4D5AD
:1037E000EC07C3D4589DCBA50897E1100F61E346C1
:1037F0008BC823BB68B1D2BA0730CAB3B59C7C145E
:1038000009FB84BD6DF70625AABE5D5E045A863CA1
:10381000D2A1B0C469D96923B0D8B85F3B887D45CF
:10382000BDC52A5CD82B260A6F6556B7CE3F328DB0
:103830007E6A730675C8C7B96915540B010FFB6022
:10384000288C4DDEEFC4AA6308F4FB6D248C892D0F
:1038500089AD53F241C9A282392DFCA9FF893C21CF
:10386000B7F26EBD2E77E349006F56D6A3D48B4ACC
:10387000775E40D4F8F1E8C92285409855B7F2FA4E
:10388000DCBFE8BCCF10610C02646E62B0EE00B623
:10389000649C389AEF770B1C07955F16F379511BE0
:1038A000FDF8BD0558ECE8634262163943E3D89D44
:1038B00018CE5B54A3D1FDEA06F0D78B138E578048
:1038C000A38CA4D0CD100765EB0A1C01AD87FA6F5D
:1038D0002E25A5D9B06D844C436B2AA17B54A4E15D
:1038E00004BA218417605B3AB1405D31A7C3F7ED9C
:1038F0008A12B1BE94A26ECAB7017CB95D010DA651
:10390000CB614D2008950A51055AC8DCB9960302CF
:10391000C4C5A46C2A6F732968718716F8E13CC886
:103920007DF38AAF249931EBC1A6D0F850E52B1B6B
:103930000A9CE3D45BE115330CB099E5CB05152F58
:10394000ED6AA75EA00E1535D8F878F7BB2D186084
:1039500079FC6D0020ABB2DEF26D56D72DCE7444EB
:103960006D7CE36FC4A51217CECCADF8393207FCDD
:103970003E80079E0671AC74BB9BE32AF24907A305
:103980004114E1C89C30E587F110D18A53D45D6AB7
:10399000F18D0AB089772D6C120CBDB9477E985312
:1039A00029B71E5B7B97A91FBA185C08E741EB4853
:1039B000F4F7CC83CC650661DD8C9B339FC37351D8
:1039C0000F04D55525B4490063F92BAF63588E9188
:1039D000B9F0971031C1211E3002881B89D8E285C9
:1039E000CDF02F0255DEEDF9732BB5BCF0F7EC6688
:1039F0007C7690267BCDE64DD729C88365A30BD670
:103A00007BC2A7BCB01339894DED316FE0A6486782
:103A10005CCA6B7C78A237DAE5ED3EBF02D7BE8583
:103A2000C7FE934E33C86E412A1FA40FC922947952
:103A300072B2C348EBC1F79B65781A4FE1E34ACCF9
:103A400097EA3BD166E242FA51BF47B056D3DB68F2
:103A5000DC69A8783C58019D02FB4A1F401A87ADDB
:103A60000DC04A20D0037B6DCD9240610E4B7B167A
:103A700089005DAC096F3F4BBC6421D3CC0113B806
:103A800035745CC46879AD945EE65C616B3131B4C9
:103A9000AB4BA9B6B129AF149EC503CD711AFF294E
:103AA0002BDC7E68FF555B77A81C1186E38A366E97
:103AB000A9630EBBE681A224AE36BC92C57141E279
:103AC00078D7FD84727AA8C79FB06BC36CDDA1BFA5
:103AD000FD1179A8E6744F924A96AFF75FB7676E0B
:103AE000510D7A5525F8774D26AA87DD85E4A21C6D
:103AF000615348858843008ED9434044C4D566B598
:103B000070BD3677F66ED77E9489FF2C922BCE97B8
:103B10008E30D6F389A0F856292CA2789444B78E1B
:103B2000340190079680D13502D2BB0B1022A23609
:103B30009687DA3FBA8FCC8F24DDA5935D8F74B55D
:103B4000A6E9DF8712CAE4C24120CCB3C7A0A21104
:103B500019634797133DD4FA87F62C48422D88C93C
:103B60001E6BDE2B9CA5BB006EDFA074433E684C31
:103B7000C4CF793B1FC84BB0689BBB2810BF2FE355
:103B80006EA1EA39F4C9A67974F569828545949BDA
:103B9000EE38B0A1414743C33CD5C36D2F6DDC6106
:103BA000611B7E46F5E5A83E3673F1310DC2749671
:103BB000764C606B4BE8FA591CC68C05DE75973D58
:103BC0006360738CA70C7160D685422056999AD891
:103BD00090A8C5A9C3BB88A8AA6797DA44194BC6A1
:103BE00003142CC7B78ED7BA1089ED1BE860E346E3
:103BF000F6D7D4A69FAC25A7F02D3DAE42818B0908
:103C0000FEE673A09AEAF1385DA3AA43F347693F41
:103C10003DA2CDDB96C6FF364FC74740C497825AB8
:103C200042DAD5432734D915907AA9A83120CD920C
:103C30008175F90C6DD6C3B8EF14540BFE10047FD8
:103C4000D793B2C110DB557CF7EB0472DB9376326D
:103C500076B2ACEDBED65D9DC6321BA81888C33EB9
:103C6000A7E66EBD2A76EB4308655EDCABDE8340DB
:103C70007F5448DEF0FBE0C32A8F48925DBDEAE442
:103C8000C4A1E8BCD70E9E1302646E62B0EE00B60B
:103C9000649C389AEF770B1C07955F16F379511BDC
:103CA000FDF8BD0558ECF07D4262E92643E3D89D5E
:103CB00018CE5B54A3D1FDEA06F0D78B138E578044
:103CC000A38CA4D0CD100765EB0A041FB599FA6F39
:103CD000363B5AC6B06D844C436B2AA17B54A4E199
:103CE00004BA218417605B3AB1405D31A7C3F7ED98
:103CF0008A12A9A094A291D5B7017CB95D010DA645
:103D0000CB614D2008950A51055AC8DCB9960302CB
:103D1000C4C5A46C2A6F6B37706F8716E0FFC3D7DA
:103D2000FBF26DA6C390D6E226AF37F1B7ECCC120A
:103D3000ED9504DDBCE8F23AEBB91BE5CB050D319E
:103D4000ED6A5841A00E1535D8F8FEF64C30146BCC
:103D500079FC6D0020ABB2DEF26DDCDDDAD3F2452A
:103D60006D7CFB71DCBB1217D6D256E6C62DF8E38C
:103D7000C19FF881F96E536B44841C350D56F8BC15
:103D8000BE0B1ED7632FF593F110C994B0D42075E4
:103D9000F18D0AB00F765073ED1342A64B75985310
:103DA00029B71E5B779C5600450721176140F356E3
:103DB000ECE9CC83567BF97E5B8D933997C97B5BAD
:103DC000070EDD5F2DBE410A6BF323A56B52869B68
:103DD000B1FA151031C1310AD7030E1A0BD8648419
:103DE000B0EFD01DC3CB73E68C34B9B7F0F7E06DFC
:103DF00083696F3963D31952AA36569C7DBD1FC3A0
:103E000084DDBFA2B01339894DED316FE0A648675C
:103E10005CCA6B7C78A237DAE5ED3EBF02D7BE857F
:103E2000C7FE934E3FC36E415301D910363D806C9F
:103E300072B2454975DE0884966CE5501EFC46C793
:103E400097EA2FC499FD27FB38B5B8AFCCCD596898
:103E5000DC69A8783C58019D02FB4A1F401A87ADD7
:103E60000DC04A20D0037B6DCD9240610E4B7B1676
:103E7000911EB6A6F670C054A87121D3CC0113B818
:103E8000B375C2DB9766528B52ED5C616B3131B416
:103E9000BF5E4EB75628350A1CC503CD650F0834E2
:103EA000DCC189750848AC6A5F01E69B1497C17351
:103EB0005E7EF9A6119CAA2EAE36BC92DD6FBEFDC9
:103EC00068C3ED90727AA8C79FB06BC36CDD27BE44
:103ED000E50FF3A2E6744F924A96AFF75FB76F64AF
:103EE000DF06F85525F8F54D3AB578C27AFB5D0343
:103EF0009E4CB79A775CFFB1265CBF5B3BCA99AA20
:103F00008FA2B87CF66ED77E8C970033922BCE971B
:103F10008E30D6F389A0F856292CA2789444B78E17
:103F2000340190079680D13502D2A315083CA23601
:103F30009687DA3FBA8FCC8F24DDA5935D8F74B559
:103F4000A6B1DFE712CAE4C24120CCB3C7A0A211D8
:103F5000196347970B232BE587F62C48422D88C918
:103F60001E6BDE2B9CA5BB006EDFA074433E684C2D
:103F7000C4CF793B1FC853AE7085BB2810BF2FE359
:103F80006EA1EA39F4C9A67974F56982852594731E
:103F9000EE60B0A1414743C33CD5C36D2F6DDC61DA
:103FA00079058159F5E5A83E3673F1310DC2749655
:103FB000764C606B4BE8FA591CC68C05DE75973D54
:103FC00063606B92BF127160D68542205A9275CBA6
:103FD0007FBB2ABA2CA867E3459C7829ABE2A4B53D
:103FE000EC27C3D4589DD3BB1089ED1BF07E1C5920
:103FF000F6D7D4A69FAC25A7F02D3DAE42818B0904
:10400000FEE673A09AEAF1385DA3AA43F347712153
:1040100025BCCDDB96C67D36B0D8B85F3B887D65C4
:10402000BDA52AB4D8CB26EA6F8D562FCE1F328D70
:104030007E6A6B186DD6C3B8F70AAB14FE10047F06
:10404000D793B2C110DB557CF7EB0472DB93763269
:1040500076B2ACEDBED65D9DC63203B60096C33EC9
:10406000A7E66EBD2E77E349006F56F6A34C8BA2F0
:1040700077BE403CF8A1E8C92285409855B7EAE4EC
:10408000C4A1E8BCCF10610C02646E62B0EE00B651
:10409000649C389AEF770B1C07955F16F379511BD8
:1040A000FDF8BD0558ECE8635A7CE92643E3D89D4A
:1040B00018CE5B54A3D1FDEA06F0D7DB136657E0B8
:1040C000A38CA4D0CD100765EB0A041FB599FA6F35
:1040D0002E25A5D9B06D844C436B2AA17B54A4E155
:1040E00004BA218417605B3AB1405D31A7C3F7ED94
:1040F0008A12B1BE8CBC91D5B7017CB95D010DA609
:10410000CB614D2008950A51053AC8FCB9960302C7
:10411000C4C5A46C2A6F6B37706F8716F8E13CC872
:10412000FBF26DA6C390D6E226AF37F1B7ECCC1206
:10413000ED9504DDBCE8F23AEBB91BE5CB05152F94
:10414000F5745841A00E1535D8F878F7BB2D1860D6
:1041500079FC6D0020FBB2DEF26D56D72DCE744493
:10416000EB7D8A652BA6E50A39D15EE431300FFE7E
:1041700036820F9C0E73A476B399EB28FA4B0FA1ED
:104180004916E9CA9432028E060D2697BCD75568A7
:104190000690FDADF863AF6C120CBDB9477E985325
:1041A00029B71E5B7B97A91FBA18DA099A5E0C49DA
:1041B00076F7D49DD47B1E7F43938B278FD763459F
:1041C0001F10C54135A0591473ED3BBB734C9E8540
:1041D000A9E40D0E29DF390030026F1A91C6FE9A4C
:1041E00032EFD41CD7DEEDF9732BB5BCF0F7EC66DB
:1041F0007C7690267BCD70584936569C7DBD0BD67B
:104200007BC2A7BCB01339894DED316FE0A648677A
:104210005CCA6B7C78A237DAE5ED3EBF02D7BE857B
:10422000C7FE934E2BD6915E2A1FA40FC5296B663D
:10423000FCB9C348EBC1F79B65781A4FE1E34ACC60
:1042400097EAA5CE7EFC5AE449A147B056D3DB6875
:10425000DC69A8783C58019D02FB4A1F401A87ADD3
:104260000DC04A20D0037B6DCD9240610E4B7B1672
:10427000911EA2B3096F3F4BBC64DECC5A1413B835
:1042800035745CC46879AD945EE65C616B31CEAB2D
:10429000B355B1A8A937AF149EC503CD650F083437
:1042A000DCC189750848A0612A149B84EB883E6CA8
:1042B000A5600AB21996AA2EAE36BC92DD6FBEFD7D
:1042C00078D7FD84727A57D887AE6BC36CDDA1BFF7
:1042D000FD1179A8E6744F924A9650E847A97F707D
:1042E00049137A5525F8F54D3AB578C27AFBDB02C9
:1042F000E75248858843008ED9434044C4D566B50B
:1043000070BD4F61F26FD77E8C970033922BCE97A2
:104310008E3029EC91BEF856292CA2789444B78EA1
:104320003401900796802E2A1ACCA315083CA23699
:104330009687DA3FBA8FCC8FA2DCD88CA2908BAA5A
:10434000BEF7558D94CBE0C3CB2AD8A638BF5D0EFF
:10435000647CC1960B232BE587F62C48422D77D63B
:104360000675DE2B9CA5BB006EDFA074433E684C37
:10437000C4CF862407D653AE7085BB2810BF2FE369
:104380006EA1EA39ECD759668BEA65898545949B1D
:10439000EE38B0A1414743C3BAD4DF72D072A17ED8
:1043A000FB058159F5E5A83E36730E2E15DC749693
:1043B000764C606B4BE8FA591CC68C05DE7568229A
:1043C0007B7E6B92BF127160D68542205A927DC16E
:1043D00080A4D5A53CBC67BB457478C9AB0AA4D5FD
:1043E000EC07C3D4589D55BA8E961204E06A1C5946
:1043F000F6D7D4A69FACDAB8E8333DAE42818B093C
:10440000FEE673A09AEAF1385DA3555CEB59712181
:1044100025BCCDDB96C67D36B0D82A4BC497E35A6F
:10442000BDC52A5CD82B260A6F6556B7CE3F328DA4
:104430007E6A6B18FFC23CA70C14AB14FE10047FFD
:10444000D7934DDE08C5557CF7EB0472DB937632CB
:1044500076B2ACEDBED6A282DE2C03B60096C33E89
:10446000A7E67EA9C1641857FF70C0C3A3D48B4AC6
:10447000775E40D4F8F1E8C92285409855B7EAE460
:10448000CCAB17A3300F610C02646E62B0EEFFA9D3
:104490007C82389AEF770B1C07955F16F379511BD6
:1044A000FDF8421A40F2E8635A7CE92643E346826B
:1044B000E7D1A44B5CCE02F57BEFC79F138E5780EC
:1044C000A38CA4D0CD100765EB0A041FBD93057023
:1044D000D13A23D8B06D844C436BD5BE634AA4E176
:1044E00004BA218417605B3AB1405D31A7C308F27A
:1044F000920CB1BE8CBC91D5B701F2B2A21EF2B93A
:10450000347EB23FF78A9845055AC8DCB996030253
:10451000C4C5A46C2A6F6B37FA65780907FE3CC8DE
:10452000FBF26DA6C39029FD3EB137F1B7ECCC127A
:10453000ED9504DDBCE8F23AEBB9E4FAD31B152F94
:10454000F5745841A00E1535C0E687E84432867FE1
:10455000F3F66D0020ABB2DEF26D56D72DCE74446B
:104560006D7CFB714AAEED0854D2A9F9C62DF8E373
:10457000C19F079EE170536B44841C350D56F8BCF7
:10458000BE0B1ED7632F0A8CE90ED18A4BCAA275C7
:10459000F18D0AB08D7631730A123FB9477E985378
:1045A00029B71E5B7B97A91FBA185C08E741FF5D1E
:1045B00013F6339CC06E06615B8D933997C98444B2
:1045C0001F10DD5F2DBE410A6BF323A56B52869B46
:1045D000B1FAEA0F29DF211E281C770489D8E28569
:1045E000CDF02F0255DEEDF9732BB5BCF0F7EC667C
:1045F0007C7690267BCD644D383A2F8282A29DC373
:104600007BC2A7BCB01339894DEDCE70F8B84867AE
:104610005CCA6B7C78A237DAE5ED3EBF02D7419ADF
:10462000DFE0934E2BD6915E2A1FA40FC922947906
:1046300072B2C348EBC1F79B65781A4F63E327C793
:1046400064FE46CE99FDA5FBDFB4C5B056D3DB684A
:10465000DC69A8783C58FE821AE54A1F401A87ADEB
:104660000DC04A20D0037B6DCD92BF7E16557B16C0
:10467000911EA2B3096F3F4BBC6421D3CC0113B888
:1046800035745CC46879AD944AF3A37E942ECEABA6
:1046900035543FA3A937AF149EC503CD650F083429
:1046A000DCC1766A1056AC6A5F01E69B1497C17351
:1046B0005E7EF9A6119C5531B628BC92DD6FBEFD19
:1046C00078D7FD84727AA8C79FB06BC36CDDA1BF99
:1046D000FD1179A860755B875A8225FD5FB77F70F1
:1046E00049137A5525F8F54D3AB578C27AFBA21CE4
:1046F0008652B79A775CFF91265CBF5B3BCA99AA4A
:104700008FA24763EE70D77E8C970033922BCE97A3
:104710008E30D6F389A0F856292CA2789444B78E0F
:10472000340190079680D13502D2A315083CA236F9
:104730009687DA3FBA8FCC8F24DD5A8C459174B5B9
:10474000A6E9DF8712CAE4C24120CCB3C7A05D0E40
:10475000017D47970B232BE587F62C48422D88C90E
:104760001E6BDE2B9CA5BB006EDFA074433E684C25
:10477000C4CF793B1FC853AE7085BB2810BF2FE351
:104780006EA1EA39F4C959666CEB69828545949B40
:10479000EE38B0A1414743C33CD53C723773DC616E
:1047A00079058159F5E5A83E3673F1310DC274964D
:1047B000764C606B4BE8FA591CC68C05DE75973D4C
:1047C00063606B92BF127160D68542205A9275CB9E
:1047D0007FBBD5A534B667BB457478C9AB0AA4D5F1
:1047E000EC07C3D4589D2CA4EB971A060763EB443F
:1047F00001CA23BB68B1D2BA0730CAB3B59C7C14D6
:1048000009FB84BD6DF70625AABE5D5E045A863C91
:10481000D2A13AC661DB8A2B47C54F424E9D825AD0
:10482000A5DB2A5CD82B260A6F6556B7CE3F328DA2
:104830007E6A940792C93CA70815540B010FFB60D0
:10484000288C4DDEEFC4AA6308F4FB6D248C892DFF
:1048500089AD53F241C9A282392DFCA9FF893C21BF
:1048600058F991A2D1681C56FF70A9C9BBCA8B4ADE
:10487000775E40D4F8F1E8C92285409855B715FB1A
:104880003BBEE0B6CF10610C02646E62B0EE00B6C3
:10489000649C389AEF770B1C07955F16F379511BD0
:1048A000FDF8BD0558ECE8635A7CE92643E3D89D42
:1048B00018CE5B54AFDA02F51EEED78B138E5780FD
:1048C000A38CA4D0CD100765EB0AFB00AD87FA6F6F
:1048D0002E25A5D9B06D844C436B2AA17B54A4E14D
:1048E00004BA218417605B3AB1405D31A7C3F7ED8C
:1048F0008A12B1BE8CBC91D5B701F6B3300A0DA6B1
:10490000CB61B23F108B0A51055AC8DCB99603023D
:10491000C4C5A46C2A6F942868718716F8E13CC856
:10492000FBF26DA6C390D6E226AF37F1B7ECCC12FE
:10493000ED9504DDBCE8F23AEBB91BE5CB05152F8C
:10494000F5745841A00E092A27E770FDBB2DE77FBB
:1049500061E26D0020ABB2DEF26D56D72DCE74440D
:104960006D7CE76EC4A51217CECCA9F9C62DF8E36D
:10497000C19FF881F96E536B44841C350D56F8BC09
:10498000BE0B1ED7632FF593F110D18A4BCAA275C7
:10499000F18D06BB9D62AF6C120C42A6536B98530F
:1049A00029B71E5B7B97A91FBA185C08E741E7434C
:1049B00013F6A1882B6CE168BC84743070C09C52E3
:1049C000E0073A56CAB7A6038CFAC4AC8C5B619276
:1049D00056F3F219D6C8C617CF15900D6ED1058CB7
:1049E0002AF9C80BA6CA12E67F20B5BCF0F7EC6620
:1049F0007C7690267BCDE64DD729529DE7A3F4C95E
:104A000084DD58A34F0CC696B2F2CE701FB9B778AA
:104A1000A3D5946387BDC8C51AF2C1A0FDC8419A49
:104A200038E16C51D4C96E41D5005B10363D6B66E0
:104A30008DADD75DEBC1F79B65781A4FE1E34AEC8A
:104A400097EA3BD166E25AE449A1CDBA46C7CB7C8E
:104A5000CC7DB86C2C4C118912EF5A0B500E97B9C3
:104A60001DD45A34C0176B79DD8650751E5F6B02FA
:104A7000810AB2A7197B2F5FAC7031C74A0013B807
:104A800035745CC46879AD945EBE5C016B3131B441
:104A9000AB4BB1A8A937AF149EC503CD650F083441
:104AA000DCC189750848AC6A5F01E69B1497C17345
:104AB0005E7EF9A6119CAA2EAE36BC92DD6FBEFDBD
:104AC00078D7FD84727AA8C79FB06BC36CDDA1BF95
:104AD000FD1179A8E6144F7A4ACEAFF75FB77F7021
:104AE00049137A5525F8F54D3AB578C27AFB5D033E
:104AF0009E4CB79A775CFF91265CBF5B3BCA99AA34
:104B00008FA2B87CF66ED77E8C970033922BCE970F
:104B10008E30D6F389A0F856292CA2789444B7D6C3
:104B200034E990E79668D15502F2A315083CA23605
:104B30009687DA3FBA8FCC8F24DDA5935D8F74B54D
:104B4000A6E9DF8712CAE4C24120CCB3C7A0A211F4
:104B5000196347970B232BE587F62C48422D88C90C
:104B60001E6BDE2B9CA5BB206EBFA09C43DE965324
:104B70003BD076D410275C417F6AB437EFA0D1FCDC
:104B800091BE15D9F429A699741569627A5A6B8475
:104B900091274FBEB157B3D3CCC5337DDF72237E8F
:104BA00006E581B9FA0AA7D1399C0E2EF2DD74769A
:104BB00076AC608B4B08FAB91C268C1A216A68DD2A
:104BC00063806B72BFF27180D66542C0A58D8AD4B6
:104BD0007F5B2A5A523718244A9B7726A4E5AB3AC2
:104BE000E3183CCBA67DD3DBD0890D0B0866E0C76C
:104BF0008808CB59904BDBB80F32C2B9B1907A1903
:104C00000EF683B06AFA0126A2BC55ACFCA87ECE93
:104C10002A53C23469D98228B038B8BF3B5441996D
:104C200081191680E434D91590FAA9A8312FC29DB4
:104C30008E7A9B089DC63CA70895ABF4FEF0845F76
:104C4000278B4EDEEF044A93F40A0462238D892DEC
:104C5000C9CD2B8E3FCAA1813A2E83D60F79CCD1F4
:104C6000A809615221981C56FF70A939ACCB745524
:104C700088B14F3BF71EE7262D6A4F775A58F51B30
:104C8000DB5EF642D1EE7FF21C9A707C4EF0FC287F
:104C90009A82C68A1F67FB0CF785AF060C66AE8446
:104CA00003E7421A5703E78C5593E6C94C7CA702E9
:104CB00066D1A44B5C2FE314180EC9750D70A99E24
:104CC0005D90DBCF320FF7751B1AF40F45890A7020
:104CD000D13ADA36BF828BA34C84254E74BB6BFE6F
:104CE000FBA5DE9B17805BDAB1A0DD3157DF08F250
:104CF000F5EDBE5D8C5C91F5471982A6A2DE1241EE
:104D0000CA814DC00875F44EFA45C733B6790CED2B
:104D1000CB2AAB73D57095288F7078CAC43D001428
:104D2000C72E517A3C8F29FD59B0C8EE47FC3C0292
:104D30001D85F4CD4CF70D2594A5E5FA34EA1AC08B
:104D4000FA9B57AEAFE1EA2A26E4672884B260F8FE
:104D5000016415985833CAC10D72A90B51D28854F9
:104D60009D6C0B612CABE20731D3D626C6CDF80380
:104D7000C17FF861F98E538B44641CD50DB608AC25
:104D80004E1B1E379F310A8CFEFFDE654425AD9A0F
:104D9000FE52356EB568D273EDECBD59479E98B39F
:104DA00029571EBB7B7796804507AC1817510346E1
:104DB0001CF93C9F30F93A7EA4926CD997297BBBB1
:104DC00007EEDDBFD2A1BE1594ECDCBA13CAFE0318
:104DD000C9626D8849DEDE01D703881B7638E2653B
:104DE000CD102FE2553E12E68C34B55CF017EC8600
:104DF0007C9690C67B2DE6ADD7C9D07D7D25734EC0
:104E0000035ADF24C88B41113575318FE04648873E
:104E10005C2A6B9C7842373AE50D3E5F02C94166D9
:104E2000C41D9051D5C16E42D60358103EC2949A0B
:104E300071AD3CA8EBD1078B9567E55F110CC5EF11
:104E400074E9C84E59FDA5FBB4BDBBACAA3CD4EB7C
:104E5000BFEACB67C347FE81FEE7B600BF1A77B152
:104E6000B3DFAD235010887E3E8DBF7EFDD4048518
:104E7000E28DD1A0EA70C0574078DDCC331EEC2B18
:104E800046E72FDB87665288A2FAA07E94D232D7FB
:104E900068584E37B62F510B61D6F3DD9510F7B732
:104EA000BF42EA6AF7575376A31D1A84EB083E7097
:104EB000BD7D1AB9EE835532522A408D227340E2ED
:104EC0007F30FA63759D57D9632F94DCACFD619FE9
:104ED0003D3186B7996AB18DB58950E8A0A8806E3A
:104EE000B7F37AB5221FF252C5AA78227A1B5DE386
:104EF0009EACB7858843FF7126424145C5D467B54E
:104F000070BD46620891C8818B700754550C31887A
:104F100071282AEF779F3779EE0F6159545B4891DA
:104F2000CB1E6F18699F2E2AFD2DBCEACF1B651181
:104F300051A02520459F3C9FE7FE66B09EAC8BAA02
:104F400059F62098EDD51BDDBE3F33AC38402231F9
:104F5000E97BBB08D40CEC068729139779F4B011D0
:104F6000E17421F3A4BB451E90C15E6ABC21975237
:104F70003AD08624D8EF9489B7A27C0F97ACDCF0A6
:104F8000AD82291A37EA59668BEA969D7A5A6B8464
:104F900011274FBEBE58BCDCFBF2044AE84A035E50
:104FA000E61A7E4636C66B1DF5500E2EF2DD8B8955
:104FB00089539F74B4F70546E3218BE2D99290DAC6
:104FC000A477948D80F27100369DBEBF457D762B0F
:104FD0007FA5D4A5D3B798A5BB6A86D755155BCA5C
:104FE0006B6044B3DFFA2CA4EF961204335DDF7AD2
:104FF00035F42BB960B3DAB80F32C2B1BD9E741666
:1050000001F98CBF1D8D765FDAC4555C0C54863671
:10501000E29B0AFC51E182294FC74740C497825A5C
:1050200042DAD54327CB26EA6F8556572E3FD28DDD
:105030007E74940792C93DA40915ACF3F9F703985F
:10504000C86DAE5EEFC4955C37CBC4522B83062C83
:1050500088AD53F241C9A282392CFDA9FF89435E74
:105060002786EEDDD1681C56FF705535A03788A91C
:105070008841BFCB07EE16D7DC9BBE86AAA81504D5
:10508000C44168DC4F70E16C02846E82B00E03553F
:10509000677F3B79EF970B02F98BA1080D67AF058E
:1050A00003E6431B590DE982A4621639BCFC267D38
:1050B000182CA4B4A3CF03F4F9EE29EDD00F667B2E
:1050C000AD935BCF320FF884FAFB15EE4A8605707C
:1050D000D13A5A0690AD7B8C6375D4BF844A5A1E70
:1050E000154B3075E67FA4254E5FA22EB632E61C26
:1050F0007B0D4EA173A36E34B6601D405A1FF3B9E9
:10510000357FB32E19641BA0EA4437C34689FDFDE1
:10511000D534B59DD57094288F7078F6E8112C3869
:10512000FBEC93B83D8E28026A110720853FF8C733
:10513000DB423C04FD4AB19EC17A1B05858A7BAAED
:10514000F59458A1A0EE15D5D8187817BBCD1880C6
:1051500086E3921FDFB44DC10D72A9C8D2D18B5B1B
:105160006F9CFB91D85B12F7C82CA919CECDF80320
:105170003E80079E0671AC74BB9BE32AF24907A3ED
:10518000BCEB1E3767CFF573F7F0D16A432AA295BF
:10519000F66D02508097278C19ECB1594A9E96B350
:1051A00039570FBB6877BCFFADF845E8FBA1ECB6FB
:1051B000CE09E963E5852B81696DA4D9AB2939BB9B
:1051C0004EEE8DBF755E20EA00135545E9B2097BAE
:1051D0002C1AB8F08F21F0FECEFC8AE49E39D164FF
:1051E0009C115CE3CD3F2C189DCA955EA6157E846C
:1051F000A8948CC5172E25AEF3CD5E797F588833E1
:105200006B240C5AE6F42B61AD05F2865D4C988C4C
:10521000A3262792C24D7B2BE21ED04B0420EA7CB2
:105220001B0536B09D17849BE0D77BC392F3DFAF9D
:10523000CB6971E9AF69893414CF35CF2F6A28580B
:1052400068753B7126421A440901071017729AC902
:105250009DC9E8D87CF8413D425B0ABF00BAC70D42
:105260004D600AC5D2E1798FCF7042830CA979F4E1
:1052700093FCA07329AF1F8B9CA40113ECE3115A7C
:1052800037965E26F8093DE4CE964C917BC12144C9
:10529000BBBBA158B9C7BFE48E35133D75FF0AD615
:1052A000DE238B9780202402D769EE731C7FC99B75
:1052B0005696F14E1974A2C6A6DEB47AD587BC1FE5
:1052C0007A35BD6431C8AA2FBF2859134C3DA15F60
:1052D000DD894D78C6944F72324799277F577F906A
:1052E000698B42850518F5AD7B1858223C567DE345
:1052F000BDACB77A3798DA5726BCBFBB112A994A9A
:10530000A76B97C0DCADF7AE8C7700D3A2CBCE777E
:10531000A0FCE932AE7AC9B618CCA298D5E6F45C06
:1053200034E190E7A460D1D54677E5C608DCA2D683
:10533000A567DADFFD27855B243DA573696F74558A
:10534000EC429352122AE42274C0CC538A0EEDC769
:10535000198347773DC32B05D7477EFB75CD882939
:105360004ADE88F39C45BBE0563FA094148631F694
:10537000FD2F79DB4A7B114E505890E54F5F2F038C
:105380005C71C4E99F29A69946204752EEA5947BFB
:10539000D6F683722AA743230D07EDB8448DDC812E
:1053A0004FCBB38C9E05A8DE31B3BDB0634501176A
:1053B00011C9608B4C282956CDF25D440A6497DDF3
:1053C00030F519179F861EA0840031A52E4D752B30
:1053D000B7ECE2959FBDADE7FE3B4729A9F3846793
:1053E0008994A640587DD35B1270CD402626A80A2A
:1053F00000847346986C7301BFED702126048BE91D
:10540000F9262125E96F85F81C2FC6A3F487B77408
:10541000E79609985C9B7DD6B718701489D77DA54F
:10542000BA0569F4F58E42831BA51836A3BA326D0E
:1054300079AABB3DD8F600A3442C1A14425D049F00
:10544000D053F1693D7630F198797D92DC53A617FF
:10545000C39218EB0A945D7DC1F2401E2D32A6B2B4
:10546000C2720B5D29B7336CB54F9F8810C98BAAE8
:10547000709E0D70BE3CA929254501CE9B983ECE5D
:105480007A854B9672F061EC05A423C6F62342564A
:10549000635C7ACC2158DF36B9B1FC3C4E9951FBA4
:1054A000FA38EE913D7CE8835DBC5B7BFEFB1EC859
:1054B000DAE45BB4A411B9637475B41F7A0139607E
:1054C000A44C62857F1EB038241804FFB259B5E998
:1054D00048B6C04DB08D84AC44ABECF4C95A62B44C
:1054E000C690216410A0098291E30992F470F70D2F
:1054F0008DD20C8D468955967303AD9E8F150D4642
:10550000CCA11F98283149E205BAC83CBE56BE312D
:105510000EF06E71FD59BA10A27B87F6FF216870FC
:10552000DB562E15C370D602216F80B37EE8060FBE
:105530003AA3D5FA6EFCF2DAEC794F5DEBA6418C1A
:10554000A6C758A1A7CEA27711FCBCB47F2FC9472C
:10555000ABE86DE0276BF476A1DE7674626A31A465
:105560006ABC2A3613EBDE0F0899A919C1EDBD6D8F
:10557000A20D81118DE73CE544641CD50A96448F49
:105580007D371E3764EFA132B8BCD16A4C0A6C2754
:105590002399C5AB3A6A2D8C15CCFF3833EAFDC18F
:1055A00050774DDA0D12A9FFBDD8964952463715EE
:1055B00026B4CC63CBA542F43A01B38AE34815DFA5
:1055C0006597DDBF2A7E8A41ADA6E99DD140867BE5
:1055D000B63A46BF62016C914C9977E48E18B12AB5
:1055E0009ED48C28E83EED1974EBE63F9179CCCB44
:1055F00013F2F5C67C0D2F05142114DEB7E00B362F
:105600007C02E53DD3981925246A59FBE04648877A
:105610005B0ABC48CEED86895CEF3E5F0517FC0057
:10562000A26EB3FE5959FCCE5EFFA4EFCEE25878CD
:10563000B8EC115CEB21F77B62B84CC088602F2C72
:10564000902AE8DEB4F6E5AEF0994750511396ED96
:10565000B2FC88D749CC55146F7E4AFF47DA3586AD
:10566000B885870B6315B13C71964081098B3093E7
:10567000E88EC33729C350C8D7842133CBC1C48C2B
:10568000833BE0D8AD55668C5E065C816CF16205AB
:10569000E7ABB148AEF711464ACEB6E5D95908D4C2
:1056A000DB01CBE07BD18CC630828D146103C193CA
:1056B00059BE2AB0D2DA17351974BC72DAAFEA6F64
:1056C00019598E4422F5DF42ED506B236B1D16FDF8
:1056D0003415C0EE245E4F724D56ED76313308F925
:1056E0002D8712B5223825688F95CCDAC5F65DE393
:1056F000998CE33523BCFF71219C0819F2CE569496
:1057000045F3B89CF1AE85CEA124549692CBCE77CA
:1057100089F06FEE5F90447AE77E706C5B5F049374
:1057200034E190E791408385561FF1B908DCA2D699
:10573000914763226CBF70A3EA8F7787E183C6B776
:10574000A609DF67150AB60F158F8216C740A2F1AA
:105750001EA391A7B70F9EB941A3EA1D8007882910
:1057600019AB8DE6DF0AFFA56E3FA09444FEA14170
:1057700073F2BB301F28534E7745EB9C447266474B
:105780006E41EAD9F309E2CD3953DEC0474E947B2E
:10579000E9F8F4150CE110773C35C38D28AD6E6146
:1057A000AB113E134CDDA8DE31B3A1834265263335
:1057B00076AC608B4C283711A7963104146D5B3C96
:1057C000A93EB986BFF27180D14512866B72752BE6
:1057D000787B9C969CFCD5BBF9684929ACCAE85AF1
:1057E0008280E3641E4CD35B17495E5F402AAE594A
:1057F0004ACBE546986C7501C2CD3D4E45413D25ED
:10580000B0B4B2E0BCFC32000720564F58204465CB
:105810006C6179000720C9F9BFD8D1D3CAB10000A3
:10582000021120566F780000021120C9F9BFD8B9C3
:10583000A6C4DC0007205258204D6F64756C61745B
:10584000696F6E000720BDD3CAD5B5F7D6C6C4A30D
:10585000CABD000002162044544D460002132056D3
:10586000464F26434800000002152043444353534B
:1058700000000000021220416476616E63656400DE
:1058800002102053657474696E670000021820418D
:10589000626F757400000000021420536964652073
:1058A0004B657900021820B1BEBBFAD0C5CFA2006B
:1058B000021320C6B5B5C0C4A3CABD00021020B6ED
:1058C000D4BDB2C9E8D6C300021220B8DFBCB6C945
:1058D000E8D6C300021620D0C5C1EEC9E8D6C30081
:1058E000021520D1C7D2F4C9E8D6C300021420B2F1
:1058F000E0BCFCD7D4B6A8D2E50000004348414E36
:105900004E454C204E554D2E00000000544F4E4544
:1059100031323030000000004C6576656C2031007B
:105920004C6576656C2032004C6576656C203300E2
:105930004C6576656C2034004C6576656C203500CE
:105940004C6576656C2036004C6576656C203700BA
:105950004C6576656C2038004C6576656C203900A6
:105960004E4F4141000000005054544200000000DE
:105970004E414D45000000004F4646005345415200
:1059800043480000424F54480000000044542B415B
:105990004E490000382E3333204B0000414D0000AB
:1059A000464D0000535045435452554D00000000F1
:1059B0005343414E000000004F4E00005241444905
:1059C0004F00000042454550000000005458205050
:1059D0004F57455200000000534F5300424F5400B0
:1059E000454F5400414E492D5354000044542D530B
:1059F000540000004652455155454E4359000000A1
:105A000053656E6420536F756E640000576964655A
:105A10000000000053656E6420436F646500000061
:105A20004D6964646C65000054696D650000000098
:105A30004E6F6E65000000004F6E20536974650064
:105A40005365617263680000486967680000000080
:105A5000456E676C697368004E6F726D616C000013
:105A600044656570000000004361727269657200F0
:105A70005375706572000000506C75730000000073
:105A80004D696E75730000004C6F77004E61727245
:105A90006F77000032302E30204B487A0000000033
:105AA00035302E30204B487A0000000032352E3041
:105AB000204B487A00000000352E30204B487A00F9
:105AC00031322E35204B487A00000000322E35202E
:105AD0004B487A00362E3235204B487A00000000C1
:105AE00031302E304B487A0031303030687A000047
:105AF00032313030687A000031343530687A000055
:105B000031373530687A0000C1BDD5DFB6BCB7A2E9
:105B100000000000CCECC6F8D4A4B1A8000000003E
:105B2000D4D8B2A800000000CFD6B3A1B1A8BEAFB0
:105B300000000000C9A8C6B500000000B5F7C6B552
:105B40000000000031BCB60032BCB60033BCB60069
:105B500034BCB60035BCB60036BCB60037BCB600A7
:105B600038BCB60039BCB600D6D0CEC400000000A8
:105B7000D0C5B5C0BAC50000D0C5B5C0C3FBB3C65B
:105B800000000000B5CDB9A6C2CA0000D6D0B9A6A3
:105B9000C2CA0000B8DFB9A6C2CA0000B7A2C9E4F1
:105BA000B9A6C2CA00000000D0C5B5C0C6B5C2CAF9
:105BB00000000000B9D8B1D500000000C6B5C6D7B6
:105BC00000000000CEDE0000CAB1BCE4000000000E
:105BD000C6D5CDA8CAA1B5E700000000B3ACBCB6DD
:105BE000CAA1B5E700000000C9EEB6C8CAA1B5E772
:105BF00000000000C9A8C3E800000000CBC9BFAA8C
:105C0000B7A2C2EB00000000B0B4CFC2B7A2C2EB93
:105C100000000000B7A2CBCDB1A8BEAFC2EB000020
:105C2000B0B4BCFC2BC9EDB7DDC2EB00C9EDB7DDEC
:105C3000C2EB0000B7B4CFF200000000D5FDCFF2F8
:105C400000000000BFAAC6F400000000B7A2CBCD40
:105C5000B1A8BEAFD2F40000B0B4BCFCB2E0D2F444
:105C600000000000CBD1CBF700000000D5ADB4F8A8
:105C700000000000BFEDB4F800000000B5F7B7F970
:105C800000000000CAD5D2F4BBFA000056332E3013
:105C90003100000056312E3037000000414E4920BF
:105CA000434F44453A000000486172647761726571
:105CB0003A000000536F6674776172653A00000025
:105CC000D3B2BCFEB0E6B1BE3A000000C8EDBCFEE7
:105CD000B0E6B1BE3A000000C9EDB7DDC2EB3A0054
:105CE000005D0208C0000020540500008433000855
:105CF000A85F020814060020946D0000B43F01085C
:105D00001184A24A04680901020304060708090C69
:105D100069100A3DC8010A3D96010A3D6401D50794
:105D200001BE03300B595B5D5F616366696B6B6A33
:105D3000570E2269AA040131690B630202700C0D2F
:105D40003F341F1F31323832020822E4142024016C
:105D50001B2064041AF40C1A34081A74041A04047C
:105D60001A44041A84041A14041A54041A94041BBE
:105D7000D26556110314888F0215FF021D640219A3
:105D8000C009144E011014803801360104800C96AD
:105D90001EC4FFFFFF7E041AEC0441180EB45B0220
:105DA00008445C020878590208B8041A740C1A6C8A
:105DB000041E0C5A02088C041A50041A68241A3C57
:105DC000041A7C181AA0241A9C04393819041A4899
:105DD000041A4C041A50041A54041A58041A5C0485
:105DE0001A60041A640429581A18041A20041A287C
:105DF000041A30041A38041A40041A48041A5004C9
:105E00000A5558501AC4081A0C042934690C2A2857
:105E10006019C81A14041A38DC1119041A14041A67
:105E2000C8182A206419182A28F419041A40041AD8
:105E300094141A8C042A849C19101A20041A8804B9
:105E40001ACC041AB8041AD4041AE0042AC02C1973
:105E5000041AAC042AA00C297419341A3C501A34C0
:105E6000041A30141A78041A8004299C1A08142A77
:105E7000FC0859D41ADC041AE0042A84B019141A54
:105E8000A8042A700419101AF4041BFC581C1934B5
:105E90001A9C141AF4041A34041A14041A2C041A3E
:105EA000BC041A68241ABC041ACC041AB0041A7C64
:105EB000041A60041AD8041AA404292029781AD0D4
:105EC000041ADC045AE8781A58901A70041A60040C
:105ED0001AE8041AF80411191C5AF0A81A58741A6E
:105EE0002C041A200429301AEC041AE4041A8C0435
:105EF000411E6E4B0208A1041AD4041E074C02086E
:105F00003A041A6D041AA0041AD3041E064D02089E
:105F100039041A6C041A84041AB7041AEA041E1D00
:105F20004E02082D041A3D041A4D041A5D041A6D20
:105F3000041A7D041A8D041A9D041AAD041ABD04B6
:105F40001AE1041E054F020829041A4D041A7104AF
:105F50001A95041AB9041ADD041E0150020825041A
:105F60001A37041A5B041A7F041AA3041AAF041A1E
:105F7000BB041AC7041AD3041ADF041AEB041AF775
:105F8000041E035102080F041A1B04411ACCE01A24
:105F900094041AC0041A8C041AD8045AB4145AA8C7
:085FA000141A9C0481000000AA
:0400000508003000BF
:00000001FF
