:020000040800F2
:1030000020500020E98E01087D1701087F17010874
:1030100000000000000000000000000000000000B0
:1030200000000000000000000000000099170108E7
:1030300000000000000000009B1701089D17010818
:10304000FC8E0108FC8E0108FC8E0108FC8E010834
:10305000FC8E0108FC8E0108FC8E0108FC8E010824
:10306000FC8E0108FC8E0108FC8E0108AF170108D8
:10307000FC8E0108FC8E0108FC8E0108FC8E010804
:10308000FC8E0108FC8E0108FC8E0108FC8E0108F4
:10309000FC8E0108FC8E0108FC8E0108FC8E0108E4
:1030A000FC8E0108FC8E0108FC8E0108A5170108A2
:1030B000AD170108FC8E0108FC8E0108000000001D
:1030C000094B10B598420AD180200121800004F0FC
:1030D00031F880200021800004F02CF810BD372149
:1030E00002480EF06BFBF9E7002401401AB2010818
:1030F0002A4B70B505000C00984203D05321284894
:103100000EF05CFB2268002A09D0182A03D8254B50
:10311000D340DB0703D4542121480EF04FFB237921
:10312000012B03D955211E480EF048FBA2681E4B07
:103130001A4203D056211A480EF040FBE368C02221
:103140001900914307D080225200934203D05721A7
:1031500013480EF033FB20222369934303D05821F8
:103160000F480EF02BFB04226369934303D05921CF
:103170000B480EF023FBEA680C4BA1681A40236849
:103180000B43E1680B4321690B4361690B432179D0
:1031900049030B431343EB6070BDC046002401405C
:1031A0001AB2010800010101FFF3FFFF03D2FFFF84
:1031B0000023036003718360C36003614361704750
:1031C0000C4B70B504000D00984203D09B210A48B7
:1031D0000EF0F4FA012D08D99C2107480EF0EEFA02
:1031E0000123A2681343A36070BD002DF8D1022310
:1031F000A268F7E7002401401AB201080F4B70B52E
:1032000004000D001600984203D0B9210C480EF0BE
:10321000D5FAAB0003D0BA2109480EF0CFFA012E3F
:1032200007D9BB2106480EF0C9FA23692B43236155
:1032300070BD002EF9D12369AB43F8E700240140AB
:103240001AB201080D4B70B504000D00984203D06E
:10325000F1210B480EF0B2FA012D09D9F2210848EC
:103260000EF0ACFA8023E2681B021343E36070BDEA
:10327000002DF7D1E368034A1340F7E7002401402B
:103280001AB20108FF7FFFFF0E4B70B504000D005E
:10329000984204D014210C48FF310EF08FFA012D12
:1032A0000AD98A21084849000EF088FA8023E2688A
:1032B000DB011343E36070BD002DF7D1E368034ADF
:1032C0001340F7E7002401401AB20108FFBFFFFFD7
:1032D0000E4B70B504000D00984204D048210C48F4
:1032E000FF310EF06BFA012D0AD9A42108484900DC
:1032F0000EF064FA8023E2681B041343E36070BDA0
:10330000002DF7D1E368034A1340F7E7002401409A
:103310001AB20108FFFF7FFFF8B50F4B05000C0044
:103320001600984204D064210C48FF310EF046FA92
:1033300080277F01BC4204D3B221084849000EF027
:103340003DFABE4204D366210448FF310EF036FA3E
:10335000240434432C62F8BD002401401AB2010851
:10336000184B70B505000C00984204D08E21164809
:10337000FF310EF023FA2300144A134014421AD0EE
:1033800080225205934216D080229205934212D099
:10339000C022920593420ED080220D4BD2052340CD
:1033A000934208D09023DB059C4204D0C7210648F5
:1033B00049000EF003FAEB68064A13401C43EC6028
:1033C00070BDC046002401401AB20108FFFFFFF3A0
:1033D000FFFFFFFBFFFFFF830E4B70B504000D00E6
:1033E000984204D0A8210C48FF310EF0E7F9012DD6
:1033F0000AD9D421084849000EF0E0F98023E26898
:10340000DB031343E36070BD002DF7D1E368034A8B
:103410001340F7E7002401401AB20108FFFFBFFF85
:1034200010B50A4C01280AD9DC210948FF310EF0F9
:10343000C5F9802322681B041343236010BD0028B4
:10344000F7D12368034A1340F7E7C0460827014035
:103450001AB20108FFFF7FFF10B50A4C01280AD9F4
:10346000F921094849000EF0A9F980232268DB03FD
:103470001343236010BD0028F7D12368034A13408B
:10348000F7E7C046082701401AB20108FFFFBFFF57
:1034900010B5094C012809D9084809490EF08EF9E0
:1034A000802322685B041343236010BD0028F7D1FA
:1034B0002368044A1340F7E7082701401AB20108BD
:1034C00009020000FFFFFFFE0F4B70B504000E0065
:1034D0001500984204D09A210C4889000EF06EF92C
:1034E0000B4A731E934203D908480A490EF066F945
:1034F000072D03D9054808490EF060F9A36A334344
:10350000A362656170BDC046002401401AB2010883
:10351000FEFF0700690200006A0200000D4B70B553
:1035200004000D00984203D00B480C490EF046F9F8
:10353000012D09D908480A490EF040F98023E268B4
:103540009B011343E36070BD002DF7D1E368054A8A
:103550001340F7E7002401401AB201088602000078
:1035600087020000FFDFFFFF0D4B70B504000D0068
:10357000984203D00B480C490EF020F9012D09D9CF
:1035800008480A490EF01AF98023E2685B021343E7
:10359000E36070BD002DF7D1E368054A1340F7E7FB
:1035A000002401401AB20108A2020000A302000098
:1035B000FFFFFEFF0E4B70B504000D00984203D0D4
:1035C0000C480D490EF0FAF8012D0AD9AF2109482F
:1035D00089000EF0F3F88023E2685B011343E36097
:1035E00070BD002DF7D1E368044A1340F7E7C046E9
:1035F000002401401AB20108BB020000FFEFFFFFE8
:103600000D4B10B50400984203D00C480C490EF045
:10361000D5F88023A2681B061343A360F0231B0286
:10362000013BA268002B01D0002AF9DB0020A3682F
:10363000834200DB206C10BD002401401AB2010857
:10364000D6020000064B10B50400984203D005488E
:1036500005490EF0B3F81023A2681343A36010BD10
:10366000002401401AB20108F9020000074B10B50E
:103670000400984204D0C221054889000EF09EF84B
:103680000423A2681343A36010BDC0460024014078
:103690001AB20108054B10B50400984203D0044843
:1036A00004490EF08BF8206C80B210BD002401405C
:1036B0001AB20108150300000D4B70B504000D008F
:1036C000984203D00B480C490EF078F8012D08D928
:1036D00008480A490EF072F80123E2681343E360D8
:1036E00070BD002DF8D10122E3689343F7E7C0468F
:1036F000002401401AB20108410300004203000007
:10370000094B70B504000D00984204D0D72107483A
:1037100089000EF053F80222E3689343E360E16806
:103720002943E16070BDC046002401401AB201087F
:10373000114B70B504000D001600984204D0F22120
:103740000E4889000EF03AF8012E03D90B480C49B7
:103750000EF034F8002D03D09F232A009A4303D0A3
:10376000064808490EF02AF86368002E02D02B4361
:10377000636070BDAB43FBE7002401401AB201084F
:10378000C9030000CA0300001B4B70B505000C0004
:10379000984204D0FC21194889000EF00FF8802CC3
:1037A0000ED00FD8631E0F2B06D9144814490EF003
:1037B00005F8E30104D511E0124BE340DB07F4D533
:1037C0002B680EE0104B9C4210D8103B9C42ECD969
:1037D0000E4BE2180E4BD340DB07E6D5AB680B4A25
:1037E00013401C40631E9C41E0B270BD81231B0648
:1037F0009C42F3D0D9E7C046002401401AB2010828
:10380000F10300001601010010000001FFFFFFFEA0
:103810000B8000000A4B70B505000C00984203D0E5
:10382000084809490DF0CAFF002C02D0074B1C4282
:1038300003D0044806490DF0C1FF2C6070BDC0469E
:10384000002401401AB201081B04000060FFFFEFD2
:103850001C040000114B70B505000C00984203D009
:103860000F4810490DF0AAFF102C0AD8002C03D0E5
:103870000D4BE340DB0706D409480C490DF09EFFD1
:1038800001E0802CF8D16B682A680020144203D034
:103890001C40631E9C41E0B270BDC0460024014044
:1038A0001AB20108350400001601010036040000B8
:1038B0000A4B70B505000C00984203D0084809492E
:1038C0000DF07CFF002C03D09F2322009A4303D0ED
:1038D000034805490DF072FF2C6070BD00240140C3
:1038E0001AB201085A0400005B0400000022014BD8
:1038F0001A6070471C0001401023020070B59A4303
:1039000006000C00002A03D0472147480DF056FF5F
:10391000A268464B110019401A4207D08023DB00F1
:10392000994203D0482140480DF048FFE268404BDF
:103930001A4203D049213C480DF040FF22693D4B1B
:103940001A4203D04A2138480DF038FF62690C2A28
:1039500005D8394BD340DB0705D4002A03D04B21CF
:1039600031480DF02BFF2368344D002E37D11A005B
:1039700033490A400B420FD08023DB049A420BD01C
:1039800080231B059A4207D0C0231B059A4203D00F
:103990004F2125480DF012FF30226368934305D074
:1039A000402B03D0502120480DF008FF6B68254ABA
:1039B00013406B60244B2A68B340A1689A43636844
:1039C0000B43E1680B4321690B4361690B43B3402F
:1039D000216813436A680A436A602B6070BD102E29
:1039E000E8D11A0019490A400B420FD08023DB05A9
:1039F0009A420BD080231B069A4207D0C0231B0695
:103A00009A4203D0552108480DF0D8FE3022636851
:103A1000934305D0402B03D0562103480DF0CEFE32
:103A20006B681B011B09C4E747B20108FFFCFFFFDD
:103A3000FFF7FFFFFFCFFFFF101100001C00014048
:103A4000FFFFFFFCFFFFFFF07C3F0000FFFFFFCF09
:103A50000023036043608360C36003610C334361F0
:103A600070471023020070B59A4304000E00002A2C
:103A700003D089210B480DF0A1FE0B4D012E09D971
:103A80008A2108480DF09AFE0123A3402A681343B7
:103A90002B6070BD002EF7D10122A2402B6893430A
:103AA000F6E7C04647B201081C000140102302009F
:103AB00010B59A430400002A03D0B12106480DF046
:103AC0007DFE064B18688023DB01A3401840431E8F
:103AD0009841800310BDC04647B201081C00014058
:103AE00070B510231400020006000D009A4303D0A5
:103AF000DD2112480DF062FE032D03D9DE210F48AF
:103B00000DF05CFE072C03D9DF210C480DF056FEAA
:103B10000B4B5A68002E09D10A49A4010A405A6089
:103B20005A682D0314432C435C6070BD064964023F
:103B30000A405A605A68AD031443F4E747B20108DB
:103B40001C0001403FCEFFFFFF8FF9FF0223020060
:103B500010B59A430400002A03D0F82105480DF05F
:103B60002DFE0221044B1A688A431A601A68224308
:103B70001A6010BD47B201081C00014010B50A4C84
:103B800001280AD91C210948FF310DF017FE8023B6
:103B900022681B041343236010BD0028F7D123685B
:103BA000034A1340F7E7C0461C00014047B2010832
:103BB000FFFF7FFF1023020010B59A430400002A84
:103BC00004D0A421054849000DF0F8FD80231B0214
:103BD000A340034A11680B43136010BD47B20108AC
:103BE0001C0001400122054B054952421A605961EF
:103BF000002119711A6102329A6070470030024048
:103C0000B71DC1040123024A91680B4393607047BA
:103C10000030024010B50400182803D8074BC340F9
:103C2000DB0703D4522106480DF0C8FD1821054AD0
:103C300093688B431C43946010BDC0460101010191
:103C400075B20108003002406023020010B59A43AB
:103C50000400002A03D06F2104480DF0AFFD60215D
:103C6000034A93688B431C43946010BD75B20108EE
:103C70000030024010B5094C012808D987210848B6
:103C80000DF09CFD8023A2681343A36010BD0028A3
:103C9000F8D18022A3689343F7E7C0460030024082
:103CA00075B20108014B18617047C04600300240F0
:103CB000014B58617047C04600300240014B18600C
:103CC0001868704700300240014B18801868704730
:103CD00000300240014B18701868704700300240F5
:103CE000002310B5044A8B4201D1106810BD9C001E
:103CF000045901331460F6E700300240014B1868A4
:103D00007047C04600300240014B18717047C046F2
:103D100000300240014B1879C0B2704700300240B9
:103D2000014B1868000C704700580140024B18689E
:103D30000005000D7047C0460058014006230200F0
:103D400070B59A4304000E00002A01D1002803D167
:103D5000542109480DF032FD084D012E07D9552197
:103D600005480DF02BFD6B6823436B6070BD002E82
:103D7000F9D16B68A343F8E7A2B2010800580140EB
:103D80000D4B70B504000E00184201D1002803D17C
:103D900077210A480DF012FD094D012E07D978212F
:103DA00006480DF00BFDAB682343AB6070BD002EE1
:103DB000F9D1AB68A343F8E7ECE2DFFFA2B2010858
:103DC000005801400D4B70B504000E00184201D19F
:103DD000002803D193210A480DF0F0FC094D012E73
:103DE00007D9942106480DF0E9FCEB682343EB600A
:103DF00070BD002EF9D1EB68A343F8E7FFF7F8FF99
:103E0000A2B201080058014010B5094C022803D1A4
:103E1000236A1843206210BD002803D006210548FC
:103E20000DF0CCFC0222236A93432362F3E7C046E1
:103E300000400048D2B20108014B18607047C046EC
:103E400000400048014B58607047C04600400048A1
:103E5000014B98687047C04600400048014BD86845
:103E60007047C04600400048014B18617047C0468B
:103E700000400048014B58697047C0460040004868
:103E800070B504000D00012803D0322105480DF063
:103E900095FC054B1A6A002D02D022431A6270BDB0
:103EA000A243FBE7D2B201080040004810B504006D
:103EB000012803D0422105480DF080FC044B5B6AC9
:103EC0001C40631E9C41E0B210BDC046D2B2010846
:103ED0000040004810B50400012803D051210448D7
:103EE0000DF06CFC034A536A2343536210BDC04675
:103EF000D2B201080040004870B5224D0400A8422B
:103F00000FD0214B98420CD0204B984209D0204B27
:103F1000984206D01F4B984203D038211E480DF01E
:103F20004DFC23681D4A1340236000232360636017
:103F3000A360E360AC4205D1194A0F3351680B43CB
:103F4000536070BD104B9C4203D1154AF023516859
:103F5000F5E70E4B9C4204D1F023114A1B01516836
:103F6000EDE70B4B9C4204D1F0230D4A1B02516834
:103F7000E5E7084B9C42E4D1F023094A1B03516852
:103F8000DDE7C046080002401C000240300002404D
:103F9000440002405800024003B30108FEFF000045
:103FA00000000240404B70B505000C0098420FD055
:103FB0003E4B98420CD03E4B984209D03D4B984224
:103FC00006D03D4B984203D075213C480DF0F6FBDE
:103FD0001022A368934303D0762138480DF0EEFBFE
:103FE000E368374A013B934203D9772133480DF008
:103FF000E5FB40222369934303D078212F480DF03D
:10400000DDFB80226369934303D079212B480DF0B7
:10401000D5FBA3692B4A134207D08022920093421A
:1040200003D07A2125480DF0C9FBE369264A1342E3
:1040300007D080221201934203D07B211F480DF04C
:10404000BDFB2022236A934303D07C211B480DF043
:10405000B5FB626A1D4B1A4203D07D2117480DF053
:10406000ADFBA26A1A4B1A4203D07E2113480DF011
:10407000A5FB2A68174B216A1A40A3680B432169E4
:104080000B4361690B43A1690B43E1690B43616A0F
:104090000B43A16A0B4313432B60E3686B602368F7
:1040A000AB606368EB6070BD080002401C0002401A
:1040B00030000240440002405800024003B30108AF
:1040C000FEFF0000FFFEFFFFFFFBFFFFFFCFFFFF34
:1040D000FFBFFFFF0F80FFFF00230360436083608B
:1040E000C360036143618361C361036243628362AE
:1040F0007047134B70B504000D0098420FD0114B60
:1041000098420CD0104B984209D0104B984206D0E0
:104110000F4B984203D0D1210E480DF04FFB012DDB
:1041200008D9D2210B480DF049FB01232268134323
:10413000236070BD002DF8D12368074A1340F7E7CC
:10414000080002401C0002403000024044000240CF
:104150005800024003B30108FEFF00000C4B70B58D
:1041600004000D00984210D00A4B98420DD00A4B23
:1041700098420AD0094B984207D0094B984204D084
:104180008621084849000DF019FB656070BDC046E6
:10419000080002401C00024030000240440002407F
:1041A0005800024003B301080C4B10B504009842BC
:1041B00010D00B4B98420DD00A4B98420AD00A4BB4
:1041C000984207D0094B984204D08F2108484900F3
:1041D0000DF0F4FA606880B210BDC04608000240DD
:1041E0001C000240300002404400024058000240DF
:1041F00003B3010870B5574E05000C00B04204D05F
:1042000062215548FF310DF0D9FA544B9C4211D030
:104210005CD8534B9C420DD03BD8524B9C4209D0AA
:1042200022D8514B9C4205D017D80D2C10D8A31E74
:10423000042B23D90F22210F89008A40A8352B682F
:10424000240193432B602B6824091C432C6070BD10
:1042500080235B059C4211D1ECE7102322009A4396
:10426000424B93420AD1E5E7414B9C42E2D01022F7
:104270009C4209D83F4BE3189343DBD0B121364829
:1042800049000DF09BFAD5E7230093431A003A4BFF
:10429000E7E73A4B9C42CDD00ED8394A9442C9D078
:1042A000384B06D88022234092059342C2D0364B29
:1042B000D0E7364AA21820E0354A9442BAD0314BB2
:1042C00001D8344AF6E7344A2340CAE7334B9C42CC
:1042D000B0D020D8324B9C42ACD011D8314B9C424C
:1042E000A8D007D8C022304B920523409342A1D0DA
:1042F0002E4BAFE72E4A2F4BE3181A42BED199E757
:104300002D4A944200D195E7274B01D82B4AD1E79B
:104310002B4A2340A5E72B4B9C4200D18AE70DD8BE
:10432000B44200D186E706D8274B9C4200D181E7F2
:104330008023DB058EE7254A254BDDE7254A94429D
:1043400000D177E7214B01D8234AB3E7234A234022
:1043500087E7C0460000024003B30108000C0020BC
:10436000C0000010400000101000001020000010DD
:104370009000001090FFFFEFA0000010000500204B
:1043800000020020FFFEFFFFD000001000FDFFDF55
:104390000009002000F9FFDF000A002000C0003003
:1043A0000060003000200030FFEFFFFF000D002014
:1043B000FFDFFFFF00D0FFCF009000300090FFCF65
:1043C00000A000300000084000D00030FFFFFEFFDA
:1043D0000000FDBF00000B400000F7BF00000C40D4
:1043E000194B70B504000D001600984210D0174B01
:1043F00098420DD0164B98420AD0164B984207D0DF
:10440000154B984204D07A211448FF310DF0D6F9AB
:104410000E232A009A4301D1002D04D1BD210F485B
:1044200049000DF0CBF9012E08D97C210B48FF3152
:104430000DF0C4F923682B43236070BD002EF9D121
:104440002368AB43F8E7C046080002401C00024066
:1044500030000240440002405800024003B301080B
:10446000802310B5DB000400984207D028D820280C
:1044700016D8032809D8431E012B0BD81F4B1B68E5
:104480001C40631E9C41E0B210BD1D4B021FD34077
:10449000DB07F3D4D7211B4849000DF08FF9EDE776
:1044A00080235B009842E9D005D803004022403BBE
:1044B0009343EFD1E2E780239B009C42EAD1DDE702
:1044C00080231B029842D9D00DD880239B019842AB
:1044D000D4D005D80C4A0D4BE3181342DAD1CDE7FE
:1044E0008023DB01E9E78023DB029842C6D002D8B3
:1044F000074A084BF0E780231B03DEE70000024079
:104500001110001003B30108FFF7FFFF00F8FFFFD1
:10451000FFFFFEFF0000FFFF064B421E10B5040028
:104520009A4204D9F121044849000DF047F9034BA0
:104530005C6010BDFEFF0F0003B3010800000240E5
:10454000802310B5DB000400984207D027D820282C
:1045500015D8032809D8431E012B0BD81F4B1B6805
:104560001C40631E9C41E0B210BD1D4B021FD34096
:10457000DB07F3D41B481C490DF020F9EEE780233C
:104580005B009842EAD005D803004022403B9343A9
:10459000F0D1E3E780239B009C42EBD1DEE7802350
:1045A0001B029842DAD00DD880239B019842D5D0C7
:1045B00005D80E4A0E4BE3181342DBD1CEE7802319
:1045C000DB01E9E78023DB029842C7D002D8094A21
:1045D000094BF0E780231B03DEE7C04600000240E2
:1045E0001110001003B301080D020000FFF7FFFFD8
:1045F00000F8FFFFFFFFFEFF0000FFFF064B421E1B
:1046000010B504009A4203D9044805490DF0D6F8C4
:10461000044B5C6010BDC046FEFF0F0003B30108F1
:104620004102000000000240044B054A1A600022CB
:104630005A609A60DA60034A5A6170470004014088
:104640000000940FFFFF6B00042270B50379040093
:10465000934303D03D2126480DF0B0F86279102A2B
:1046600003D8244BD340DB0703D43E2120480DF070
:10467000A5F82368204A134201D1002B03D13F2122
:104680001B480DF09BF8A379012B03D94021184852
:104690000DF094F8194B22792568D218A379E943D3
:1046A000002B20D0154B186808401860586801404E
:1046B0005960116829431160996822689143996093
:1046C000D9689143D9606179102906D1996811435D
:1046D0009960D9680A43DA6070BD084BCB18196835
:1046E0000A431A60F8E7136819401160F4E7C046FE
:1046F00030B3010800110100000004FD0004014076
:10470000C022002312010360828083717047084B2E
:1047100010B50400184201D1002803D182210548B8
:104720000DF04CF8044A13692343136110BDC046D1
:10473000000004FD30B3010800040140802310B5DF
:104740005B010400984207D02AD8402804D016D82C
:10475000022808D800280DD0224B5B691C40631E3C
:104760009C41E0B210BD021F1C2A03D81E4BD3404F
:10477000DB07F1D4A1211D480DF020F8ECE78023E0
:104780009B009842E8D005D803008022803B9343E9
:10479000F0D1E1E7164A174BE3181342EAD1DBE701
:1047A00080231B039842D7D00AD880231B0298424B
:1047B000D2D002D8104A114BEEE7114A114BEBE769
:1047C0008023DB039842C7D002D80F4A0F4BE3E7A0
:1047D00080231B049842BFD080239B049842C9D1F8
:1047E000BAE7C046000401401110001030B30108C0
:1047F000FFFBFFFF00FCFFFFFFDFFFFF00E0FFFF0D
:10480000FFFFFEFF0000FFFFFFFFEFFF0000F0FFD4
:10481000064B10B50400184201D1002803D1B7217E
:1048200003480CF0CBFF034B5C6110BD000004FD9E
:1048300030B3010800040140802310B55B0104007F
:10484000984207D02AD8402804D016D8022808D881
:1048500000280DD0224B5B691C40631E9C41E0B2D6
:1048600010BD021F1C2A03D81E4BD340DB07F1D416
:10487000C6211D480CF0A2FFECE780239B00984264
:10488000E8D005D803008022803B9343F0D1E1E7D4
:10489000164A174BE3181342EAD1DBE780231B03C8
:1048A0009842D7D00AD880231B029842D2D002D88F
:1048B000104A114BEEE7114A114BEBE78023DB0363
:1048C0009842C7D002D80F4A0F4BE3E780231B045E
:1048D0009842BFD080239B049842C9D1BAE7C04612
:1048E000000401401110001030B30108FFFBFFFF6E
:1048F00000FCFFFFFFDFFFFF00E0FFFFFFFFFEFF09
:104900000000FFFFFFFFEFFF0000F0FF064B10B5B8
:104910000400184201D1002803D1DD2103480CF026
:104920004DFF034B5C6110BD000004FD30B3010876
:104930000004014010B50400022803D93E210548B7
:104940000CF03CFF0321044A13688B431C431460A2
:1049500010BDC0465EB301080020024010B5094CEE
:10496000012808D9542108480CF028FF1023226898
:104970001343236010BD0028F8D11022236893430D
:10498000F7E7C046002002405EB30108024B1868FA
:104990008006C00F7047C04600200240044B1A69D1
:1049A000120603D5034A5A60034A5A607047C0464C
:1049B0000020024023016745AB89EFCD8023024AE6
:1049C00011690B431361704700200240044B1A69C0
:1049D000920503D4034A9A60034A9A607047C0461E
:1049E0000020024023016745AB89EFCD024A03490D
:1049F00013690B401361704700200240FFFDFFFF69
:104A00008023034A9B0111690B4313617047C04621
:104A100000200240024BD869000AC0B27047C0466D
:104A200000200240014B186A7047C0460020024037
:104A3000034BD86906231840431E9841C0B2704703
:104A4000002002400E4B70B504000E00184201D148
:104A5000002804D1EB210B4889000CF0AFFE0A4D71
:104A6000012E07D9074809490CF0A8FE2B692343FA
:104A70002B6170BD002EF9D12B69A343F8E7C04626
:104A8000FFEBFFFF5EB3010800200240AD03000012
:104A900010B5040001280AD0021F1C2A03D8074BB6
:104AA000D340DB0703D4064806490CF087FE064BCB
:104AB000DB681C40631E9C41E0B210BD0110001079
:104AC0005EB30108CA030000002002403C2302003C
:104AD00010B59A430400002A01D1002804D1F9211D
:104AE000034889000CF06AFE024BDC6010BDC04632
:104AF0005EB30108002002400120074BDA68024241
:104B000009D1DA680018D20605D4D8680423184001
:104B100043425841033070470020024010B5040062
:104B2000FFF7EAFF012807D1002C01D1043010BDA6
:104B3000FFF7E2FF013CF5E7002CF8D10520F6E78E
:104B4000F8231B06C218802370B55B0206009A4248
:104B500003D3BF210D480CF031FEB0200003FFF756
:104B6000DDFF042810D10225094CB0202369000381
:104B70002B43236140236661226913432361FFF7BE
:104B8000CDFF2369AB43236170BDC0465EB301080E
:104B900000200240B02070B50003FFF7BFFF050002
:104BA00004280ED1074C2369184340232061B0200C
:104BB0002269000313432361FFF7B0FF2369AB436E
:104BC000236170BD002002400023F7B50193F82354
:104BD0001B06C218802304000E005B029A4204D315
:104BE00008211248FF310CF0E9FDB0200003FFF767
:104BF00095FF042818D10127B0200D4D00032B6923
:104C00003B432B61B3B22380FFF788FF042808D110
:104C1000B02002340194019B360C1E800003FFF784
:104C20007DFF2B69BB432B61FEBDC0465EB301080F
:104C300000200240F8B5F8231B06C21880230500A7
:104C40000E005B029A4204D340210C48FF310CF065
:104C5000B5FDB0200003FFF761FF04280CD1012748
:104C6000B020074C000323693B4323612E80FFF7EC
:104C700055FF2369BB432361F8BDC0465EB30108FD
:104C80000020024070B5FFF7D3FE0026B04200D1ED
:104C9000AA36B0200003FFF741FF042820D12025C9
:104CA000134CB020236900032B4323614023226966
:104CB00013432361FFF732FF042812D1B020236988
:104CC0000003AB4323612369103D2B432361094B50
:104CD0001E80FFF723FF052802D02369AB43236121
:104CE00070BD0528FCD0102223699343F7E7C04626
:104CF0000020024000F8FF1F70B5051E03D11848C0
:104D000018490CF05BFDB0200003FFF707FF060019
:104D1000042823D1FF231022EC43AB43124D296911
:104D20000A432A61FF2B0BD1240AE4B23000FF2C86
:104D300010D0B0200D4B00035C81FFF7EFFE07E0C1
:104D4000B0200A4A00031381FFF7E8FE0428EBD0E5
:104D5000052803D010222B6993432B6170BDC046F8
:104D60005EB301080A0200000020024000F8FF1FA5
:104D700070B50600AA2805D0BB2803D015481649EF
:104D80000CF01CFDB0200003FFF7C8FE042820D162
:104D90002025124CB020236900032B4323614023BC
:104DA000226913432361FFF7B9FE04280CD1B02018
:104DB00023690003AB4323612369103D2B43236127
:104DC000074B1E80FFF7AAFE052802D02369AB43DC
:104DD000236170BD5EB30108430200000020024061
:104DE00000F8FF1FF8B505000C001700012803D9D3
:104DF000184819490CF0E2FC022322009A4304D01F
:104E0000A221144889000CF0D9FC04233A009A43EB
:104E100003D0104811490CF0D1FCB0200003FFF77B
:104E20007DFE042814D110220D4EB02033693D437D
:104E300013433361F8232C431C430A4B00035C806B
:104E4000FFF76CFE052803D01022336993433361CA
:104E5000F8BDC0465EB30108870200008902000069
:104E60000020024000F8FF1F1023020070B59A4393
:104E70000600002A03D00E480E490CF09FFCB0201B
:104E80000003FFF74BFE042811D110250A4CB02077
:104E9000236900032B432361EF231E43074B5E80EE
:104EA000FFF73CFE052802D02369AB43236170BDA8
:104EB0005EB30108AF0200000020024000F8FF1FAF
:104EC0002023020070B59A430600002A03D00E4842
:104ED0000E490CF073FCB0200003FFF71FFE0428FE
:104EE00011D110250A4CB020236900032B43236104
:104EF000DF231E43074B5E80FFF710FE052802D01C
:104F00002369AB43236170BD5EB30108D502000085
:104F10000020024000F8FF1F4023020070B59A43B2
:104F20000600002A03D00E480E490CF047FCB020C2
:104F30000003FFF7F3FD042811D110250A4CB0201F
:104F4000236900032B432361BF231E43074B5E806D
:104F5000FFF7E4FD052802D02369AB43236170BD50
:104F60005EB30108FB0200000020024000F8FF1FB2
:104F700070B50600B0200003FFF7D0FD042811D162
:104F80001025094CB020236900032B43236188239B
:104F90001E43064B5E80FFF7C1FD052802D0236942
:104FA000AB43236170BDC0460020024000F8FF1FE4
:104FB000F8B5020002239A430F4B05000E009A42F7
:104FC00004D0D4210D4889000CF0F8FBB020000378
:104FD000FFF7A4FD04280ED11027B020084C0003D1
:104FE00023693B4323612E80FFF798FD052802D0FB
:104FF0002369BB432361F8BD04F8FF1F5EB30108BA
:1050000000200240902310B5DB0598420AD1802091
:105010000121800202F068F880200021800202F065
:1050200063F80FE01A4B98420DD01A4B984213D0F8
:10503000194B984219D0194B98421FD02A21184871
:105040000CF0BCFB10BD80200121C00202F04CF826
:1050500080200021C002E2E780200121000302F04D
:1050600043F8802000210003D9E78020012140037C
:1050700002F03AF8802000214003D0E7802001218F
:10508000C00302F031F880200021C003C7E7C0460A
:105090000004004800080048000C004800140048C4
:1050A0008DB30108F8B5902304000D00DB0598428C
:1050B0000FD0364B98420CD0354B984209D0354B27
:1050C000984206D0344B984203D0592133480CF013
:1050D00075FB2B68002B03D15A2130480CF06EFB76
:1050E0002B79032B03D95B212C480CF067FBEB7960
:1050F000022B03D95C2129480CF060FB0026012318
:10510000B3402A681A4093423BD12B797700013B88
:10511000012B24D86B79012B05D9032B03D06C21EB
:105120001E480CF04BFB0322BA40A3689343A360D4
:105130006B79A268BB401343A360AB79012B03D901
:10514000732116480CF03AFB0122B240A388934326
:10515000A380AA79A388B24013439BB2A380032201
:10516000BA402368934323602B792168BB400B43EB
:105170002360E3689343E360EB79E268BB40134349
:10518000E3600136102EBAD1F8BDC04600040048D5
:1051900000080048000C0048001400488DB30108C6
:1051A000024B036080235B0043607047FFFF0000F9
:1051B000802337B55B020193902304000D00DB05CB
:1051C000984206D00C4B984203D0A5210B480CF016
:1051D000F5FA002D03D1A62108480CF0EFFA019B47
:1051E0002B430193019BE361E561019BE361E3696B
:1051F0000193E369019337BD000400488DB30108B2
:10520000902370B5DB0505000C0098420FD0264BAB
:1052100098420CD0254B984209D0254B984206D095
:10522000244B984203D0D22123480CF0C7FA8023A4
:105230005B009C4207D01FD8202C15D8032C08D81F
:10524000631E012B0BD82B8A1C40631E9C41E0B2CD
:1052500070BD1A4B221F92B2D340DB07F3D4D32187
:1052600015480CF0ABFAEEE723004022403B934395
:105270009BB2002BF3D1E6E780235B019C42E2D096
:1052800009D80F4B0F4AE3181342DCD080231B01CF
:105290009C42E4D1D7E70C4B0C4AE3181342D2D01E
:1052A00080231B02F4E7C0460004004800080048C1
:1052B000000C0048001400488DB3010811100010C4
:1052C00000FEFFFFFFFD000000E0FFFFFFDF00002A
:1052D000902310B5DB05040098420FD0094B98428B
:1052E0000CD0094B984209D0084B984206D0084B85
:1052F000984203D0E82107480CF060FA208A80B277
:1053000010BDC0460004004800080048000C0048DA
:10531000001400488DB30108902370B5DB0505002B
:105320000C0098420FD0264B98420CD0254B984247
:1053300009D0254B984206D0244B984203D0FA213D
:1053400023480CF03BFA80235B009C4207D01FD817
:10535000202C15D8032C08D8631E012B0BD8AB8A40
:105360001C40631E9C41E0B270BD1A4B221F92B2DA
:10537000D340DB07F3D4FB2115480CF01FFAEEE70E
:1053800023004022403B93439BB2002BF3D1E6E73E
:1053900080235B019C42E2D009D80F4B0F4AE318EF
:1053A0001342DCD080231B019C42E4D1D7E70C4B95
:1053B0000C4AE3181342D2D080231B02F4E7C04604
:1053C0000004004800080048000C00480014004891
:1053D0008DB301081110001000FEFFFFFFFD00005B
:1053E00000E0FFFFFFDF0000902310B5DB050400A5
:1053F000984210D0094B98420DD0094B98420AD0E0
:10540000084B984207D0084B984204D0882107489F
:1054100049000CF0D3F9A08A80B210BD0004004806
:1054200000080048000C0048001400488DB3010833
:10543000902370B5DB0504000D00984210D00D4B91
:1054400098420DD00C4B98420AD00C4B984207D092
:105450000B4B984204D090210A4849000CF0AEF959
:10546000002D04D122210748FF310CF0A7F9A561D6
:1054700070BDC0460004004800080048000C004809
:10548000001400488DB30108902370B5DB050400BB
:105490000D00984210D00D4B98420DD00C4B984205
:1054A0000AD00C4B984207D00B4B984204D03221C3
:1054B0000A48FF310CF082F9002D04D199210748E8
:1054C00049000CF07BF9258570BDC04600040048FA
:1054D00000080048000C0048001400488DB3010883
:1054E000902370B5DB0505000C001600984210D023
:1054F0002A4B98420DD02A4B98420AD0294B984209
:1055000007D0294B984204D0A321284849000CF029
:1055100055F980235B009C4207D023D8202C19D852
:10552000032C0BD8631E012B0ED8012E31D9A421D8
:105530001E4849000CF042F9AC6170BD1C4B221FA3
:1055400092B2D340DB07F0D448211848FF310CF069
:1055500035F9EAE723004022403B93439BB2002BFE
:10556000F2D1E2E780235B019C42DED009D8114BE7
:10557000114AE3181342D8D080231B019C42E3D187
:10558000D3E70E4B0E4AE3181342CED080231B0202
:10559000F4E7002ED0D12C85CFE7C04600040048A8
:1055A00000080048000C0048001400488DB30108B2
:1055B0001110001000FEFFFFFFFD000000E0FFFFE4
:1055C000FFDF0000902370B5DB0504000D0098425A
:1055D00010D0094B98420DD0084B98420AD0084B86
:1055E000984207D0074B984204D05E210648FF310D
:1055F0000CF0E4F8A58270BD0004004800080048E3
:10560000000C0048001400488DB30108902370B5C9
:10561000DB0506000C001500984207D0124B98429B
:1056200004D090211148FF310CF0C8F80F2C04D998
:10563000C8210E4849000CF0C1F8082D04D9922168
:105640000A48FF310CF0BAF807230F2123409B00D2
:1056500099409D40E408A4003419226A8A432262DA
:10566000226A1543256270BD000400488DB301080D
:105670000F4B10B598420AD180200121800301F020
:1056800079FD80200021800301F074FD10BD094BDD
:10569000984203D0432108480CF090F88020012163
:1056A000C00301F067FD80200021C003ECE7C04685
:1056B0000054004000580040BBB30108354B70B5A2
:1056C00004000D00984206D0334B984203D062216B
:1056D00032480CF073F86A68314B1A4203D06321E8
:1056E0002E480CF06BF8AB680F2B03D964212B48C4
:1056F0000CF064F8EB682B4A134207D08022920327
:10570000934203D0652125480CF058F880232A697C
:10571000DB009A4203D3662120480CF04FF86A69F7
:10572000214B1A4203D067211C480CF047F8AA69A4
:105730001E4B1A4203D0682118480CF03FF8012292
:1057400023686868934323602168194B1940AB684C
:105750001B0203430B43236016492B680B40236154
:1057600023681A4300232260A3602A69E360AB69BF
:105770001343A3608023A2681B021343A360EA685B
:1057800023681343236063680B4A13406A69134319
:10579000636070BD0054004000580040BBB3010876
:1057A000FFEFFFFFFFFFEFFFFF7FFFFFFFFBFFFFAD
:1057B000FFE0CF00FFFFFFF0FF7FFF078022002305
:1057C0001202036043608360C360036142618361CE
:1057D00070470F4B70B504000D00984206D00D4B7A
:1057E000984203D0C9210C480BF0E8FF012D08D9DD
:1057F000CA2109480BF0E2FF01232268134323600A
:1058000070BD002DF8D1012223689343F7E7C0460D
:105810000054004000580040BBB301080A4B10B5CB
:105820000400984206D0094B984203D0E021084872
:105830000BF0C4FF012322689A4322602268226889
:105840001343236010BDC046005400400058004080
:10585000BBB30108144B70B504000D00160098424C
:1058600007D0124B984204D08021114849000BF018
:10587000A5FF012E04D902210D48FF310BF09EFF38
:10588000FE232A009A4301D1002D04D1812108482A
:1058900049000BF093FF2368002E02D02B432360B6
:1058A00070BDAB43FBE7C0460054004000580040C9
:1058B000BBB30108104B70B504000D00984207D02F
:1058C0000E4B984204D08D210D4849000BF076FF15
:1058D000012D09D91C210A48FF310BF06FFF236805
:1058E000084A1340236070BD002DF8D18023226840
:1058F0009B021343F6E7C0460054004000580040A6
:10590000BBB30108FFFFFDFF0E4B70B504000D0097
:10591000984204D034210C48FF310BF04FFF012D89
:105920000AD99A21084849000BF048FF80232268D1
:10593000DB021343236070BD002DF7D12368034AB7
:105940001340F7E700540040BBB30108FFFFFBFF23
:10595000104B70B504000D00984207D00E4B9842D2
:1059600004D0A6210D4849000BF028FF012D0AD9CB
:105970004E210A48FF310BF021FF8023E2681B0211
:105980001343E36070BD002DF7D1E368044A134070
:10599000F7E7C0460054004000580040BBB3010880
:1059A000FF7FFFFF144B70B505000E0014009842F6
:1059B00007D0124B984204D0B821114849000BF08F
:1059C000FDFEFF2E04D972210D48FF310BF0F6FECB
:1059D000072C04D9B9210A4849000BF0EFFEEB6807
:1059E000084A24021340E022D2001440FE2216404E
:1059F00034431C43EC6070BD00540040005800402C
:105A0000BBB3010801F8FFFF104B70B504000D0097
:105A1000984207D00E4B984204D0C6210D48490049
:105A20000BF0CCFE012D0AD98E210A48FF310BF074
:105A3000C5FE802322681B031343236070BD002D25
:105A4000F7D12368044A1340F7E7C04600540040EA
:105A500000580040BBB30108FFFFF7FF104B70B5C3
:105A600004000D00984207D00E4B984204D0A621A6
:105A70000D48FF310BF0A2FE012D0AD9D3210A48AF
:105A800049000BF09BFE802322685B0213432360D6
:105A900070BD002DF7D12368044A1340F7E7C046D4
:105AA0000054004000580040BBB30108FFFFFEFF58
:105AB0000F4B70B505000C00984207D00D4B984273
:105AC00004D0E0210C4849000BF078FE8023DB0075
:105AD0009C4204D3C2210848FF310BF06FFE6B6873
:105AE000A4059B0A9B02A40D1C436C6070BDC046BC
:105AF0000054004000580040BBB30108104B70B583
:105B000004000D00984207D00E4B984204D0DC21CF
:105B10000D48FF310BF052FE012D0AD9EE210A4843
:105B200049000BF04BFE802362681B011343636046
:105B300070BD002DF7D16368044A1340F7E7C046F3
:105B40000054004000580040BBB30108FFF7FFFFBE
:105B50000F4B70B504000D00984207D00D4B9842D2
:105B600004D087210C4889000BF028FE012D09D9AB
:105B700009480A490BF022FE802362689B04134304
:105B8000636070BD002DF7D16368054A1340F7E7E5
:105B90000054004000580040BBB301081D02000043
:105BA000FFFFFFFD0F4B70B504000D00984206D0BB
:105BB0000D4B984203D00D480D490BF0FFFD012D10
:105BC00009D90A480B490BF0F9FD802362685B0490
:105BD0001343636070BD002DF7D16368064A13401C
:105BE000F7E7C0460054004000580040BBB301082E
:105BF0003502000036020000FFFFFFFE094B70B5C2
:105C000005000C00984206D0074B984203D0074885
:105C100007490BF0D3FD6B68064A240413401C436C
:105C20006C6070BD0054004000580040BBB30108D8
:105C30004F020000FFFF00FF0F4B70B504000E0085
:105C4000984206D00D4B984203D00D480D490BF0F9
:105C5000B5FD002E04D163680B4A1340636070BD2C
:105C60008025ED00AE4203D0054808490BF0A6FDA3
:105C700063681D436560F2E700540040005800402F
:105C8000BBB301086A020000FFFBFFFF6B020000CC
:105C90000F4B70B504000D00984207D00D4B984291
:105CA00004D0A1210C4889000BF088FD012D09D9F1
:105CB00009480A490BF082FD802362689B01134367
:105CC000636070BD002DF7D16368054A1340F7E7A4
:105CD0000054004000580040BBB30108850200009A
:105CE000FFDFFFFF0F4B70B504000D00984206D098
:105CF0000D4B984203D00D480D490BF05FFD012D6F
:105D000009D90A480B490BF059FD80236268DB0171
:105D10001343636070BD002DF7D16368064A1340DA
:105D2000F7E7C0460054004000580040BBB30108EC
:105D30009D0200009E020000FFBFFFFF0F4B70B5E9
:105D400004000D00984207D00D4B984204D0AE21BC
:105D50000C4889000BF032FD012D09D909480A4988
:105D60000BF02CFD802362685B011343636070BD00
:105D7000002DF7D16368054A1340F7E7005400404F
:105D800000580040BBB30108B9020000FFEFFFFF5D
:105D90000F4B70B504000D00984206D00D4B984291
:105DA00003D00D480D490BF009FD012D08D90A4813
:105DB0000B490BF003FD63680A4A1340636070BD32
:105DC000002DF8D1802362681B021343F6E7C0461A
:105DD0000054004000580040BBB30108D10200004D
:105DE000D2020000FF7FFFFF084B10B5040098426D
:105DF00007D0074B984204D0BA21064889000BF01F
:105E0000DDFCFE23A069000C184010BD00540040CA
:105E100000580040BBB30108084B10B5040098427D
:105E200006D0074B984203D0064807490BF0C6FC42
:105E3000A069C003C00F800210BDC04600540040DE
:105E400000580040BBB30108F9020000F8B51F007C
:105E50001E4B06000D001400984207D01C4B9842C0
:105E600004D0C9211B4889000BF0A8FC8023DB006B
:105E70009D4203D3174818490BF0A0FC174B1F4253
:105E800007D080239B049F4203D0124814490BF093
:105E900095FC8023069ADB019A420AD090239B014D
:105EA0009A4206D00F4B1A4203D00A480E490BF013
:105EB00085FC73680D4A24041340069A3C43AD05E3
:105EC000AD0D14432C431C437460F8BD00540040D6
:105ED00000580040BBB3010825030000FFFFFFFE90
:105EE00026030000FFDFFFFF27030000009800FCEF
:105EF0000D4B70B504000D00984203D00B480C49BF
:105F00000BF05CFC012D09D908480A490BF056FC3E
:105F100080232268DB031343236070BD002DF7D17B
:105F20002368054A1340F7E700540040BBB301085B
:105F3000690300006A030000FFFFBFFF0D4B70B54F
:105F400004000D00984203D00B480C490BF036FCBE
:105F5000012D09D908480A490BF030FC80236269F9
:105F60001B021343636170BD002DF7D16369054ABD
:105F70001340F7E700540040BBB301088203000060
:105F800083030000FF7FFFFF0E4B70B504000D0080
:105F9000984203D00C480D490BF010FC012D0AD992
:105FA000E721094889000BF009FC802362691B0680
:105FB0001343636170BD002DF7D163695B005B081B
:105FC000F7E7C04600540040BBB301089B03000044
:105FD0000D4B70B504000D00984203D00B480C49DE
:105FE0000BF0ECFB012D09D908480A490BF0E6FB40
:105FF000802362695B011343636170BD002DF7D19B
:106000006369054A1340F7E700540040BBB3010839
:10601000B5030000B6030000FFEFFFFF0D4B70B5A6
:1060200005000C00984204D0F4210B4889000BF0C5
:10603000C5FB80235B019C4203D3074807490BF053
:10604000BDFB6B6924051B0B1B03240D1C436C61FA
:1060500070BDC04600540040BBB30108D10300002E
:106060000D4B70B505000C00984203D00B480C494D
:106070000BF0A4FB80235B019C4204D3FB21074867
:1060800089000BF09BFB6B69064A24041340064A07
:1060900014401C436C6170BD00540040BBB3010848
:1060A000EB030000FFFF00F00000FF0F0D4B70B589
:1060B00004000D00984203D00B480C490BF07EFB06
:1060C000012D09D908480A490BF078FB8023226882
:1060D0001B041343236070BD002DF7D12368054ACC
:1060E0001340F7E700540040BBB30108050400006B
:1060F00006040000FFFF7FFF0D4B70B504000D008C
:10610000984203D00B480C490BF058FB012D09D9DC
:1061100008480A490BF052FB80232268DB04134332
:10612000236070BD002DF7D12368054A1340F7E7BF
:1061300000540040BBB301081E0400001F0400000F
:10614000FFFFFFFB054B10B50400984203D0044845
:1061500004490BF033FB206AC0B210BD005400406C
:10616000BBB3010835040000002337B50193144B7D
:1061700005000C00984206D0124B984203D01248FA
:1061800012490BF01BFB082C0BD81223FF33E34002
:10619000DB070FD50195019BE4180194019B18685A
:1061A0003EBD23000C3BDBB21C2B03D8084ADA406F
:1061B000D207EFD4044807490BF000FBEAE7C046DA
:1061C0000054004000580040BBB3010865040000C3
:1061D0001111111166040000074B70B504000D0089
:1061E000984206D0054B984203D0054805490BF06C
:1061F000E5FAA56270BDC04600540040005800405A
:10620000BBB301088E040000074B10B50400984290
:1062100006D0064B984203D0054806490BF0CEFA4B
:10622000606AC0B210BDC046005400400058004033
:10623000BBB301089C040000124B70B504000D00B4
:106240001600984206D0104B984203D00F481049D0
:106250000BF0B4FA012E04D999210C48C9000BF0B7
:10626000ADFA0C4B1D4201D1002D03D107480A495C
:106270000BF0A4FA2368002E02D02B43236070BDDC
:10628000AB43FBE70054004000580040BBB301089B
:10629000C7040000FF3FFFFFC9040000224B70B598
:1062A00005000C00984206D0204B984203D02048AD
:1062B00020490BF083FA80235B009C4207D01CD856
:1062C000202C14D8032C08D8631E012B0AD8A869E7
:1062D0002040431E9841C0B270BD174B221FD340CF
:1062E000DB07F4D4124815490BF068FAEFE72300F6
:1062F0004022403B9343F5D1E9E780235B019C4278
:10630000E5D009D80E4B0F4AE3181342DFD08023A3
:106310001B019C42E6D1DAE780239B019C42D6D048
:1063200080231B02F5E7C04600540040005800409F
:10633000BBB3010842050000111000104305000026
:1063400000FEFFFFFFFDFFFF0B4B70B504000D00CB
:10635000984206D0094B984203D0094809490BF0EE
:106360002DFA094B1D4201D1002D03D104480749E4
:106370000BF024FAE56170BD005400400058004065
:10638000BBB301086B0500000040FFFF6C05000077
:10639000244B70B505000C00984206D0224B984261
:1063A00003D0224822490BF009FA80235B009C426B
:1063B00029D01ED8202C14D8012C04D91D4BA21E84
:1063C000D340DB070AD419481B490BF0F7F9FC232B
:1063D0009B011C4217D1C0231C4207D12B682340CC
:1063E00014E023004022403B9343ECD140222B6831
:1063F0000BE080231B019C4205D00FD80F4A104BA5
:10640000E3181342DFD180222B681340AA690020D1
:10641000224202D05A1E9341D8B270BD094A0A4B9B
:10642000EEE7C0460054004000580040BBB30108EE
:106430008D050000454000408E050000FFFDFFFF78
:1064400000FEFFFFFFEFFFFF00F0FFFF0B4B70B5FB
:1064500004000D00984206D0094B984203D0094829
:1064600009490BF0ABF9094B1D4201D1002D03D1B5
:10647000044807490BF0A2F9E56170BD00540040E3
:1064800000580040BBB30108C905000001C0FFFF70
:10649000CA050000064B10B50400984205D000283C
:1064A00003D0302103480BF089F9034B1C6010BD69
:1064B00055550000E8B301080030004010B5040055
:1064C000062803D9442103480BF078F9024B5C609D
:1064D00010BDC046E8B3010800300040802310B56D
:1064E0005B010400984203D3512103480BF066F985
:1064F000024B9C6010BDC046E8B30108003000406C
:10650000014B024A1A60704700300040AAAA0000FE
:10651000802310B55B010400984203D3692103482E
:106520000BF04CF9024B1C6110BDC046E8B30108EA
:1065300000300040014B024A1A60704700300040B2
:10654000CCCC0000431E10B50400012B05D9042853
:1065500003D0A42104480BF031F9044BD868204043
:10656000431E9841C0B210BDE8B30108003000409E
:10657000F8B583780400012B03D9322115480BF0BC
:106580001DF96378032B03D9332112480BF016F958
:106590001F22012123781A409140A278002A16D0A8
:1065A000FF2703269A081E403B000B489200121852
:1065B000C020F600B340800015589D4363789B01CE
:1065C0003B40B3402B431350034B1960F8BD034BC2
:1065D000D967FBE716B4010800E100E004E100E040
:1065E00070B504000E00102803D80C4BC340DB0725
:1065F00003D456210A480BF0E1F80A4D012E07D9C1
:10660000582107480BF0DAF82B6923432B6170BD42
:10661000002EF9D12B69A343F8E7C046140001000E
:1066200016B4010800ED00E010B5094C042803D1B0
:1066300023681843206010BD053003D06F21054842
:106640000BF0BCF80422236893432360F3E7C046B1
:1066500010E000E016B40108084B10B504009842A1
:1066600009D0074B984206D0064B984203D0072129
:1066700005480BF0A3F80023236010BD240001405F
:10668000280001402C00014044B401080F4B70B5B4
:1066900004000D00984209D00D4B984206D00D4BD6
:1066A000984203D00F210C480BF088F802232A00EF
:1066B0009A4303D0102108480BF080F80222236887
:1066C0009343236023682B43236070BD2400014063
:1066D000280001402C00014044B401080C4B70B567
:1066E00004000D00984209D00A4B984206D00A4B8C
:1066F000984203D0192109480BF060F80123226861
:10670000002D02D01343236070BD9A432260FBE743
:1067100024000140280001402C00014044B401083D
:1067200010B5802464052000012100F023FD002124
:10673000200000F01FFD10BD10B5094C012809D93B
:10674000422108480BF03AF8802322685B0013438B
:10675000236010BD0028F7D12368034A1340F7E7F0
:106760000070004071B40108FFFEFFFF60230200CB
:1067700010B59A430400002A05D0802A03D07D2159
:1067800004480BF01BF8E021034A13688B431C43B9
:10679000146010BD71B401080070004010B5094CC0
:1067A000012808D9942108480BF008F81023226822
:1067B0001343236010BD0028F8D1102223689343AF
:1067C000F7E7C0460070004071B40108421E124B4A
:1067D000FF3A70B504000E001A420CD080231B0152
:1067E000984208D00D4B0E4AC318134203D0C12162
:1067F0000C480AF0E3FF0C4D012E07D9C2210948CD
:106800000AF0DCFF6B6823436B6070BD002EF9D18A
:106810006B68A343F8E7C046FFFEFFFF00E0FFFF01
:10682000FFDFFFFF71B4010800700040431E10B588
:106830000400012B04D9A321074849000AF0BEFF38
:106840000421064A13698B431361012C01D130BF27
:1068500010BD20BFFCE7C04671B4010800ED00E0A8
:1068600070B504000D00012804D9B8210F48490073
:106870000AF0A4FF6B1E012B04D972210B48FF31D3
:106880000AF09CFF03210A4A13688B431C43094BFF
:1068900014601A6901310A431A61012D04D130BF15
:1068A0001A698A431A6170BD20BFF9E771B4010803
:1068B0000070004000ED00E00423074A116819430E
:1068C00011600221106801431160044A11690B43F1
:1068D000136130BF7047C0460070004000ED00E01B
:1068E00010B50400082804D88B235B00C340DB07E5
:1068F00004D4CE210548FF310AF060FF044B5B68E9
:106900001C40631E9C41E0B210BDC04671B401083A
:1069100000700040431E10B50400012B04D9F32180
:10692000044849000AF04AFF034BA4001A681443C4
:106930001C6010BD71B40108007000400121114BB2
:1069400011481A680A431A605A6802405A601A6865
:106950000E4802401A601A680D4802401A605A68D0
:106960000C4802400F205A60DA6A8243DA621A6BDE
:10697000094802401A635A6B8A435A6300229A609C
:106980007047C046001002400CB8FF08FFFFF6FE3B
:10699000FFFFFBFFFFFFC0FFACFEFFFF10B50400D1
:1069A000012805D9052803D0942104480AF006FFE0
:1069B0000022034B1A701C7010BDC0469EB4010823
:1069C0000210024010B504001F2803D9D221054847
:1069D0000AF0F4FEF821044AE40013688B431C43D8
:1069E000146010BD9EB401080010024010B5094C9F
:1069F000012808D9F22108480AF0E0FE01232268A4
:106A00001343236010BD0028F8D10122236893436B
:106A1000F7E7C046001002409EB4010810B504001C
:106A20001F2804D98721064849000AF0C7FEF8212B
:106A3000044AE400536B8B431C43546310BDC046AF
:106A40009EB401080010024010B5094C012809D974
:106A50002C210848FF310AF0B1FE0123626B134379
:106A6000636310BD0028F8D10122636B9343F7E7FD
:106A7000001002409EB4010810B5094C012809D944
:106A8000A021084849000AF099FE0422636B934351
:106A9000636310BD0028F8D10423626B1343F7E74A
:106AA000001002409EB4010810B50400012806D968
:106AB000052804D0B021084849000AF07FFE0121D2
:106AC000064B1A6A8A431A621A6A03318A431A62A7
:106AD0001A6A22431A6210BD9EB4010800100240D7
:106AE00010B50400182803D8084BC340DB0704D4B2
:106AF000BD21074849000AF061FE1821054B1A6ABA
:106B00008A431A621A6A22431A6210BD0101010106
:106B10009EB401080010024010B5094C012809D9A3
:106B2000C921084849000AF049FE0123626A13435B
:106B3000636210BD0028F8D10122636A9343F7E72E
:106B4000001002409EB401081A4B70B505000C00FD
:106B5000184208D080235B02984204D0B221164824
:106B6000FF310AF02BFE2300144A1340144216D0C2
:106B700080225203934212D08022920393420ED07D
:106B8000C0220F4B92032340934208D0E0239B0383
:106B90009C4204D0D921084849000AF00FFE094B55
:106BA00009495A680A405A60586820432843586087
:106BB00070BDC046FF7FFFFF9EB40108FFFFF3FFDB
:106BC000FFFFFBFF00100240FF7FC2FF10B50A4C21
:106BD00001280AD9CA210948FF310AF0EFFD8023B4
:106BE00022685B041343236010BD0028F7D123689B
:106BF000034A1340F7E7C046001002409EB4010864
:106C0000FFFFFFFE10B504000F2804D9E22105485C
:106C1000FF310AF0D3FD0F21034AD36A8B431C4393
:106C2000D46210BD9EB401080010024010B50A4C99
:106C300001280AD9FD21094849000AF0BFFD802337
:106C400022681B031343236010BD0028F7D123687B
:106C5000034A1340F7E7C046001002409EB4010803
:106C6000FFFFF7FF70B504000D00072805D987283E
:106C700003D00D480D490AF0A1FD2A000C4B1A4023
:106C80001D4207D08023DB059A4203D006480949FC
:106C90000AF094FD084B094A59682406114029431B
:106CA0000C435C6070BDC0469EB401083E0200000B
:106CB000FFFFFFCF3F02000000100240FFFFFF0870
:106CC00010B50400022804D9AC21054889000AF057
:106CD00075FD0321034A53688B431C43546010BD68
:106CE0009EB4010800100240024B58680C23184063
:106CF0007047C046001002408023020010B59A433E
:106D00000400002A14D0202302009A43902A0FD0B6
:106D1000402302009A43A02A0AD0102302009A437B
:106D2000C02A05D0F02803D0054806490AF046FDE0
:106D3000F021054A53688B431C43546010BDC04684
:106D40009EB40108E1020000001002400D4B10B596
:106D5000040018420ED0A0220B4BD20003409342F5
:106D600008D0C023DB00984204D0C0210748890026
:106D70000AF024FD064A074953680B401C4354603F
:106D800010BDC046FFFBFFFFFFFDFFFF9EB40108E3
:106D900000100240FFF8FFFF0F4B10B5040018422F
:106DA00007D00E4B984204D0C7210D4889000AF045
:106DB00005FD0C4B0C495A680A405A605968A2B24A
:106DC0000A435A601A6B0949240C0A401A631A6B69
:106DD00014431C6310BDC046FFFFFFFE00400001CE
:106DE0009EB4010800100240FFBFFFFFFFFEFFFF3F
:106DF0004023020010B59A430400002A03D006483D
:106E000006490AF0DBFC4021054B1A6B8A431A63E2
:106E10001A6B22431A6310BD9EB4010835030000AB
:106E2000001002401023020010B59A430400002A0B
:106E300003D0064806490AF0C1FC1021054B1A6B25
:106E40008A431A631A6B22431A6310BD9EB4010869
:106E5000490300000010024010B50400032803D9C4
:106E6000064807490AF0AAFC0321064B1A6B8A431D
:106E70001A631A6B22431A6310BDC0469EB4010800
:106E80005F030000001002400C22F8B5324C0500F0
:106E900063681340082B47D163686068C02107000E
:106EA0009B0C0332490213400F409E1C08422DD117
:106EB0002A4B5E4331002E60626829481206120F89
:106EC000825CD140696062685205520F825CD14099
:106ED000A960226BD20529D560688A08400400D4D5
:106EE0004A081120EA60226B1E4B5206D2178243D9
:106EF000D2182A61206B3200C00600D41A4A6A6197
:106F00000322206B104213D1A961F8BD80231B021C
:106F10009F4201D1144BCCE7E16A13481140013183
:106F200012F01AF84643C5E70F4EC3E70F4AD8E7F9
:106F3000216B1140012901D1AE61E6E7236B1340BB
:106F4000022B03D180231B02AB61DEE7236B1340CE
:106F5000032BDAD1044BF7E70010024000093D0093
:106F600010A001081280000000127A00809FD50056
:106F700080220A4B10B5034004005200934207D010
:106F800080239B00984203D0054806490AF016FC6E
:106F9000054A136A2343136210BDC046FFFDFFFF7D
:106FA0009EB401083E0400000010024010B5094CD8
:106FB000012809D9084809490AF000FC8023226AFF
:106FC0001B021343236210BD0028F7D1236A044A31
:106FD0001340F7E7001002409EB401084F04000080
:106FE000FF7FFFFF10B5094C012809D9084809495E
:106FF0000AF0E4FB8023226A5B021343236210BD84
:107000000028F7D1236A044A1340F7E70010024032
:107010009EB4010866040000FFFFFEFF0D4B70B533
:1070200004000E00184201D1002803D10A480B4980
:107030000AF0C4FB0A4D012E07D9074809490AF096
:10704000BDFB6B6923436B6170BD002EF9D16B6989
:10705000A343F8E7AAFFA1FE9EB401088A0400003A
:10706000001002408B040000F8B50C4F05000E0024
:1070700038000B490AF0A2FB0A4C012E08D99621D0
:107080003800C9000AF09AFBA3692B43A361F8BD3D
:10709000002EF9D1A369AB43F8E7C0469EB40108BE
:1070A000AF04000000100240F8B50E009B210B4F0A
:1070B0000500C90038000AF081FB094C012E07D9F0
:1070C000380008490AF07AFBE3692B43E361F8BD15
:1070D000002EF9D1E369AB43F8E7C0469EB401083E
:1070E00000100240D90400000D4B70B504000E00E2
:1070F000184201D1002803D10A480B490AF05EFB6F
:107100000A4D012E07D9074809490AF057FBAB6A17
:107110002343AB6270BD002EF9D1AB6AA343F8E7FD
:10712000FFFFA1FE9EB40108F6040000001002401B
:10713000F7040000F8B50C4F05000E0038000B49AD
:107140000AF03CFB0A4C012E08D9A3213800C900E3
:107150000AF034FBE3682B43E360F8BD002EF9D15D
:10716000E368AB43F8E7C0469EB40108170500008A
:1071700000100240F8B50B4F05000E0038000A4918
:107180000AF01CFB094C012E07D9380008490AF007
:1071900015FB23692B432361F8BD002EF9D1236928
:1071A000AB43F8E79EB401083B0500000010024025
:1071B0003C050000431E70B504000E003E2B03D9B1
:1071C00009480A490AF0FAFA094D012E07D906487A
:1071D00008490AF0F3FA2B7823432B7070BD002E78
:1071E000F9D12B78A343F8E79EB401086E0500009F
:1071F000091002406F05000070B50400174D5728B4
:1072000029D013D8412826D014D821281BD011D832
:10721000102302009A43012A01D019280AD12868B4
:107220001F231C40E0401E3B184070BD5F280CD857
:10723000582810D1B3210A48C9000AF0BFFA6309DF
:10724000EDD0012B05D1286AEAE76128F2D1686BFD
:10725000E6E7022BFBD1686AE2E7C0460010024075
:107260009EB4010813B50023A0240193E40111206A
:10727000FFF7C2FF019B01330193019BA34201D0A1
:107280000028F4D01120FFF7B7FF431E9841C0B289
:1072900016BD8023024A5B04516A0B435362704758
:1072A0000010024010B50400202816D8032807D883
:1072B000431E012B0AD90A480A490AF07FFA05E061
:1072C000094B021FD2B2D340DB07F4D5074B9868B5
:1072D0002040431E9841C0B210BD8028F6D0EAE796
:1072E0009EB40108DD0500001110001000100240DE
:1072F00010B50400430601D4002803D10348044913
:107300000AF05CFA034B1C7010BDC0469EB4010825
:10731000FC0500000A1002400023092803D81B01C5
:107320001843C0B2704701330A38DBB2C0B2F4E789
:10733000030902000A200F2158430A408018C0B2F6
:107340007047002303607F3343608033836070475E
:1073500010B5084C012806D9D72107480AF02EFAA3
:10736000FF23636210BD0028FAD1CA236362773B12
:10737000F7E7C04600280040CBB40108002313B54E
:10738000402401930B4B0120DA68224211D10122E3
:1073900080205242DA60C001DA680199224001314E
:1073A00001910199814201D0002AF5D0D8684006A8
:1073B000C00F16BD002800408021024AD3688B43CD
:1073C000D3607047002800404022036870B59343A3
:1073D0000500002B03D0952118480AF0EFF96B68DF
:1073E0007F2B03D9962115480AF0E8F98023AA6873
:1073F0001B029A4203D3972110480AF0DFF9CA23EF
:107400000F4C6362773B6362FFF7B8FF002811D02F
:107410004022A3689343A360A3682A681343A36030
:10742000AB6823616B6822691B0413432361FFF778
:10743000C3FF0120FF23636270BDC046CBB40108C7
:1074400000280040002313B5202401930F4B012096
:107450009A68224218D1CA22A02180205A62773A23
:107460005A62DA6800028A43DA60DA6801992240D7
:10747000013101910199814201D0002AF5D0FF220A
:10748000D8685A628006C00F16BDC046002800406A
:10749000CA2310B50E4C6362773B6362FFF76EFF41
:1074A000002812D000230B4A23606260A2680A4AB7
:1074B000A3602261E361E362E3636364E3602364E6
:1074C000FFF7C0FF431E9841C0B2FF23636210BDA7
:1074D0000028004001210000FF007F0070B505007A
:1074E000012804D9B5210E4849000AF067F9CA23DA
:1074F0000C4C6362773B6362FFF740FF002808D0C3
:107500001023A268002D07D01343A360FFF754FF98
:107510000120FF23636270BD9A43A260F6E7C04674
:10752000CBB401080028004010B50400012804D99C
:10753000CC210B4849000AF041F9CA22094B5A6292
:10754000773A5A62002C06D09968333A0A439A6017
:10755000FF225A6210BDDF219A680A40F7E7C04651
:10756000CBB4010800280040F8B50C00524D0128AA
:1075700056D9D2215148FF310AF020F9AE6820785F
:10758000FFF7D6FE402332001A401E4200D18BE0A6
:1075900001380B2804D9E8214848FF310AF00EF9D8
:1075A0004022E378934304D0F421444849000AF090
:1075B00005F96078FFF7BCFE3B2804D9F0213F486D
:1075C000FF310AF0FBF8A078FFF7B2FE3B2804D9A0
:1075D000F8213A4849000AF0F1F8237862781B0450
:1075E00012021343A278E478134324041C43CA23F1
:1075F0006B62773B6B62FFF7C1FE00280DD0304B0A
:107600001C402C60FFF7D8FEAB6801209B0604D419
:10761000FFF718FF431E9841C0B2FF236B62F8BD0D
:107620000B780028AAD1A968402208001040114216
:1076300033D0013B0B2B04D9D8212048FF310AF06D
:10764000BDF84022E378934304D0EC211B48490065
:107650000AF0B4F863783B2B04D9E0211748FF31D6
:107660000AF0ACF8A3783B2B04D9F0211348490069
:107670000AF0A4F82078FFF74FFE07006078FFF7C4
:107680004BFE0600A078FFF747FEE4783F04240491
:1076900004433C4336023443A9E7E070172BD9D9A1
:1076A000DE210648FF31D3E7E270172800D880E7D3
:1076B000EE210248FF317AE700280040CBB40108F0
:1076C0007F7F7F000023C370037043708370704717
:1076D000F8B506000C00012803D9114811490AF039
:1076E0006DF8114B114A1B683F2013401A0C1D0AFC
:1076F000DFB240231040EDB21A4020706570A770D1
:10770000E270002E0AD1FFF713FE20702800FFF769
:107710000FFE60703800FFF70BFEA070F8BDC0468A
:10772000CBB401084B020000002800407F7F7F009F
:10773000014B986A5B68704700280040F8B5060066
:107740000D00012820D93E483E490AF037F8E87874
:10775000FFF7EEFD632804D9A521394889000AF016
:107760002DF86878FFF7E4FD01380B2803D9344879
:1077700035490AF023F8A878FFF7DAFD01381E280A
:1077800023D9A6212E481DE00028E0D110224B78F5
:10779000134202D093430A334B70EB78632B03D927
:1077A00027482A490AF00AF86B78013B0B2B03D9CA
:1077B000234827490AF002F8AB78013B1E2B04D975
:1077C000A4211F48890009F0F9FF2B78013B062B03
:1077D00003D91B481F4909F0F1FFE8786F78AC78AE
:1077E0002D786D03002E1ED00004CA2328431A4DA5
:1077F00004436B62773B3F026B623C43FFF7BEFD85
:1078000000280DD0154B1C406C60FFF7D5FDAB6810
:1078100001209B0604D4FFF715FE431E9841C0B219
:10782000FF236B62F8BDFFF777FD06003800FFF716
:1078300073FD07002000FFF76FFD3404D5E7C04655
:10784000CBB4010886020000960200008E02000000
:107850008F0200009A020000002800403FFFFF0056
:1078600001230370837043700023C3707047F8B521
:1078700006000C00012803D90F48104909F09EFFAB
:107880000F4B104A5B681340180CDD04DFB21B0479
:10789000ED0E5B0FE0706570A7702370002E0AD1AB
:1078A000FFF746FDE0702800FFF742FD60703800EA
:1078B000FFF73EFDA070F8BDCBB40108F302000055
:1078C000002800403FFFFF00F7B506000D00140040
:1078D000012803D969486A4909F070FF80235B00D9
:1078E0009D4204D0CC216548890009F067FF626899
:1078F000644B1A4203D06148634909F05FFFA268F4
:10790000624B1A4203D05D48614909F057FF207865
:10791000604D002E56D1AB685B0648D501380B2868
:1079200004D9CE215548890009F048FF4022E37868
:10793000934303D05148584909F040FF63783B2BEB
:1079400004D9D0214D48890009F038FFA3783B2B9A
:1079500003D94A48514909F031FF237BA268013B12
:10796000DBB2002A29D11E2B03D944484C4909F027
:1079700025FF2078FFF7D0FC06006078FFF7CCFCED
:107980000190A078FFF7C8FC0700207BFFF7C4FC3C
:107990006268A36836041343E278000612041343B6
:1079A0003B431E43019B1B021E43304352E0E670E3
:1079B0001728C3D931483B49BEE7062BD9D92F48F0
:1079C0003949D4E7AE68FFF7B3FC402332001A40D0
:1079D0001E4247D001380B2803D92848334909F003
:1079E000EDFE4022E378934303D02448304909F068
:1079F000E5FE6078FFF79CFC3B2803D91F482D4922
:107A000009F0DCFEA078FFF793FC3B2803D91B4864
:107A1000294909F0D3FE207BFFF78AFCA6680138CC
:107A2000002E25D11E2804D9D8211448890009F038
:107A3000C5FE6368A0681843A378184323781B0425
:107A4000184363781B021843E3781B041843237B15
:107A50001B061843CA236B62773B6B62AC33E86149
:107A60006B62F7BDE2701728C3D904481349BEE71B
:107A70000628DED901481249D9E7C046CBB401082F
:107A80002F0300007F7F7F7F31030000FFFFFFBFD8
:107A900032030000002800403903000041030000C9
:107AA000450300003E0300004903000051030000AD
:107AB000520300005A0300005B030000570300005C
:107AC0006503000000230360436083600133037398
:107AD0007047F7B50D0014000190012804D9ED217D
:107AE0001C48890009F06AFE80235B009D4203D098
:107AF0001848194909F062FE4026184B7F25DB69BA
:107B00003F211A0C10003240E2708022D2051A4048
:107B1000A260134A1F0A2F401E0E1D4013406360CF
:107B2000019B08400E4020706770A5702673002BE3
:107B30000ED1FFF7FDFB20703800FFF7F9FB6070F6
:107B40002800FFF7F5FBA0703000FFF7F1FB207372
:107B5000F7BDC046CBB40108B503000000280040C3
:107B600080808080002337B504000D000193C30599
:107B700004D4F9211648890009F020FE012D03D90B
:107B80001348144909F01AFECA22134B5A62773A75
:107B90005A629A68002D05D0012022439A60FF2284
:107BA0005A623EBD8020A2439A60240AC001DA686E
:107BB00001992240013101910199814201D0002AAD
:107BC000F5D0D8682040421E9041C0B2E7E7C046D9
:107BD000CBB40108E503000000280040802370B505
:107BE0005B000D001400984203D00F480F4909F0C4
:107BF000E5FD80231B029D4203D30B480C4909F08D
:107C0000DDFD0F2C04D988210748C90009F0D6FDF5
:107C1000CA22084B24065A62773A5A622C43AC3285
:107C20005C645A6270BDC046CBB401083E040000DB
:107C30003F04000000280040024B586C4004400CF8
:107C40007047C0460028004010B50400042805D93C
:107C5000062803D009480A4909F0B0FDCA220721C5
:107C6000084B5A62773A5A629A688A439A609A68CD
:107C700022439A60FF225A6210BDC046CBB401086D
:107C80008704000000280040802310B55B02040038
:107C9000984203D30648074909F090FDCA22064BD3
:107CA0005A62773A5A62AC325C615A6210BDC04681
:107CB000CBB40108A304000000280040014B586920
:107CC00080B2704700280040002313B504000193E0
:107CD000012803D91448154909F070FDCA22144B34
:107CE0005A62773A5A62002C08D0802201209968A3
:107CF000D2000A439A60FF225A6216BD80240420F3
:107D00009A680C49E4010A409A60DA6801990240D5
:107D1000013101910199A14201D0002AF5D0D86822
:107D20004007C00FE7E7C046CBB40108CA04000013
:107D300000280040FFFBFFFF104B70B5C218104B2E
:107D400004000D001A4203D00E480F4909F036FD19
:107D50000E4E354203D00B480D4909F02FFDCA22C3
:107D60000C4B5A62773A5A629A6832409A60FF2204
:107D700098682843204398605A6270BD0000FFFF56
:107D8000FFFFFEFFCBB4010814050000FFFFFBFF5F
:107D90001505000000280040024B98688023DB0294
:107DA0001840704700280040104B70B504000D00CB
:107DB000184203D00E480F4909F000FD0E4B1D423A
:107DC00003D00B480D4909F0F9FCCA220C4B0D49B0
:107DD0005A62773A5A629A680A409A60FF22986813
:107DE0002843204398605A6270BDC046FFFFDFFF02
:107DF000CBB4010853050000FFFFEFFF540500005E
:107E000000280040FFFF8FFF10B50400012803D9B0
:107E10000B480C4909F0D2FCCA220B4B5A62773A44
:107E20005A62002C07D08022996812040A439A6093
:107E3000FF225A6210BD9A6804490A40F7E7C0461B
:107E4000CBB401087D05000000280040FFFF7FFF44
:107E500070B50B4D0400284203D00A480A4909F0C6
:107E6000ADFCCA22094B5A62773A5A629A682A4094
:107E70009A609A6822439A60FF225A6270BDC04697
:107E8000FFFFF7FFCBB401089D050000002800406C
:107E90001D4B70B505000C001600184207D080235A
:107EA000DB01984203D01948194909F087FC194BA6
:107EB0001C4203D01548184909F080FC80239B0020
:107EC0009E4204D3B9211148C90009F077FCCA22A7
:107ED0008021124B49025A62773A5A62DA680A42A2
:107EE00006D00F4AD868084202D0013A002AF9D1D8
:107EF000DA680020D20303D434432C43DC6301301E
:107F0000FF225A6270BDC046FFDFFFFFCBB40108FD
:107F1000C6050000FF7FFFFFC705000000280040E6
:107F2000011000000823020070B59A4304000D0000
:107F3000002A03D00E480F4909F040FC012D04D956
:107F4000C2210B48C90009F039FC0B4B0B499A6858
:107F50000A401443002D02D0802212011443CA2289
:107F60005A62773A5A62AC329C605A6270BDC0461F
:107F7000CBB401080F06000000280040F7F7FFFF10
:107F8000F0B585B00D0014000290012803D92048F7
:107F9000204909F013FC3F2040211F4B1F4A1E6B54
:107FA0005B6B16401E4A370A1340320C10400A40E1
:107FB000EA700022FFB2F6B228706F70AE70E27005
:107FC000DA04D20E00926270DAB21B045B0F0193E6
:107FD0002370029B0392A270002B16D1FFF7A8F921
:107FE00028703800FFF7A4F968703000FFF7A0F997
:107FF000A8700098FFF79CF960700398FFF798F954
:10800000A0700198FFF794F9207005B0F0BDC0464C
:10801000CBB401083C060000002800407F7F7F00B1
:108020003FFFFF00014B986B7047C046002800409F
:108030002923020070B59A4304000E00002A01D1E2
:10804000002803D10A480B4909F0B8FB0A4D640027
:10805000012E06D90648094909F0B0FB2B6C2343D1
:1080600003E0002EFAD12B6CA3432B6470BDC046F5
:10807000CBB401088A060000002800408B060000EF
:108080002923020070B59A4304000E00002A01D192
:10809000002803D109480A4909F090FB094D012E37
:1080A00007D90648084909F089FB2B6C23432B6448
:1080B00070BD002EF9D12B6CA343F8E7CBB40108B7
:1080C000A606000000280040A706000070B5084D75
:1080D0000400284203D00748074909F06FFB074B0B
:1080E0001A6C2A401A641A6C22431A6470BDC04686
:1080F000FFE7FFFFCBB40108C506000000280040E1
:1081000002000B4B10B51A400400184207D0802320
:10811000DB009A4203D00748074909F04FFB074BA1
:1081200007491A6C0A401A641A6C22431A6410BD7B
:10813000FFFCFFFFCBB40108E70600000028004069
:10814000FFF8FFFF70B5084D0400284203D0074830
:10815000074909F033FB074B1A6C2A401A641A6C62
:1081600022431A6470BDC046FF9FFFFFCBB40108D5
:10817000FE0600000028004010B5094C012808D96F
:108180000848094909F01AFB8023226C1343236431
:1081900010BD0028F8D18022236C9343F7E7C04636
:1081A00000280040CBB401081207000010B5094CAC
:1081B000012808D90848094909F000FB236C084A3E
:1081C0001340236410BD0028F8D18023226C1B02C9
:1081D0001343F6E700280040CBB40108290700004C
:1081E000FF7FFFFF002337B504000D000193042833
:1081F00003D90648064909F0E1FA064BA4000193A9
:10820000019BE4180194019B1D6037BDCBB40108AC
:108210005407000050280040002313B504000193C8
:10822000042803D90648074909F0C8FA064BA400F8
:108230000193019BE4180194019B186816BDC04688
:10824000CBB40108690700005028004070B5084D04
:108250000400284203D00748074909F0AFFA074B4A
:108260001A6C2A401A641A6C22431A6470BDC04604
:10827000FFFFFBFFCBB401088F0700000028004080
:1082800070B5430005000E00002B04D0F7211648FE
:10829000C90009F093FA80231B029E4203D31248BF
:1082A000124909F08BFACA230822114C6362773B0A
:1082B0006362E368134206D00E4BE168114202D0BC
:1082C000013B002BF9D1E36800201B0709D4A36808
:1082D000DB0606D43543E562FFF7B4F8431E984148
:1082E000C0B2FF23636270BDCBB40108B9070000C0
:1082F000002800400110000070B504000D000028A7
:1083000002D0134B184203D01248134909F056FA11
:10831000012D03D90F48114909F050FACA22200053
:108320000F4B5A62773A5A624F3A9043996822400B
:10833000002D07D001439960196C0A431A64FF228B
:108340005A6270BD81439960196C91431964F6E7D4
:10835000FB6FFFFFCBB401082208000023080000D8
:1083600000280040802310B55B000400984206D02E
:108370001CD8202817D803280AD801280DD1164B5D
:10838000D868164B20401840431E9841C0B210BD1B
:10839000134B021FD340DB07F1D48521114809019B
:1083A00009F00CFAEBE74028F7D1E8E780239B01BE
:1083B0009842E4D009D80C4B0C4AC3181342DED0C3
:1083C00080235B019C42E8D1D9E78023DB019842FE
:1083D000D5D080235B02F5E70028004078790100C2
:1083E00011100010CBB4010800FCFFFFFFFBFFFFE2
:1083F00010B5041E02D0094B184204D0872108484A
:10840000090109F0DBF90749074A0C4080210C43B8
:10841000E443D3680B401C43D46010BDDF86FFFFEC
:10842000CBB401087FFF010000280040802370B515
:108430001B02040098420CD080235B01984208D0B4
:10844000104B114AC318134203D01048104909F0C9
:10845000B5F925000F490B6C8A68C868A10CCD409E
:10846000E90B0B40042122400B40134300229342AE
:1084700005D0CC40204080B2431E9841C2B21000CB
:1084800070BDC0460000FEFFFFFFFDFFCBB401083A
:10849000860800000028004010B5041E02D0094BD9
:1084A000184203D00848094909F088F980212409B5
:1084B000A4B20C43E443064AD3680B401C43D46087
:1084C00010BDC046FF6FF9FFCBB40108AC08000037
:1084D00000280040104B10B598420AD1802001219D
:1084E0004001FEF727FE802000214001FEF722FE1A
:1084F00010BD0A4B984204D04A21094809F05EF9A0
:10850000F6E780200121C001FEF734FE8020002123
:10851000C001FEF72FFEEBE70030014000380040BD
:10852000F8B401080023E02203804380D200C38016
:10853000038143818381C381073382800382704733
:10854000534B70B505000C00984206D0514B984231
:1085500003D08821504809F031F923884F4E334227
:1085600009D04F4A134080221202934203D08B213C
:10857000494809F023F9822263885200934205D0CA
:10858000002B03D08C21444809F018F93200C02197
:10859000A388444E89001A408A4219D0424A0131C8
:1085A000FF311A408A4213D0C0221900D200314054
:1085B00091420DD080213D4A09011A408A4207D0DC
:1085C000F0221201934203D08D21334809F0F6F8CE
:1085D0000222E388934303D08E212F4809F0EEF85E
:1085E0002389012B03D98F212B4809F0E7F86289F1
:1085F0002F4B1A4203D09021274809F0DFF8A389B6
:10860000002B12D0182B08D8072B04D89121224810
:1086100009F0D4F809E0274A04E0203B9BB2182B6C
:10862000F4D8254ADA40D207F0D58022E389934373
:1086300003D09221184809F0C1F8238A002B03D1F6
:108640009321154809F0BAF8C1232A889B01E189D2
:108650001A4023880B43E1880B4321890B4361892E
:108660000B43A1890B431A432A80AB88134A13405A
:10867000A28813430422AB80238A2B822B88934346
:10868000628813432B80AB8B3340AB8370BDC046F5
:108690000030014000380040F8B40108FFFBFFFF44
:1086A000FFBFFFFFFFF7FFFFFFF6FFFFFFFCFFFF2E
:1086B000FFFDFFFF0001010101010101FFF0FFFFCC
:1086C0000023022203604360826083817047F0B51B
:1086D000454B05000C0089B0984203D0F421434873
:1086E00009F06CF82288424B1A4203D0F5213F482A
:1086F00009F064F8638830221900914305D0B02B4B
:1087000003D0F621394809F059F8A288052A03D880
:108710002B23D340DB0703D4F721344809F04EF86C
:10872000E288344B1A4203D0F821304809F046F869
:10873000314AA3689918314A914205D9022B03D0D6
:10874000F9212A4809F03AF80822A389934303D073
:10875000FA21264809F032F8AB8B294A1340AB8343
:1087600002232B84AE8BA368A788B6B2022B13D149
:10877000002202231343E28813432B846288238858
:1087800013431E43A3881E43A3891E4380231B015A
:108790003343AB8309B0F0BD01A8FEF775FB7B1E28
:1087A0009F418023E288019801379B009A4215D1AE
:1087B000030A0A205843A16810F0CEFB05300A21B5
:1087C00080B210F0C9FB0123020098431A4043080D
:1087D0009BB2991EFD29CBD81202CBE7790110F08C
:1087E000BBFB0A23E6E7C04600300140F8B40108AD
:1087F000FFFCFFFFFFFDFFFFC0E0FFFFC0CE020058
:1088000040F0FFFF0F4B70B504000D00984207D0F9
:108810000D4B984204D0AB210C48490008F0CEFF24
:10882000012D09D958210948FF3108F0C7FF40231D
:1088300022881343238070BD002DF8D14022238865
:108840009343F7E70030014000380040F8B40108D6
:108850000E4B70B504000D00984204D0BB210C48AB
:10886000490008F0ABFF012D09D978210848FF31F4
:1088700008F0A4FF1023A2881343A38070BD002D2D
:10888000F8D11022A3889343F7E7C0460030014097
:10889000F8B401080E4B70B504000D00984204D0E6
:1088A00090210C48FF3108F089FF012D0AD9C82119
:1088B0000848490008F082FF8023A28BDB001343A5
:1088C000A38370BD002DF7D1A38B034A1340F7E7B4
:1088D00000300140F8B40108FFFBFFFF1A4B70B5F0
:1088E00005000C00984207D0184B984204D0DB21B9
:1088F0001748490008F062FFC022164B920023403F
:1089000093421AD0144B0132FF322340934214D0C9
:10891000C022124BD200234093420ED08022104B33
:1089200012012340934208D0F0231B019C4204D043
:10893000B8210748FF3108F041FFAB88094A1340CE
:108940001C43AC8070BDC046003001400038004080
:10895000F8B40108FFFBFFFFFFF6FFFFFFF7FFFF83
:10896000FFFCFFFFFFF0FFFF0E4B70B504000D0092
:10897000984207D00C4B984204D0D0210B48FF31CD
:1089800008F01CFF0A4E354204D0E8210748490090
:1089900008F014FFA3883340A380A3882B43A3804F
:1089A00070BDC0460030014000380040F8B40108F6
:1089B000FFEFFFFF114B70B504000D00984207D088
:1089C0000F4B984204D0E6210E48FF3108F0F6FE26
:1089D0000D4B9D420CD08023DB019D4203D12388A7
:1089E0001D43258070BDF3210648490008F0E6FECE
:1089F0002388064A13402380F4E7C0460030014034
:108A000000380040F8B40108FFBF0000FFBFFFFFBF
:108A1000104B70B504000D00984206D00E4B9842E2
:108A200003D00E480E4908F0C9FE80235B009D422A
:108A30000BD00C4B9D4204D123880B4A134023805A
:108A400070BD0648094908F0B9FE802322885B0002
:108A50001343F4E70030014000380040F8B4010847
:108A600001020000FFFE0000FFFEFFFF0202000007
:108A70000F4B70B504000D00984207D00D4B984283
:108A800004D087210C48890008F098FE012D08D9F0
:108A900009480A4908F092FE0423A2881343A380E0
:108AA00070BD002DF8D10422A3889343F7E7C04698
:108AB0000030014000380040F8B401081D020000F9
:108AC0000E4B70B504000D00984206D00C4B984236
:108AD00003D00C480C4908F071FE012D08D9094853
:108AE0000A4908F06BFE0823A2881343A38070BDD7
:108AF000002DF8D10822A3889343F7E70030014006
:108B000000380040F8B40108390200003A020000C1
:108B1000074B70B504000D00984206D0054B9842F3
:108B200003D00548054908F049FE257370BDC046CD
:108B30000030014000380040F8B401087102000024
:108B4000074B70B504000D00984206D0054B9842C3
:108B500003D00548054908F031FEA58170BDC04627
:108B60000030014000380040F8B4010883020000E2
:108B7000007BC0B27047808980B270470D4B70B5E2
:108B800004000D00984206D00B4B984203D00B48CE
:108B90000B4908F013FE0B4E354203D007480A4933
:108BA00008F00CFE23883340238023882B43238046
:108BB00070BDC0460030014000380040F8B40108E4
:108BC000F1020000FFF7FFFFF20200000F4B70B54B
:108BD00004000D00984206D00D4B984203D00D487A
:108BE0000D4908F0EBFD012D0AD9C2210948890081
:108BF00008F0E4FD802322889B011343238070BD8D
:108C0000002DF7D12388054A1340F7E700300140D3
:108C100000380040F8B4010807030000FFDFFFFF41
:108C2000084B10B50400984206D0074B984203D079
:108C30000648074908F0C2FD802322885B011343E0
:108C4000238010BD0030014000380040F8B4010816
:108C50001E0300000C4B70B504000D00984206D0B6
:108C60000A4B984203D00A480A4908F0A7FD012D93
:108C700006D90748084908F0A1FD208B80B270BDD5
:108C8000012DFAD1A08AF9E70030014000380040F8
:108C9000F8B401083103000032030000074B10B59F
:108CA0000400984206D0064B984203D00548064976
:108CB00008F084FD208A80B210BDC046003001401B
:108CC00000380040F8B401084A030000114B70B5A9
:108CD00004000D001600984207D00F4B984204D0B4
:108CE000DC210E48890008F069FD012E03D90B48EC
:108CF0000B4908F063FD6B1E022B03D90748094995
:108D000008F05CFDA388002E02D02B43A38070BD29
:108D1000AB43FBE70030014000380040F8B40108E5
:108D200071030000720300000D4B70B504000D00CC
:108D3000984206D00B4B984203D00B480B4908F0E1
:108D40003DFD0B4E354203D007480A4908F036FD79
:108D5000A3883340A380A3882B43A38070BDC04663
:108D60000030014000380040F8B4010895030000CD
:108D7000FF9FFFFF96030000164B70B504000D0027
:108D80001600984207D0144B984204D08021134813
:108D9000C90008F013FD012E03D91048104908F04E
:108DA0000DFD712D08D02B00EF22503B134203D054
:108DB0000A480C4908F002FD01232D09AB40A288A6
:108DC0009BB2002E02D01343A38070BD9A43A280B1
:108DD000FBE7C0460030014000380040F8B401080D
:108DE0000104000002040000C02300895B01184058
:108DF0007047C0230089DB0018407047184B70B5DE
:108E000005000C00984206D0164B984203D0164835
:108E1000164908F0D3FC202C15D8032C08D8631E63
:108E2000012B0BD82B891C40631E9C41E0B270BD06
:108E30000F4B221F92B2D340DB07F3D40A480D49EF
:108E400008F0BCFCEEE723004022403B93439BB27A
:108E5000002BE7D080235B009C42EFD1E2E7C046C5
:108E60000030014000380040F8B401084904000017
:108E7000111000104A0400000B4B70B505000C00E7
:108E8000984206D0094B984203D00948094908F096
:108E900095FC102C03D00648074908F08FFCE443EA
:108EA000A4B22C8170BDC0460030014000380040A3
:108EB000F8B401086B0400006C040000164B70B598
:108EC00005000C00984206D0144B984203D0144879
:108ED000144908F073FC2200533AD2B21E2A03D878
:108EE000114BD340DB0703D40D48104908F066FC52
:108EF00001230F211800214088400100AA882D89F4
:108F0000002092B2294205D02409A34013405A1EE2
:108F10009341D8B270BDC0460030014000380040D7
:108F2000F8B40108860400002D20004087040000EA
:108F30000321074B1A680A401A6000229A60DA601F
:108F40001A615A6199690132FF320A439A61704786
:108F50000000014010B50400012805D9032803D002
:108F60004521054808F02AFC0321044A13688B4375
:108F70001C43146010BDC04625B501080000014027
:108F8000802370B55B0104000E0098420DD00F4B9A
:108F90000F4AC318134208D0431E0E4AFF3B134228
:108FA00003D06B210C4808F009FC0C4D012E07D9A9
:108FB0006C21094808F002FC2B6823432B6070BD2C
:108FC000002EF9D12B68A343F8E7C04600FCFFFF51
:108FD000FFFBFFFFFFFEFFFF25B50108000001407A
:108FE000144B70B5C218144B04000E001A4211D075
:108FF000124B134AC31813420CD0124B124AC31817
:10900000134207D080235B03984203D08E210F4880
:1090100008F0D4FB0E4D012E07D98F210B4808F024
:10902000CDFB2B6823432B6070BD002EF9D12B683C
:10903000A343F8E70000FFFFFFFFFEFF0000FCFF77
:10904000FFFFFBFF0000C0FFFFFFBFFF25B50108CA
:109050000000014070B505000C00032805D9052863
:1090600003D0AA210D4808F0A9FB0F2C03D9AB218E
:109070000A4808F0A3FB03230F2023409B009840DD
:10908000074AA108890089188A6882432800984005
:109090008A608A681043886070BDC04625B50108A3
:1090A0000000014010B50400022806D8002806D1AF
:1090B000C021054808F082FB01E00428F8D1034AEA
:1090C00093692343936110BD25B501080000014059
:1090D000802310B55B00984203D0D121034808F0EB
:1090E0006DFB034B9869C005C00F10BD25B5010885
:1090F00000000140802310B55B000400984203D0BB
:10910000EC21044808F05AFB034A93692343936116
:1091100010BDC04625B5010800000140F0B501258D
:109120001B01F3271A430A23048CAC430484048BE9
:10913000068CBC439E43314314430D43A4B20483C5
:109140000584F0BDF0B51025048C0A4FAC430484AF
:10915000048B12021B033C4013431C43A023068CC8
:1091600009019E43314389B20D43A4B204830584AF
:10917000F0BDC046FF0C0000374B10B598420AD135
:10918000802001210001FDF7D5FF80200021000192
:10919000FDF7D0FF1CE08023DB05984219D02F4B50
:1091A00098421FD02E4B984223D02E4B984227D066
:1091B0002D4B98422BD02D4B984231D02C4B9842BE
:1091C00037D02C4B98423DD04B212B4808F0F6FA73
:1091D00010BD01210800FDF7CDFF00210120FDF7A2
:1091E000C9FFF5E701210220FDF7C4FF002102209D
:1091F000F5E701211020FDF7BDFF00211020EEE76B
:1092000001212020FDF7B6FF00212020E7E7802084
:1092100001214000FDF7AEFF802000214000DEE785
:10922000802001214002FDF785FF802000214002BF
:10923000AEE7802001218002FDF77CFF8020002125
:109240008002A5E780200121C002FDF773FF802086
:109250000021C0029CE7C046002C014000040040F1
:109260000010004000140040002000400040014079
:10927000004401400048014055B5010870B5354E25
:1092800004000D00B0421CD08023DB05984218D0AA
:10929000314B984215D0314B984212D0304B984206
:1092A0000FD0304B98420CD02F4B984209D02F4B07
:1092B000984206D02E4B984203D08F212D4808F0BB
:1092C0007DFA6B881022190091430AD040221900C0
:1092D0009143202905D0402B03D09021254808F048
:1092E0006DFA2B89244A134207D0802292009342C0
:1092F00003D091211F4808F061FA23889BB2B44241
:1093000006D08022D205944202D0134A944208D15A
:10931000702293436A881343184A298913400B43E8
:1093200002E00E4A9442F7D123806B68E3622B88F7
:109330002385B44208D00C4B9C4205D00B4B9C4279
:1093400002D00B4B9C4201D1AB7A23860123A3822E
:1093500070BDC046002C01400004004000100040D9
:109360000014004000200040004001400044014043
:109370000048014055B50108FFFEFFFFFFFCFFFF5D
:1093800001220023524203604260038183727047CE
:10939000164B70B504000E00150098421CD08023B7
:1093A000DB05984218D0124B984215D0114B9842C9
:1093B00012D0114B98420FD0104B98420CD0104B4A
:1093C000984209D00F4B984206D00F4B984203D0D9
:1093D000D3210E4808F0F2F9012D03D9D4210B480E
:1093E00008F0ECF92685A58270BDC046002C01402E
:1093F0000004004000100040001400400020004025
:1094000000400140004401400048014055B50108BA
:10941000124B70B505000C0098420AD08023DB0582
:10942000984206D00E4B984203D0ED210D4808F02B
:10943000C5F9102322009A430AD0402322009A4300
:10944000202A05D0402C03D0EE21064808F0B6F9BA
:1094500070222B8893431C432C8070BD002C01404C
:109460000004004055B50108124B70B504000D0012
:1094700098421DD08023DB05984219D00E4B9842AC
:1094800016D00E4B984213D00D4B984210D00D4B76
:1094900098420DD00C4B98420AD00C4B984207D002
:1094A0000B4B984204D004210A48FF3108F086F99A
:1094B000656270BD002C01400004004000100040B7
:1094C00000140040002000400040014000440140E2
:1094D0000048014055B50108124B70B504000D005D
:1094E00098421DD08023DB05984219D00E4B98423C
:1094F00016D00E4B984213D00D4B984210D00D4B06
:1095000098420DD00C4B98420AD00C4B984207D091
:109510000B4B984204D089210A48490008F04EF9C3
:10952000E56270BD002C01400004004000100040C6
:109530000014004000200040004001400044014071
:109540000048014055B50108124B10B5040098427F
:109550001DD08023DB05984219D00F4B984216D0BE
:109560000E4B984213D00E4B984210D00D4B9842A0
:109570000DD00D4B98420AD00C4B984207D00C4BA3
:10958000984204D022210B48FF3108F017F9606A95
:1095900010BDC046002C01400004004000100040F7
:1095A0000014004000200040004001400044014001
:1095B0000048014055B50108124B10B5040098420F
:1095C0001DD08023DB05984219D00F4B984216D04E
:1095D0000E4B984213D00E4B984210D00D4B984230
:1095E0000DD00D4B98420AD00C4B984207D00C4B33
:1095F000984204D098210B48490008F0DFF8208DEC
:1096000080B210BD002C014000040040001000405A
:109610000014004000200040004001400044014090
:109620000048014055B501081A4B70B504000D0003
:1096300098421DD08023DB05984219D0164B9842E2
:1096400016D0164B984213D0154B984210D0154B9C
:1096500098420DD0144B98420AD0144B984207D030
:10966000134B984204D042211248FF3108F0A6F86B
:10967000012D09D9A1210F48490008F09FF80223C4
:1096800022881343238070BD002DF8D10222238845
:109690009343F7E7002C0140000400400010004015
:1096A0000014004000200040004001400044014000
:1096B0000048014055B501081A4B70B504000D0073
:1096C00098421DD08023DB05984219D0164B984252
:1096D00016D0164B984213D0154B984210D0154B0C
:1096E00098420DD0144B98420AD0144B984207D0A0
:1096F000134B984204D060211248FF3108F05EF805
:10970000012D09D9B0210F48490008F057F804236A
:1097100022881343238070BD002DF8D104222388B2
:109720009343F7E7002C0140000400400010004084
:10973000001400400020004000400140004401406F
:109740000048014055B501081A4B70B504000D00E2
:1097500098421DD08023DB05984219D0164B9842C1
:1097600016D0164B984213D0154B984210D0154B7B
:1097700098420DD0144B98420AD0144B984207D00F
:10978000134B984204D07A211248FF3108F016F8A2
:10979000012D09D9BD210F48490008F00FF8802399
:1097A00022881343238070BD002DF8D180222388A6
:1097B0009343F7E7002C01400004004000100040F4
:1097C00000140040002000400040014000440140DF
:1097D0000048014055B501081A4B70B504000D0052
:1097E00098421DD08023DB05984219D0164B984231
:1097F00016D0164B984213D0154B984210D0154BEB
:1098000098420DD0144B98420AD0144B984207D07E
:10981000134B984204D096211248FF3107F0CEFF37
:1098200008232A009A4304D0CB210E48490007F0B0
:10983000C5FF082223889343238023882B4323805A
:1098400070BDC046002C01400004004000100040E4
:10985000001400400020004000400140004401404E
:109860000048014055B50108184B70B504000D00C3
:10987000984217D08023DB05984213D0144B9842AE
:1098800010D0144B98420DD0134B98420AD0134B72
:10989000984207D0124B984204D0AC211148FF31B6
:1098A00007F08CFF104B1D4208D080239B009D4287
:1098B00004D0D6210B48490007F080FF23880B4ACB
:1098C0001340238023882B43238070BD002C01404C
:1098D00000040040002000400040014000440140DE
:1098E0000048014055B50108FFFEFFFFFFFCFFFFE8
:1098F0001A4B70B504000D0098421DD08023DB0583
:10990000984219D0164B984216D0164B984213D055
:10991000154B984210D0154B98420DD0144B9842DD
:109920000AD0144B984207D0134B984204D0C02160
:109930001248FF3107F042FF012D09D9E0210F48FD
:10994000490007F03BFF012322881343238070BDA9
:10995000002DF8D1012223889343F7E7002C014022
:1099600000040040001000400014004000200040AF
:1099700000400140004401400048014055B5010845
:109980002C4B70B505000C0098420DD02A4B984224
:109990000AD02A4B984207D0294B984204D0FA218A
:1099A0002848FF3107F00AFF2288274B1A4204D0CB
:1099B000FD212448490007F001FF6288234B1A4229
:1099C00004D0FC211F48FF3107F0F8FEA288204B8D
:1099D0001A4204D0FE211B48490007F0EFFE2289FD
:1099E0001C4B1A4204D0FE211648FF3107F0E6FE58
:1099F0006289194B1A4204D0FF211248490007F02E
:109A0000DDFEA289154B1A4203D00E48144907F017
:109A1000D5FE6288238806351343A2881343E28863
:109A200013432289134362891343A2891343EB87AB
:109A300070BDC046002C0140004001400044014080
:109A40000048014055B50108FFF7FFFFFFFBFFFF8E
:109A5000FFFCFFFFFFEFFFFFFFDFFFFFFFBFFFFF89
:109A6000FF0100000023038043808380C3800381C3
:109A7000438183817047134B70B504000D009842F9
:109A80000DD0114B98420AD0104B984207D0104B82
:109A9000984204D089210F48890007F08FFE0634D0
:109AA000012D09D90B480C4907F088FE8022E38F6D
:109AB00012021343E38770BD002DF7D1E38F5B04DF
:109AC0005B0CF7E7002C01400040014000440140DE
:109AD0000048014055B5010825020000474BF7B585
:109AE00004000D00984216D08023DB05984212D066
:109AF000434B98420FD0434B98420CD0424B984274
:109B000009D0424B984206D0414B984203D041487D
:109B1000414907F053FE2B8830221900914307D0AA
:109B200010229343602B03D03A483C4907F046FE8D
:109B30006B88012B04D99C213648890007F03EFE32
:109B40000222AB89934303D03248354907F036FEF1
:109B50000122238C93432384268CA788238B723283
:109B600093432A88BFB21343019302236A889E431A
:109B7000AB8913431E43214B9C4208D0224B9C428D
:109B800005D0224B9C4202D0214B9C422ED1042274
:109B9000AB88934303D01F48224907F00FFE0822E9
:109BA000EB89934303D01B481F4907F007FE6A8ADD
:109BB0001E4B1A4203D017481D4907F0FFFD2A8AA1
:109BC0001C4B1A4204D0A4211248890007F0F6FD6C
:109BD00008239E43EB896A8A1E4304239E43AB8875
:109BE0001E43154B3B402F8A17431F43019BA78001
:109BF0002383AB6863632684F7BDC046002C014015
:109C000000040040002000400040014000440140AA
:109C10000048014055B501086E0200006F020000C7
:109C2000710200008D0200008E020000FFFDFFFFA8
:109C30008F020000FFFEFFFFFFFCFFFFF7B5494F5B
:109C400004000D00B8420ED08023DB0598420AD0F4
:109C5000454B984207D0454B984204D0B021444828
:109C6000890007F0ABFD2B8830221900914307D003
:109C700010229343602B03D03D483E4907F09EFDE0
:109C80006B88012B03D93A483B4907F097FD022224
:109C9000AB89934303D03648384907F08FFD102233
:109CA000238C374993432384238CA688228BB6B216
:109CB0000A40298809020A4392B201922022698847
:109CC0009343AA890A43120113439BB20093BC42F7
:109CD00002D0264B9C423DD12A8A2A4B1A4203D0FD
:109CE0002348294907F06AFD284B2A8A334092000D
:109CF00013439EB2BC422DD10422AB88934304D0BF
:109D0000BB211B48890007F059FD0822EB899343CA
:109D100003D017481E4907F051FD6A8A1D4B1A42AD
:109D200003D013481C4907F049FD8023009A9A4349
:109D30001300EA891201134340229BB29343AA887D
:109D4000120113439BB200936A8A144B9200334072
:109D500013439EB2019BA6802383AB68A363009B41
:109D60002384F7BD002C0140000400400040014066
:109D700055B50108C1020000C2020000C302000084
:109D8000FF8CFFFFFFFEFFFFE1020000FFFBFFFF74
:109D9000ED020000FFFDFFFFEE020000FFF7FFFFF6
:109DA000404BF7B505000C0098420BD08023DB0533
:109DB000984207D03C4B984204D0C7213B488900C9
:109DC00007F0FCFC238830221900914307D01022B1
:109DD0009343602B03D03548354907F0EFFC638887
:109DE000012B03D93148334907F0E8FC0222A3894B
:109DF000934303D02D48304907F0E0FC2B8C2F4AC9
:109E000013402B842E8C7532AF88AB8BFF3293437B
:109E10002288BFB213430193294B62881E40A38955
:109E200013431B021E431F4BB6B29D4233D1042283
:109E3000A388934303D01D48224907F0BFFC0822A2
:109E4000E389934304D0CF211848890007F0B6FC7A
:109E5000638A1B4A134203D014481B4907F0AEFC27
:109E6000238A164A134203D01048184907F0A6FC6B
:109E7000174BE289334012021343164A618A13409A
:109E8000A28812021343228A9EB2134B0A433B401C
:109E9000120113439FB2019BAF80AB83A368EB63B6
:109EA0002E84F7BD002C01400004004055B5010888
:109EB0001D0300001E0300001F030000FFFEFFFF44
:109EC000FFFDFFFF3B0300003D0300003E030000D9
:109ED000FFF7FFFFFFFB0000FFCFFFFFF7B52F4F9E
:109EE00004000D00B8420BD08023DB05984207D058
:109EF0002B4B984204D0DB212A48890007F05EFCF6
:109F00002B8830221900914307D010229343602BF5
:109F100003D02448244907F051FC6B88012B03D956
:109F20002048224907F04AFC0222AB89934303D020
:109F30001C481F4907F042FC238C1E4A1E4913404F
:109F40002384238CA688A28BB6B20A4029880902F2
:109F50000A4392B20092194A69881340AA890A43B7
:109F6000120313439BB20193BC420ED12A8A144BB5
:109F70001A4204D0E3210B48890007F01FFC114B63
:109F80002A8A3340920113439EB2009BA680A3838A
:109F9000AB682364019B2384F7BDC046002C0140BD
:109FA0000004004055B501086D0300006E03000079
:109FB0006F030000FFEFFFFFFF8CFFFFFFDFFFFFDE
:109FC000FFFEFFFFFFBFFFFF00230360838083606E
:109FD000C36003617047264B70B506000C00150086
:109FE000984216D08023DB05984212D0214B98422C
:109FF0000FD0214B98420CD0204B984209D0204BD7
:10A00000984206D01F4B984203D01F481F4907F0C3
:10A01000D5FB30232A009A4306D0402A04D0F421ED
:10A020001948890007F0CAFB0121A140338C320096
:10A030008B433384210008231832994309D16408E3
:10A04000A418702223689343236023682B43236062
:10A0500070BD043CA4B26408A41823680C4A2D0205
:10A06000134023602368ADB21D432560F0E7C0466E
:10A07000002C01400004004000200040004001404E
:10A08000004401400048014055B50108CF030000DD
:10A09000FF8FFFFF0F4B70B504000D00984216D0E4
:10A0A0008023DB05984212D00B4B98420FD00B4B0C
:10A0B00098420CD00A4B984209D00A4B984206D0DD
:10A0C000094B984203D00948094907F077FB6563BB
:10A0D00070BDC046002C014000040040002000403C
:10A0E00000400140004401400048014055B50108CE
:10A0F000F90300000B4B70B504000D0098420ED020
:10A100008023DB0598420AD0074B984207D0074BC3
:10A11000984204D081210648C90007F04FFBA5638F
:10A1200070BDC046002C01400004004000400140CA
:10A1300055B50108094B70B504000D0098420AD0CE
:10A140008023DB05984206D0054B984203D0054892
:10A15000054907F033FBE56370BDC046002C0140A4
:10A160000004004055B5010817040000094B70B504
:10A1700004000D0098420AD08023DB05984206D0E7
:10A18000054B984203D00548054907F017FB2564A5
:10A1900070BDC046002C01400004004055B50108C8
:10A1A00026040000154B70B504000D00984216D02F
:10A1B0008023DB05984212D0114B98420FD0114BEF
:10A1C00098420CD0104B984209D0104B984206D0C0
:10A1D0000F4B984203D00F480F4907F0EFFA1023B6
:10A1E0002A009A43402A03D00A480C4907F0E6FAAD
:10A1F0007022238B93431D43258370BD002C0140A7
:10A2000000040040002000400040014000440140A4
:10A210000048014055B50108390400003A04000027
:10A22000124B70B504000D0098420DD08023DB0561
:10A23000984209D00E4B984206D00E4B984203D05C
:10A240000D480E4907F0BAFA10232A009A43402A13
:10A2500003D009480A4907F0B1FA218B094B2D02B6
:10A260001940294389B2218370BDC046002C0140AA
:10A27000000400400040014055B5010852040000B0
:10A2800053040000FF8FFFFF0F4B70B504000D005B
:10A2900098420AD08023DB05984206D00B4B9842A7
:10A2A00003D00B480B4907F089FA10232A009A4380
:10A2B000402A03D00648084907F080FA7022A38B91
:10A2C00093431D43A58370BD002C01400004004052
:10A2D00055B501086C0400006D040000104B70B50A
:10A2E00004000D0098420AD08023DB05984206D076
:10A2F0000C4B984203D00C480C4907F05FFA10232E
:10A300002A009A43402A03D00748094907F056FA21
:10A31000A18B084B2D021940294389B2A18370BD3E
:10A32000002C01400004004055B5010885040000E0
:10A3300086040000FF8FFFFF124B70B504000D0074
:10A3400098420DD08023DB05984209D00E4B9842ED
:10A3500006D00E4B984203D00D480E4907F02EFA56
:10A36000012D08D90A480C4907F028FA0123A288D0
:10A370001343A38070BD002DF8D10122A38893431D
:10A38000F7E7C046002C01400004004000400140B7
:10A3900055B501089B0400009C040000154B70B5E6
:10A3A00004000D00984216D08023DB05984212D09D
:10A3B000114B98420FD0114B98420CD0104B984241
:10A3C00009D0104B984206D00F4B984203D00F484B
:10A3D0000F4907F0F3F908232A009A4304D0972184
:10A3E0000A48C90007F0EAF90822238B93431D436A
:10A3F000258370BD002C0140000400400020004077
:10A4000000400140004401400048014055B50108AA
:10A41000B7040000124B70B504000D0098420ED036
:10A420008023DB0598420AD00E4B984207D00E4B92
:10A43000984204D09A210D48C90007F0BFF90823BB
:10A440002A009A4303D00948094907F0B7F9218B3C
:10A45000084B2D021940294389B2218370BDC046A3
:10A46000002C0140000400400040014055B50108A7
:10A47000D1040000FFF7FFFF0F4B70B504000D0083
:10A4800098420AD08023DB05984206D00B4B9842B5
:10A4900003D00B480B4907F091F908232A009A438F
:10A4A00003D00748084907F089F90822A38B934392
:10A4B0001D43A58370BDC046002C01400004004030
:10A4C00055B50108EA040000EB040000104B70B51C
:10A4D00004000D0098420AD08023DB05984206D084
:10A4E0000C4B984203D00C480C4907F067F908233D
:10A4F0002A009A4303D00848094907F05FF9A18B65
:10A50000084B2D021940294389B2A18370BDC04672
:10A51000002C01400004004055B50108040500006E
:10A5200005050000FFF7FFFF154B70B504000D0097
:10A53000984216D08023DB05984212D0114B9842E6
:10A540000FD0114B98420CD0104B984209D0104BB1
:10A55000984206D00F4B984203D00F480F4907F09E
:10A560002DF904232A009A4303D00B480C4907F025
:10A5700025F90422238B93431D43258370BDC046D8
:10A58000002C014000040040002000400040014039
:10A59000004401400048014055B501081E05000077
:10A5A0001F050000114B70B504000D0098420DD03E
:10A5B0008023DB05984209D00D4B984206D00D4B05
:10A5C000984203D00C480D4907F0F8F804232A00FC
:10A5D0009A4303D008480A4907F0F0F8218B094B49
:10A5E0002D021940294389B2218370BD002C0140FE
:10A5F000000400400040014055B501083905000045
:10A600003A050000FFFBFFFF0F4B70B504000D0083
:10A6100098420AD08023DB05984206D00B4B984223
:10A6200003D00B480B4907F0C9F804232A009A43CA
:10A6300003D00748084907F0C1F80422A38B9343CD
:10A640001D43A58370BDC046002C0140000400409E
:10A6500055B501085405000055050000104B70B5B4
:10A6600004000D0098420AD08023DB05984206D0F2
:10A670000C4B984203D00C480C4907F09FF8042378
:10A680002A009A4304D0AE210748C90007F096F883
:10A69000A18B074B2D021940294389B2A18370BDBC
:10A6A000002C01400004004055B501086F05000072
:10A6B000FFFBFFFF154B70B504000D00984216D04C
:10A6C0008023DB05984212D0114B98420FD0114BDA
:10A6D00098420CD0104B984209D0104B984206D0AB
:10A6E0000F4B984203D00F480F4907F067F88023BB
:10A6F0002A009A4303D00B480C4907F05FF88022E8
:10A70000238B93431D43258370BDC046002C01401D
:10A71000000400400020004000400140004401408F
:10A720000048014055B501088A0500008B0500006E
:10A73000114B70B504000D0098420DD08023DB054D
:10A74000984209D00D4B984206D00D4B984203D049
:10A750000C480D4907F032F880232A009A4303D0B1
:10A7600008480A4907F02AF8218B2D024904490CB0
:10A77000294389B2218370BD002C014000040040B0
:10A780000040014055B50108A4050000A5050000E2
:10A790000F4B70B504000D0098420AD08023DB05F2
:10A7A000984206D00B4B984203D00B480B4907F058
:10A7B00005F880232A009A4303D00748084906F089
:10A7C000FDFF8022A38B93431D43A58370BDC0462C
:10A7D000002C01400004004055B50108BE050000F2
:10A7E000BF050000104B70B504000D0098420BD05F
:10A7F0008023DB05984207D00C4B984204D0BB2144
:10A800000B48C90006F0DAFF80232A009A4303D0E0
:10A810000748084906F0D2FFA18B2D024904490CD4
:10A82000294389B2A18370BD002C0140000400407F
:10A8300055B50108D9050000154B70B504000D0091
:10A84000984216D08023DB05984212D0114B9842D3
:10A850000FD0114B98420CD0104B984209D0104B9E
:10A86000984206D00F4B984203D00F480F4906F08C
:10A87000A5FF02232A009A4303D00B480C4906F097
:10A880009DFF0222238C93431D43258470BDC04647
:10A89000002C014000040040002000400040014026
:10A8A000004401400048014055B50108F205000090
:10A8B000F3050000104B70B504000D0098420CD059
:10A8C0000E4B984209D00E4B984206D00D4B984241
:10A8D00003D00D480D4906F071FF08232A009A4362
:10A8E00003D009480A4906F069FF0822238C9343E4
:10A8F0001D43258470BDC046002C0140004001402E
:10A90000004401400048014055B501080A06000016
:10A910000B060000114B70B504000D0098420DD0DD
:10A920008023DB05984209D00D4B984206D00D4B91
:10A93000984203D00C480D4906F040FF02232A003C
:10A940009A4303D008480A4906F038FF2023218C97
:10A950002D019943294389B2218470BD002C014007
:10A96000000400400040014055B5010823060000E6
:10A97000240600000C4B70B504000D00984203D073
:10A980000A480B4906F01AFF08232A009A4303D00D
:10A990000648084906F012FF8023218C2D019943B7
:10A9A000294389B2218470BD002C014055B50108AE
:10A9B0003B0600003C060000104B70B504000D0083
:10A9C00098420AD08023DB05984206D00C4B98426F
:10A9D00003D00C480C4906F0F1FE02232A009A43EA
:10A9E00003D00848094906F0E9FE218C084B2D02E6
:10A9F0001940294389B2218470BDC046002C014012
:10AA00000004004055B5010854060000550600003A
:10AA1000FFFDFFFF0C4B70B504000D00984203D002
:10AA20000A480B4906F0CAFE08232A009A4303D0BD
:10AA30000648084906F0C2FE218C074B2D0219403A
:10AA4000294389B2218470BD002C014055B501080D
:10AA50006D0600006E060000FFF7FFFF104B70B59B
:10AA600004000D0098420AD08023DB05984206D0EE
:10AA70000C4B984203D00C480C4906F09FFE022371
:10AA80002A009A4303D00848094906F097FE218C12
:10AA9000084B2D031940294389B2218470BDC0465B
:10AAA000002C01400004004055B501088606000056
:10AAB00087060000FFDFFFFF104B70B504000D009C
:10AAC00098420AD08023DB05984206D00C4B98426E
:10AAD00003D00C480C4906F071FE08232A009A4363
:10AAE00003D00848094906F069FE082223899343E8
:10AAF000238123892B43238170BDC046002C014054
:10AB00000004004055B501089D0600009E060000A7
:10AB1000174B70B504000E001500984216D0802324
:10AB2000DB05984212D0134B98420FD0124B98423B
:10AB30000CD0124B984209D0114B984206D0114BC1
:10AB4000984203D01048114906F038FE012D04D96F
:10AB5000D7210D48C90006F031FE0122B240B540B0
:10AB6000238C93432384238C1D43ADB2258470BD75
:10AB7000002C014000040040002000400040014043
:10AB8000004401400048014055B50108B7060000E7
:10AB9000184B70B504000E00150098420CD0164BEF
:10ABA000984209D0154B984206D0154B984203D0D5
:10ABB0001448154906F002FE082E04D81223FF336C
:10ABC000F340DB0703D40F48104906F0F7FD0423D8
:10ABD0002A009A4303D00B480D4906F0EFFD0422EA
:10ABE000B240B540238C93432384238C1D43ADB2E4
:10ABF000258470BD002C014000400140004401400C
:10AC00000048014055B50108D4060000D5060000F3
:10AC1000D6060000114B70B504000D0098420CD010
:10AC20000F4B984209D00F4B984206D00E4B9842DA
:10AC300003D00E480E4906F0C1FD012D08D90B487E
:10AC40000C4906F0BBFD0423A2881343A38070BD0A
:10AC5000002DF8D10422A3889343F7E7002C01408C
:10AC600000400140004401400048014055B5010842
:10AC7000EB060000EC060000002301220380438065
:10AC80008280C380038170470E4B10B50400984248
:10AC900016D08023DB05984212D00B4B98420FD080
:10ACA0000A4B98420CD00A4B984209D0094B984263
:10ACB00006D0094B984203D00848094906F07EFDAA
:10ACC000606B10BD002C01400004004000200040DB
:10ACD00000400140004401400048014055B50108D2
:10ACE000BB0700000A4B10B5040098420DD080232A
:10ACF000DB05984209D0074B984206D0064B984294
:10AD000003D00648064906F059FDA06B10BDC046A9
:10AD1000002C0140000400400040014055B50108EE
:10AD2000C9070000084B10B5040098420AD08023E0
:10AD3000DB05984206D0054B984203D004480549EC
:10AD400006F03CFDE06B10BD002C0140000400400B
:10AD500055B50108D7070000084B10B5040098420C
:10AD60000AD08023DB05984206D0054B984203D0D9
:10AD70000448054906F022FD206C10BD002C01405E
:10AD80000004004055B50108E5070000174B70B5F9
:10AD900004000D00984216D08023DB05984212D0A3
:10ADA000134B98420FD0134B98420CD0124B984241
:10ADB00009D0124B984206D0114B984203D011484B
:10ADC000114906F0FBFC0C2D03D8104BEB40DB07C0
:10ADD00003D40C480E4906F0F1FC0C22238B93435C
:10ADE0002383238B2B43238370BDC046002C01405B
:10ADF00000040040002000400040014000440140A9
:10AE00000048014055B50108F90700001111000084
:10AE1000FA070000144B70B504000D0098420ED0E4
:10AE20008023DB0598420AD0104B984207D0104B84
:10AE3000984204D081210F48090106F0BFFC0C2D77
:10AE400003D80D4BEB40DB0703D40A480B4906F04F
:10AE5000B5FC238B0A4A2D0213402383238B1D4309
:10AE6000ADB2258370BDC046002C014000040040F7
:10AE70000040014055B50108111100001108000003
:10AE8000FFF3FFFFF8B5224B04000D0098420DD0F0
:10AE90008023DB05984209D01E4B984206D01E4BFA
:10AEA000984203D01D481E4906F088FCAA8869888C
:10AEB000561E4F424F4173425E4128882B897F00C6
:10AEC0000136002811D12000FEF728F92000E9887A
:10AED000FFF75CFF3900200032002B89FEF732F9C2
:10AEE0002000E988FFF796FFF8BD2000FEF72AF959
:10AEF0002000E988FFF78EFF3900200032002B89FF
:10AF0000FEF70CF92000E988FFF740FFECE7C046A8
:10AF1000002C0140000400400040014055B50108EC
:10AF200086070000114B70B504000D0098420AD04E
:10AF30008023DB05984206D00D4B984203D00D4884
:10AF40000D4906F03BFC0C2D03D80C4BEB40DB0706
:10AF500003D408480A4906F031FC0C22A38B934322
:10AF6000A383A38B2B43A38370BDC046002C014059
:10AF70000004004055B50108270800001111000029
:10AF800028080000124B70B504000D0098420AD04A
:10AF90008023DB05984206D00E4B984203D00E4822
:10AFA0000E4906F00BFC0C2D03D80D4BEB40DB07D4
:10AFB00003D409480B4906F001FCA38B0A4A2D0271
:10AFC0001340A383A38B1D43ADB2A58370BDC046C0
:10AFD000002C01400004004055B501083E08000067
:10AFE000111100003F080000FFF3FFFFF8B5774E96
:10AFF00004000D00B04216D08023DB05984212D029
:10B00000734B98420FD0734B98420CD0724B9842BE
:10B0100009D0724B984206D0714B984203D07148C8
:10B02000714906F0CBFB2A88002A0AD00C2A03D8E3
:10B030006E4BD340DB0704D4E7216A48C90006F011
:10B04000BDFBAB88013B022B03D96648684906F07B
:10B05000B5FBEA88002A09D00C2A03D8634BD340F9
:10B06000DB0703D45F48634906F0A8FB2B890F2B4D
:10B0700003D95C48604906F0A1FB6B8802221900E5
:10B08000914305D00A2B03D056485C4906F096FB45
:10B090002B88002B24D1B44217D08023DB059C429F
:10B0A00013D04B4B9C4210D04A4B9C420DD04A4B84
:10B0B0009C420AD0494B9C4207D0494B9C4204D049
:10B0C000E8214848C90006F079FB200069882B89EF
:10B0D000AA88FEF723F82000E988FFF757FEF8BD9D
:10B0E000042B1AD1B4420DD08023DB059C4209D039
:10B0F000374B9C4206D0384B9C4203D039484049DC
:10B1000006F05CFB200069882B89AA88FEF71AF8F4
:10B110002000E988FFF77EFEE1E7082B2AD1B44240
:10B120000AD08023DB059C4206D0294B9C4203D0E9
:10B130002C48344906F042FBF327238C32496A88B5
:10B140000B40A8882E892384A38B36013043BB4350
:10B15000218C03432D48120201400A43802192B200
:10B1600049000A439BB2A38322842000E988FFF7A9
:10B17000D9FEB4E7B4420AD08023DB059C4206D056
:10B18000134B9C4203D01748214906F017FB238C30
:10B1900020486A880340A9882E892384A38B1E4FE8
:10B1A0003603090231433B40208C0B431B491203F9
:10B1B00001400A43802192B249010A439BB2A38312
:10B1C00022842000E988FFF7DDFE88E7002C01409B
:10B1D00000040040002000400040014000440140C5
:10B1E0000048014055B50108370700001011000064
:10B1F000390700003A0700003B0700003C07000049
:10B200004A07000054070000FFFEFFFFFFF5FFFFA5
:10B210005E070000FFEFFFFFFF0C0000FF5F000074
:10B220001C4B70B504000D00160098421CD0802302
:10B23000DB05984218D0184B984215D0174B98420E
:10B2400012D0174B98420FD0164B98420CD0164B89
:10B25000984209D0154B984206D0154B984203D01E
:10B260001448154906F0AAFA6B1EFE2B03D91148A3
:10B27000124906F0A3FA012E07D90E48104906F02C
:10B280009DFAA3892B43A38170BD002EF9D1A38918
:10B29000AB43F8E7002C01400004004000100040E0
:10B2A00000140040002000400040014000440140E4
:10B2B0000048014055B501087208000073080000FD
:10B2C00074080000154B70B504000D0098421CD0A6
:10B2D0008023DB05984218D0114B984215D0114BB2
:10B2E000984212D0104B98420FD0104B98420CD07D
:10B2F0000F4B984209D00F4B984206D00E4B984204
:10B3000003D00E480E4906F059FA6B1EFE2B03D9E6
:10B310000A480C4906F052FAA58270BD002C014083
:10B3200000040040001000400014004000200040D5
:10B3300000400140004401400048014055B501086B
:10B340009B0800009C080000274B70B505000C000E
:10B3500098421DD08023DB05984219D0234B984298
:10B3600016D0234B984213D0224B984210D0224B38
:10B3700098420DD0214B98420AD0214B984207D0D9
:10B38000204B984204D08C211F48090106F016FA80
:10B39000402C04D016D8022C07D8002C0DD02B8AB4
:10B3A0001C40631E9C41E0B270BD231F9BB21C2B4E
:10B3B00003D8164ADA40D207F1D41348144906F0EC
:10B3C000FDF9ECE78023DB009C42E8D006D8802C16
:10B3D000E5D080239B009C42EFD1E0E70D4B0E4A65
:10B3E000E3181342E9D1DAE7002C014000040040E1
:10B3F00000100040001400400020004000400140C8
:10B40000004401400048014055B5010811100010EA
:10B41000C108000000F8FFFFFFF70000174B70B5F0
:10B4200004000D0098421CD08023DB05984218D000
:10B43000134B984215D0134B984212D0124B98429E
:10B440000FD0124B98420CD0114B984209D0114B9F
:10B45000984206D0104B984203D01048104906F08D
:10B46000ADF9104B1D4201D1002D03D10B480E49FF
:10B4700006F0A4F9ED43ADB2258270BD002C014069
:10B480000004004000100040001400400020004074
:10B4900000400140004401400048014055B501080A
:10B4A000EC08000000E1FFFFED080000244B70B540
:10B4B00005000C0098421CD08023DB05984218D070
:10B4C000204B984215D0204B984212D01F4B9842E7
:10B4D0000FD01F4B98420CD01E4B984209D01E4BE8
:10B4E000984206D01D4B984203D01D481D4906F0D6
:10B4F00065F9202C1BD8032C0DD8631E012B10D806
:10B500002A8AAB8900209BB2144203D01C40631EE0
:10B510009C41E0B270BD144B221F92B2D340DB07B6
:10B52000EED491210E48090106F048F9E8E723001E
:10B530004022403B93439BB2002BF2D1E0E7C04650
:10B54000002C0140000400400010004000140040A6
:10B5500000200040004001400044014000480140FC
:10B5600055B501080F09000011100010164B70B5F9
:10B5700004000D0098421CD08023DB05984218D0AF
:10B58000124B984215D0124B984212D0114B984250
:10B590000FD0114B98420CD0104B984209D0104B51
:10B5A000984206D00F4B984203D00F480F4906F03F
:10B5B00005F96B1EFE2B03D90B480D4906F0FEF86A
:10B5C000ED43ADB2258270BD002C01400004004067
:10B5D00000100040001400400020004000400140E6
:10B5E000004401400048014055B5010839090000F8
:10B5F0003A090000214B70B504000D001600984276
:10B6000016D08023DB05984212D01D4B98420FD0F4
:10B610001C4B98420CD01C4B984209D01B4B9842B3
:10B6200006D01B4B984203D01A481B4906F0C6F8B7
:10B63000132D03D91748194906F0C0F83300184AEA
:10B640001340164216D08022D200934212D080229C
:10B65000120193420ED0C022120193420AD08022DE
:10B66000104B52013340934204D0962109480901FE
:10B6700006F0A4F835434834258070BD002C014005
:10B680000004004000200040004001400044014010
:10B690000048014055B501085E0900005F0900003F
:10B6A000FFFCFFFFFFFEFFFF1C4B70B504000D0009
:10B6B0001600984219D08023DB05984215D0184B0C
:10B6C000984212D0174B98420FD0174B98420CD08B
:10B6D000164B984209D0164B984206D0154B98420B
:10B6E00003D01548154906F069F8154B1D4201D1E4
:10B6F000002D03D11048134906F060F8012E07D938
:10B700000D48114906F05AF8A3892B43A38170BD57
:10B71000002EF9D1A389AB43F8E7C046002C0140C5
:10B7200000040040001000400014004000400140B0
:10B73000004401400048014055B501087809000067
:10B74000FF80FFFF790900007A090000154B70B5F2
:10B7500004000D00984213D08023DB0598420FD0DF
:10B76000114B98420CD0114B984209D0104B984283
:10B7700006D0104B984203D00F48104906F01EF82F
:10B78000012D08D90C480E4906F018F80823A288A4
:10B790001343A38070BD002DF8D10822A3889343E2
:10B7A000F7E7C046002C0140000400400040014083
:10B7B000004401400048014055B5010892090000CD
:10B7C000930900000B4B10B5040098420DD0802364
:10B7D000DB05984209D0084B984206D0074B9842A7
:10B7E00003D00748074905F0E9FF0722238993435F
:10B7F000238110BD002C01400004004000400140A6
:10B8000055B50108B9090000114B70B504000D00D1
:10B8100098420DD08023DB05984209D00D4B984209
:10B8200006D00D4B984203D00C480D4905F0C6FFD9
:10B8300030232A009A4305D0402A03D007480949FB
:10B8400005F0BCFF7022238993431D43258170BD01
:10B85000002C0140000400400040014055B50108A3
:10B860007E0A00007F0A0000124B70B504000D0034
:10B8700098420DD08023DB05984209D00E4B9842A8
:10B8800006D00E4B984203D00D480E4905F096FFA6
:10B8900030232A009A4303D009480B4905F08EFF54
:10B8A00029002000FFF7B0FF0723228913432381DB
:10B8B00070BDC046002C0140000400400040014023
:10B8C00055B50108CC090000CD090000F8B51E00EF
:10B8D0001B4B04000F00150098420DD08023DB05A0
:10B8E000984209D0174B984206D0174B984203D084
:10B8F0001648174905F062FF0A2D03D8154BEB4097
:10B90000DB0703D41148144905F058FF0F2E03D963
:10B910000E48124905F052FF330001222900200091
:10B92000602F0AD1FDF70EFC39002000FFF76CFFF5
:10B930000723228913432381F8BDFDF7EFFBF3E7CB
:10B94000002C0140000400400040014055B50108B2
:10B95000E809000005040000E9090000EA09000008
:10B96000154B70B504000D00984213D08023DB0501
:10B9700098420FD0114B98420CD0114B984209D0ED
:10B98000104B984206D0104B984203D00F481049F4
:10B9900005F014FF30232A009A4305D0402A03D033
:10B9A0000A480C4905F00AFF7022A3889343A3803C
:10B9B000A3882B43A38070BD002C014000040040ED
:10B9C00000140040001000400040014055B501083F
:10B9D000A30A0000A40A0000114B70B504000D007A
:10B9E00098420DD08023DB05984209D00D4B984238
:10B9F00006D00D4B984203D00C480D4905F0DEFEF1
:10BA00002B1F032B03D909480A4905F0D7FE07224B
:10BA100023899343238123892B43238170BDC0460F
:10BA2000002C0140000400400040014055B50108D1
:10BA3000BB0A0000BC0A0000114B70B504000D00E9
:10BA400098420DD08023DB05984209D00D4B9842D7
:10BA500006D00D4B984203D00C480D4905F0AEFEC0
:10BA600080232A009A4303D008480A4905F0A6FE1D
:10BA7000802223899343238123892B43238170BD13
:10BA8000002C0140000400400040014055B5010871
:10BA9000D10A0000D20A0000F8B51F00164B0400BE
:10BAA0000D00160098420AD08023DB05984206D08C
:10BAB000124B984203D01248124905F07FFE124BF8
:10BAC0001D4203D00E48114905F078FE730403D0DF
:10BAD0000B480F4905F072FE0F2F03D908480D4996
:10BAE00005F06CFE21893F023E433543C9B229432C
:10BAF00089B22181F8BDC046002C014000040040FD
:10BB000055B50108F20A0000FFCFFFFFF30A00005D
:10BB1000F40A0000F50A0000F8B51F00174B0400F6
:10BB20000D00160098420AD08023DB05984206D00B
:10BB3000134B984203D01348134905F03FFE134BB3
:10BB40001D4203D00F48124905F038FE730403D09C
:10BB50000C48104905F032FE0F2F03D909480E4951
:10BB600005F02CFE3B00320029002000FFF794FF77
:10BB7000772322899A4313432381F8BD002C014087
:10BB80000004004055B50108120A0000FFCFFFFF76
:10BB9000130A0000140A0000150A0000F8B51F007F
:10BBA000174B04000D00160098420AD08023DB05D5
:10BBB000984206D0134B984203D01348134905F01E
:10BBC000FDFD134B1D4203D00F48124905F0F6FD51
:10BBD000730403D00C48104905F0F0FD0F2F03D972
:10BBE00009480E4905F0EAFD3B003200290020001B
:10BBF000FFF752FF80232289DB0113432381F8BD25
:10BC0000002C01400004004055B501083C0A00002A
:10BC1000FFCFFFFF3D0A00003E0A00003F0A000080
:10BC2000F8B51E00204B04000F00150098420AD002
:10BC30008023DB05984206D01C4B984203D01C4859
:10BC40001C4905F0BBFD7B1E022B03D918481A497D
:10BC500005F0B4FD0A2D03D8184BEB40DB0703D4E5
:10BC60001348174905F0AAFD0A2E03D8134BF340D9
:10BC7000DB0703D40E48134905F0A0FD07212389F3
:10BC8000208B8B431049228C08400221FF31014355
:10BC9000AA203601354382432A433B4392B2238193
:10BCA00021832284F8BDC046002C014000040040DE
:10BCB00055B501082B0B00002C0B000005040000FB
:10BCC0002D0B00002E0B0000FCFCFFFF104B70B58D
:10BCD00004000D0098420AD08023DB05984206D06C
:10BCE0000C4B984203D00C480C4905F067FD012D20
:10BCF00008D909480A4905F061FD8023A288134349
:10BD0000A38070BD002DF8D18022A3889343F7E76C
:10BD1000002C01400004004055B50108510B000003
:10BD2000520B0000094B70B504000D00984203D07F
:10BD30000748084905F042FD032D04D9B8210448FD
:10BD4000090105F03BFD5034258070BD0020004006
:10BD500055B501087F0B0000274B10B598420AD15A
:10BD600080200121C001FBF7E5F980200021C001FE
:10BD7000FBF7E0F912E0214B984210D0204B98429B
:10BD800018D0204B98421ED01F4B984224D01F4BF6
:10BD900098422AD05C211E4805F010FD10BD80207D
:10BDA00001218002FBF7E6F9802000218002FBF7E9
:10BDB000E1F9F3E780200121C002FBF7DBF98020E5
:10BDC0000021C002F3E7802001210003FBF7D2F934
:10BDD000802000210003EAE7802001214003FBF7D7
:10BDE000C9F9802000214003E1E701212020FBF771
:10BDF000A1F900212020BBE70038014000440040A9
:10BE000000480040004C0040005000400014014039
:10BE100082B50108F0B5464B04000D0089B0984288
:10BE200012D0444B98420FD0434B98420CD0434B16
:10BE3000984209D0424B984206D0424B984203D0D8
:10BE40008C21414805F0BAFC2B68404A013B9342E3
:10BE500003D98D213C4805F0B1FC6B683C4A934204
:10BE600006D03C4A134203D08E21374805F0A6FC89
:10BE7000AB68394F3B4203D08F21334805F09EFC1D
:10BE8000EB68364A134207D0C022D200934203D057
:10BE900090212D4805F092FC2B690C22190091434A
:10BEA00001D1002B03D19121274805F087FC6B6954
:10BEB0002B4E334203D09221234805F07FFC012210
:10BEC0002368E968934323606368AA683B4013438F
:10BED00063602268234B01A81A406B680B432969F1
:10BEE0000B4313432360A3686A6933401343A36081
:10BEF000FAF7CAFF0E4B07989C4200D003982368BC
:10BF00002D681B0400D5400029000DF0ABF800237C
:10BF10006D08A9425B41C01823681B0404D5124A6E
:10BF200003075B0F1040184380B2A08109B0F0BD39
:10BF3000003801400044004000480040004C0040F0
:10BF4000005000400014014082B501087F8D5B0065
:10BF500000100010FFEFFFFFFFCFFFFFFFFBFFFF11
:10BF6000FFFCFFFFF3E9FFFFF0FF000096239B01BA
:10BF70000C2203600023026143608360C36043615D
:10BF80007047254B70B504000D00984213D0234B29
:10BF9000984210D0224B98420DD0224B98420AD0A2
:10BFA000214B984207D0214B984204D00C212048C5
:10BFB000FF3105F003FC2A681E4B1A4204D086218B
:10BFC0001B48490005F0FAFB6A681B4B1A4204D073
:10BFD0000E211748FF3105F0F1FBAA68174B1A42F2
:10BFE00004D087211248490005F0E8FBEA68144BA9
:10BFF0001A4204D010210E48FF3105F0DFFB6268C1
:10C00000104B69681A402B680B43A9680B43E96819
:10C010000B431343636070BD00380140004400408F
:10C0200000480040004C0040005000400014014017
:10C0300082B50108FFF7FFFFFFFBFFFFFFFDFFFFDA
:10C04000FFFEFFFFFFF0FFFF0023036043608360FC
:10C05000C3607047154B70B504000D00984213D0B3
:10C06000134B984210D0134B98420DD0124B98426C
:10C070000AD0124B984207D0114B984204D09C2111
:10C080001048490005F09AFB012D09D93A210D48C5
:10C09000FF3105F093FB012322681343236070BD39
:10C0A000002DF8D1012223689343F7E700380140BF
:10C0B0000044004000480040004C00400050004058
:10C0C0000014014082B501081A4B70B504000D0040
:10C0D0001600984213D0184B984210D0174B984234
:10C0E0000DD0174B98420AD0164B984207D0164BEA
:10C0F000984204D056211548FF3105F05FFB0C2310
:10C100002A009A4301D1002D04D1AB210F484900E8
:10C1100005F054FB012E08D958210C48FF3105F0D9
:10C120004DFB23682B43236070BD002EF9D123689B
:10C13000AB43F8E7003801400044004000480040AD
:10C14000004C0040005000400014014082B501083E
:10C15000164B70B504000D00984213D0144B984252
:10C1600010D0144B98420DD0134B98420AD0134B69
:10C17000984207D0124B984204D074211148FF31E5
:10C1800005F01CFB012D0AD9BA210E48490005F023
:10C1900015FB802322681B021343236070BD002D12
:10C1A000F7D12368084A1340F7E7C046003801403A
:10C1B0000044004000480040004C00400050004057
:10C1C0000014014082B50108FF7FFFFF164B70B5D8
:10C1D00004000D00984213D0144B984210D0144B19
:10C1E00098420DD0134B98420AD0134B984207D077
:10C1F000124B984204D08E211148FF3105F0DEFA2F
:10C20000012D0AD9C7210E48490005F0D7FA80232D
:10C21000A2681B011343A36070BD002DF7D1A36872
:10C22000084A1340F7E7C046003801400044004088
:10C2300000480040004C0040005000400014014005
:10C2400082B50108FFF7FFFF164B70B504000D0023
:10C25000984213D0144B984210D0144B98420DD0F2
:10C26000134B98420AD0134B984207D0124B984276
:10C2700004D0AA211148FF3105F0A0FA012D0AD9F6
:10C28000D5210E48490005F099FA802362681B0306
:10C290001343636070BD002DF7D16368084A1340F3
:10C2A000F7E7C04600380140004400400048004025
:10C2B000004C0040005000400014014082B50108CD
:10C2C000FFFFF7FF164B70B504000D00984213D026
:10C2D000144B984210D0144B98420DD0134B9842F7
:10C2E0000AD0134B984207D0124B984204D0CA216F
:10C2F0001148FF3105F062FA012D0AD9E5210E48F7
:10C30000490005F05BFA80236268DB021343636037
:10C3100070BD002DF7D16368084A1340F7E7C046A7
:10C32000003801400044004000480040004C0040FC
:10C33000005000400014014082B50108FFFFFBFFE0
:10C340001A4B70B504000D001600984213D0184B1C
:10C35000984210D0174B98420DD0174B98420AD0F4
:10C36000164B984207D0164B984204D0EC21154842
:10C37000FF3105F023FA144B1D4201D1002D04D1E9
:10C38000F6211048490005F019FA012E08D9EE21CE
:10C390000C48FF3105F012FA63682B43636070BDEF
:10C3A000002EF9D16368AB43F8E7C046003801407E
:10C3B0000044004000480040004C00400050004055
:10C3C0000014014082B50108FFFFFCFF154B70B55A
:10C3D00004000D00984212D0134B98420FD0134B1B
:10C3E00098420CD0124B984209D0124B984206D07A
:10C3F000114B984203D01148114905F0DFF9012D86
:10C4000009D90E480F4905F0D9F9802362681B024B
:10C410001343636070BD002DF7D163680A4A13406F
:10C42000F7E7C046003801400044004000480040A3
:10C43000004C0040005000400014014082B501084B
:10C440000A0200000B020000FF7FFFFF0E4B70B5D9
:10C4500004000D00984203D00C480D4905F0AEF9D8
:10C46000012D0AD989210948890005F0A7F98023FF
:10C4700062681B041343636070BD002DF7D16368CD
:10C48000044A1340F7E7C0460038014082B501086E
:10C4900023020000FFFF7FFF0C4B70B504000D006E
:10C4A000984203D00A480B4905F088F980235B04C1
:10C4B0009D4203D30648084905F080F963691B0EC5
:10C4C0001B06636163692B43636170BD00380140E3
:10C4D00082B501083D0200003E020000084B70B525
:10C4E00004000D00984203D00648074905F066F99C
:10C4F000FF22238A93432382238A1D43258270BD12
:10C500000038014082B50108520200000D4B70B5A1
:10C5100004000D00984203D00B480C4905F04EF979
:10C52000012D08D908480A4905F048F90223226874
:10C530001343236070BD002DF8D10222236893437A
:10C54000F7E7C0460038014082B5010881020000CB
:10C55000820200000E4B70B504000D00984204D01A
:10C56000A8210C48890005F029F90B4B1D4207D082
:10C57000C0239B039D4203D00648084905F01EF9DD
:10C58000A368074A1340A360A3682B43A36070BD50
:10C590000038014082B50108FFFFDFFFA102000063
:10C5A000FFFFCFFF0D4B70B504000D00984203D084
:10C5B0000B480C4905F002F9012D09D908480A4930
:10C5C00005F0FCF8802362685B031343636070BD71
:10C5D000002DF7D16368054A1340F7E700380140A2
:10C5E00082B50108D2020000D3020000FFFFEFFF76
:10C5F0000C4B70B504000D00984204D0BC210A48D1
:10C60000890005F0DBF8094B1D4203D006480849B4
:10C6100005F0D4F86368074A1340636063682B43EE
:10C62000636070BD0038014082B50108FFFFDFFF85
:10C63000F1020000FFFF9FFF124B70B504000D00D8
:10C64000984212D0104B98420FD0104B98420CD009
:10C650000F4B984209D00F4B984206D00E4B984290
:10C6600003D00E480E4905F0A9F880239B009D4297
:10C6700003D30A480B4905F0A1F8ED05ED0D25851A
:10C6800070BDC046003801400044004000480040F2
:10C69000004C0040005000400014014082B50108E9
:10C6A0001A0300001B0300000D4B10B50400984254
:10C6B00012D00C4B98420FD00B4B98420CD00B4B26
:10C6C000984209D00A4B984206D00A4B984203D0B0
:10C6D00009480A4905F072F8A08CC005C00D10BDCC
:10C6E000003801400044004000480040004C004039
:10C6F000005000400014014082B5010829030000E9
:10C70000104B70B504000D00984212D00E4B9842A9
:10C710000FD00E4B98420CD00D4B984209D00D4BC8
:10C72000984206D00C4B984203D00C480C4905F0B7
:10C7300045F863682D061B021B0A636063681D438E
:10C74000656070BD00380140004400400048004072
:10C75000004C0040005000400014014082B5010828
:10C760005A030000154B70B504000D00984213D019
:10C77000134B984210D0134B98420DD0124B984255
:10C780000AD0124B984207D0114B984204D0DB21BB
:10C790001048890005F012F8012D09D90D480E49FD
:10C7A00005F00CF8802322689B011343236070BDC1
:10C7B000002DF7D12368094A1340F7E700380140FC
:10C7C0000044004000480040004C00400050004041
:10C7D0000014014082B501086D030000FFDFFFFF78
:10C7E000134B70B504000D00984212D0114B9842C3
:10C7F0000FD0114B98420CD0104B984209D0104BDF
:10C80000984206D00F4B984203D00F480F4904F0CE
:10C81000D5FF0F4E354204D0E2210B48890004F0C9
:10C82000CDFF23683340236023682B43236070BD12
:10C83000003801400044004000480040004C0040E7
:10C84000005000400014014082B501088703000039
:10C85000FFF7FFFF144B70B504000D00984212D093
:10C86000124B98420FD0124B98420CD0114B984269
:10C8700009D0114B984206D0104B984203D0104873
:10C88000104904F09BFF10232A009A4303D00C4860
:10C890000D4904F093FF102263689343636063685B
:10C8A0002B43636070BDC046003801400044004027
:10C8B00000480040004C004000500040001401407F
:10C8C00082B501089A0300009B0300000C4B70B571
:10C8D00004000D00984203D00A480B4904F06EFF93
:10C8E00020232A009A4303D00648084904F066FF33
:10C8F000202263689343636063682B43636070BD69
:10C900000038014082B50108D9030000DA030000B5
:10C910000D4B70B504000D00984203D00B480C4934
:10C9200004F04CFF012D09D908480A4904F046FFDC
:10C9300080236268DB011343636070BD002DF7D173
:10C940006368054A1340F7E70038014082B50108E3
:10C95000EA030000EB030000FFBFFFFF144B70B5BC
:10C9600004000D00984212D0124B98420FD0124B87
:10C9700098420CD0114B984209D0114B984206D0E6
:10C98000104B984203D01048104904F017FF012DB6
:10C9900008D90D480E4904F011FF0823A26813437B
:10C9A000A36070BD002DF8D10822A3689343F7E778
:10C9B000003801400044004000480040004C004066
:10C9C000005000400014014082B50108220400001C
:10C9D00023040000084B70B504000D00984203D0FA
:10C9E0000648074904F0EAFE238A2D02DBB22382BF
:10C9F000238A1D43258270BD0038014082B501089D
:10CA0000720400000D4B70B504000D00984203D075
:10CA10000B480C4904F0D2FE012D08D908480A49F8
:10CA200004F0CCFE2023A2681343A36070BD002D48
:10CA3000F8D12022A3689343F7E7C04600380140AD
:10CA400082B5010884040000850400000D4B70B518
:10CA500004000D00984203D00B480C4904F0AEFED0
:10CA6000012D08D908480A4904F0A8FE1023A2683D
:10CA70001343A36070BD002DF8D11022A368934327
:10CA8000F7E7C0460038014082B501089C04000069
:10CA90009D0400000C4B70B505000C00984203D0BB
:10CAA0000A480B4904F08AFE072C03D907480949B4
:10CAB00004F084FEAB68084A64041340AB60AB68C2
:10CAC0001C43AC6070BDC0460038014082B501080F
:10CAD000B3040000B4040000FFFFF1FF094B70B580
:10CAE00004000D00984203D00748084904F066FE90
:10CAF00063692D061B021B0A636163691D4365613F
:10CB000070BDC0460038014082B50108C404000071
:10CB10000C4B70B504000D00984203D00A480B4935
:10CB200004F04CFE04232A009A4303D00648084927
:10CB300004F044FE0422A3689343A360A3682B433C
:10CB4000A36070BD0038014082B5010802050000F5
:10CB5000030500000D4B70B504000D00984203D092
:10CB60000B480C4904F02AFE012D08D908480A494F
:10CB700004F024FE0223A2681343A36070BD002DBD
:10CB8000F8D10222A3689343F7E7C046003801407A
:10CB900082B501081305000014050000154B70B59F
:10CBA00004000D00984212D0134B98420FD0134B43
:10CBB00098420CD0124B984209D0124B984206D0A2
:10CBC000114B984203D01148114904F0F7FD012D93
:10CBD00009D90E480F4904F0F1FD8023A268DB015A
:10CBE0001343A36070BD002DF7D1A3680A4A134018
:10CBF000F7E7C046003801400044004000480040CC
:10CC0000004C0040005000400014014082B5010873
:10CC10004C0500004D050000FFBFFFFF134B70B532
:10CC200004000D00984212D0114B98420FD0114BC6
:10CC300098420CD0104B984209D0104B984206D025
:10CC40000F4B984203D00F480F4904F0B7FD0F4E29
:10CC5000354203D00B480E4904F0B0FDA3683340C1
:10CC6000A360A3682B43A36070BDC0460038014099
:10CC70000044004000480040004C0040005000408C
:10CC80000014014082B5010866050000FF7FFFFF28
:10CC900067050000144B70B504000D00984212D0D7
:10CCA000124B98420FD0124B98420CD0114B984225
:10CCB00009D0114B984206D0104B984203D010482F
:10CCC000104904F07BFD1F2D04D9AF210C48C90089
:10CCD00004F074FD23680C4A6D051340236023683B
:10CCE0001D43256070BDC04600380140004400402F
:10CCF00000480040004C004000500040001401403B
:10CD000082B5010877050000FFFF1FFC134B70B5CB
:10CD100004000D00984212D0114B98420FD0114BD5
:10CD200098420CD0104B984209D0104B984206D034
:10CD30000F4B984203D00F480F4904F03FFD1F2DC1
:10CD400003D90C480D4904F039FD23680C4A2D0421
:10CD50001340236023681D43256070BD00380140E7
:10CD60000044004000480040004C0040005000409B
:10CD70000014014082B501088A0500008B050000FF
:10CD8000FFFFE0FF194B70B504000D00160098423C
:10CD900013D0174B984210D0164B98420DD0164B1B
:10CDA00098420AD0154B984207D0154B984204D0B0
:10CDB000B7211448C90004F001FDC0232A009A439A
:10CDC00001D1002D03D10F480F4904F0F7FC012ECB
:10CDD00007D90C480D4904F0F1FCA3682B43A3606C
:10CDE00070BD002EF9D1A368AB43F8E700380140CD
:10CDF0000044004000480040004C0040005000400B
:10CE00000014014082B50108B9050000BA05000010
:10CE1000134B70B504000D00984213D0114B98428B
:10CE200010D0114B98420DD0104B98420AD0104BA5
:10CE3000984207D00F4B984204D0BB210E48C9003E
:10CE400004F0BCFC0D4E354203D00B480C4904F0F5
:10CE5000B5FCA3683340A360A3682B43A36070BDF7
:10CE6000003801400044004000480040004C0040B1
:10CE7000005000400014014082B50108FFDFFFFFB1
:10CE8000D90500002F4B70B504000E001500984224
:10CE900012D02D4B98420FD02C4B98420CD02C4BDB
:10CEA000984209D02B4B984206D02B4B984203D086
:10CEB0002A482B4904F082FC84235B009E4225D043
:10CEC000284B9E4222D0284B9E421FD0274B9E4289
:10CED0001CD0274B9E4219D0264B9E4216D0264B83
:10CEE0009E4213D0C0239B009E420FD0234B9E42F4
:10CEF0000CD0234B9E4209D0224B9E4206D0224B9F
:10CF00009E4203D01548214904F058FC012D04D954
:10CF1000CC211248C90004F051FC0123B2B2F6B290
:10CF2000B340120A022A06D104342268002D06D02A
:10CF30001343236070BD032AF7D10834F5E79A4301
:10CF40002260F7E7003801400044004000480040FC
:10CF5000004C0040005000400014014082B5010820
:10CF60005E06000007010700060106000501050036
:10CF700004010400060208000A0309001A010B005C
:10CF80001B010C000E011100160314005F060000C7
:10CF9000F8B51A4B04000F001600984212D0184B37
:10CFA00098420FD0174B98420CD0174B984209D09B
:10CFB000164B984206D0164B984203D01548164996
:10CFC00004F0FCFB102F03D8144BFB40DB0703D409
:10CFD0001048134904F0F2FBBFB2012E07D90D48E7
:10CFE000104904F0EBFB258B3D432583F8BD002E53
:10CFF000F9D1238BBB432383F8E7C04600380140B7
:10D000000044004000480040004C004000500040F8
:10D010000014014082B501089106000016010100CC
:10D020009206000093060000134B70B504000D003B
:10D03000984212D0114B98420FD0114B98420CD00D
:10D04000104B984209D0104B984206D00F4B984293
:10D0500003D00F480F4904F0B1FB0F4E354203D007
:10D060000B480E4904F0AAFBA3683340A360A368F1
:10D070002B43A36070BDC04600380140004400400F
:10D0800000480040004C00400050004000140140A7
:10D0900082B50108B1060000FFEFFFFFB2060000F5
:10D0A000344B70B505000C00984212D0324B9842B8
:10D0B0000FD0324B98420CD0314B984209D0314BB3
:10D0C000984206D0304B984203D03048304904F0A3
:10D0D00075FB80231B019C4207D028D8402C04D02C
:10D0E00015D8022C07D8002C0CD0EB691C40631E0D
:10D0F0009C41E0B270BD221F1C2A03D8254BD340AF
:10D10000DB07F2D42148244904F058FBEDE78023E3
:10D110009B009C42E9D005D823008022803B9343AA
:10D12000F0D1E2E78023DB009C42EBD1DDE78023F6
:10D13000DB029C42D9D011D880231B029C42D4D060
:10D1400006D880235B019C42CFD08023DB01EBE734
:10D15000124A134BE3181342D4D1C6E780239B0332
:10D160009C42C2D002D80F4A0F4BF3E78023DB0367
:10D17000DAE7C04600380140004400400048004063
:10D18000004C0040005000400014014082B50108EE
:10D19000DB06000011100010DC060000FFFFFEFFA0
:10D1A0000000FFFFFFFFF7FF0000F8FF214B70B505
:10D1B00005000C00984212D01F4B98420FD01F4B15
:10D1C00098420CD01E4B984209D01E4B984206D074
:10D1D0001D4B984203D01D481D4904F0EFFA8023EF
:10D1E0005B009C420FD010D8102C0AD8002C03D022
:10D1F000184BE340DB0706D41448174904F0DEFA65
:10D2000001E0402CF8D12C6270BD80235B019C4270
:10D21000F9D008D880239B009C42F4D080231B01C6
:10D220009C42E9D1EFE780239B029C42EBD0802314
:10D230005B03F5E70038014000440040004800402F
:10D24000004C0040005000400014014082B501082D
:10D250000A070000160101000B070000304B70B5F3
:10D2600005000C00984212D02E4B98420FD02E4B46
:10D2700098420CD02D4B984209D02D4B984206D0A5
:10D280002C4B984203D02C482C4904F097FA842365
:10D290005B009C4229D02A4B9C4226D0294B9C42C1
:10D2A00023D0294B9C4220D0284B9C421DD0284B98
:10D2B0009C421AD0274B9C4217D0274B274A234029
:10D2C000934212D0264B9C420FD0264B9C420CD04E
:10D2D000254B9C4209D0254B9C4206D0244B9C42B6
:10D2E00003D01548234904F069FA0123A2B2E1B240
:10D2F0008B40120A012A0DD12A6800201340EA69E6
:10D30000834206D00123240CA3401A40531E9A41A5
:10D31000D0B270BD022A01D16A68EEE7AA68ECE7D4
:10D32000003801400044004000480040004C0040EC
:10D33000005000400014014082B501082A07000097
:10D3400007010700060106000501050004010400AD
:10D35000060208000A030900FFFFFDFF00030100A9
:10D36000000302001A010B001B010C000E0111004A
:10D37000160314002B070000234B70B505000C00AA
:10D38000984213D0214B984210D0214B98420DD097
:10D39000204B98420AD0204B984207D01F4B98420E
:10D3A00004D0EE211E48C90004F008FA1D4B9C422F
:10D3B00024D084235B009C4220D01B4B1B4A23407B
:10D3C00093421BD01A4B9C4218D01A4B9C4215D04A
:10D3D000194B9C4212D0194B9C420FD0184B9C42C7
:10D3E0000CD0184B9C4209D0174B9C4206D0174BCF
:10D3F0009C4203D00A48164904F0E0F90123240CAA
:10D40000A3402B6270BDC04600380140004400407C
:10D4100000480040004C0040005000400014014013
:10D4200082B5010806010600FFFFFDFF00030100B1
:10D430000003020004010400060208000A030900B8
:10D440001A010B001B010C000E0111001603140041
:10D450007107000010B58024240120000121F9F794
:10D4600089FE00212000F9F785FE10BD70B5074D3B
:10D470000400284203D04021054804F09FF9054AE2
:10D4800053682B401C43546070BDC0467FFEFFFFB5
:10D49000B1B50108002C0040002313B5019343B23D
:10D4A0000400002B03DA5421074804F087F97F2198
:10D4B000064A0C4053688B430193019B1C43019423
:10D4C000019B536013BDC046B1B50108002C00405C
:10D4D0008023034A9B0051680B4353607047C0464A
:10D4E000002C00400300403B10B504003F2B03D943
:10D4F0007521044804F062F97F231C40024B1C6034
:10D5000010BDC046B1B50108002C00400300403BEF
:10D5100010B504003F2B03D99521044804F04EF9BF
:10D5200080231C43024B1C6010BDC046B1B50108EE
:10D53000002C0040024B9868431E9841C0B27047CF
:10D54000002C00400022014B9A607047002C0040E4
:10D5500010B50124264B27491A6822431A605A68DD
:10D560000A405A601A6824490A401A601A68234916
:10D570000A401A605A6822490A400F215A60DA6A42
:10D580008A43DA621A6B1F490A401A635A6BA24334
:10D590005A6300229A60F9F7D1F92000F9F726FAC8
:10D5A0000120F9F729FE0028FAD00020F9F70EFB38
:10D5B000F7F7F4F90220F7F7BDF9F7F7FFF9E021E3
:10D5C000802049030002F9F7BFFA0120F9F7FEFABB
:10D5D0001920F9F711FE0028FAD00220F9F770FBA4
:10D5E0000020F9F789FB0020F9F7B0FB10BDC04619
:10D5F000001002400CB8FF08FFFFF6FEFFFFFBFF24
:10D60000FFFFC0FFACFEFFFF0C2270B5114D6B6831
:10D610001340082B1BD1C02268680733800C69684F
:10D6200018405202841C11420AD10B4860436B68B7
:10D630000A4A1B061B0FD25C094BD040186070BD14
:10D64000E96A0848194001310BF086FCEEE705480D
:10D65000EDE7C0460010024000093D0020A001088F
:10D66000C000002000127A0010B524200BF01EFC30
:10D6700010BD0000084B9A88002A01D0013A9A8018
:10D680001A89002A01D0013A1A81DA88002A01D0C9
:10D69000013ADA807047C046B804002010B50C4B40
:10D6A000012810D16330588006F0B0FB094B587C3C
:10D6B000012806D1084B1B78022B02D106F0A8FFE7
:10D6C00010BD0020FAE700225A8006F06EFEF7E750
:10D6D000B8040020B4090020130700200A4B10B53D
:10D6E0001878002301280AD1084B5B7C022B08D153
:10D6F000033000F0CFFA0422054B1A700123180002
:10D7000010BDFFF7CBFFF9E7B8040020B4090020F3
:10D710001107002070B5344C2278012A43D1A1882A
:10D72000324D002929D10C236078A380638800281A
:10D730003AD00C339BB26380FA2B00D961702C4B2A
:10D740001B78022B02D16B7C022B19D0E388002BB3
:10D7500007D102206433E38003F040FF022003F08E
:10D760006DFF608806F052FB6B7C002B02D0AB7C17
:10D77000002B05D0012003F0F6FF6B7C002B12D0AC
:10D780002689002E0FD11A4B1B78012B13D105F0DF
:10D7900035F86B7C022B02D1668006F006FE03F0A2
:10D7A000ABFB144B238170BD0C3B9BB26380452BBC
:10D7B000C5D86270C3E7668006F0F7FD05F0D0F8C3
:10D7C000300006F095F8300006F044F9F6220A4BD6
:10D7D0005200985C310003F08BFF012003F018FF2A
:10D7E0000120FFF75BFFDCE7B8040020B40900204C
:10D7F00013070020B80B00002407002070B50400B8
:10D8000003F040FC334E012C46D1F522324B52003E
:10D81000995CA73AFF3A4A43D358304A9B18304A9A
:10D82000934206D8737C002B03D007200AF03CFFFC
:10D8300070BD0125012003F0D1FF2A4B0C215D7042
:10D840000C23294C294AA3805833E380284B4942B2
:10D850002381517006F0A9FD737C002B18D0B07C99
:10D86000002801D103F07FFF04F0C8FF002006F07C
:10D87000F1F8737C022B02D0012003F0C9FE0020D6
:10D8800003F0ACFE012003F0D9FE01232370CFE7A3
:10D890002800FFF703FFECE70024134D2000AC80C5
:10D8A000EC802C8103F0B4FE200003F097FE2000F2
:10D8B00003F0C4FE6C8006F078FD737CA34203D0B5
:10D8C00005F01CF809F06EFD00202C7003F04BFFF2
:10D8D000AEE7C046B40900202407002080345BFF77
:10D8E0007FB92A0039090020B80400203809002037
:10D8F000B80B000010B50C4C2378002B07D00B4B55
:10D900001B78022B03D100200AF0CEFE10BD0620AA
:10D910000AF0CAFE03F0B6FB0923237003F050FFA0
:10D9200008F02CFCF2E7C04638090020120700205E
:10D93000642310B5094A137053780E2B09D8D118F7
:10D9400088710133002053700AF0AEFE08F017FC16
:10D9500010BD03200AF0A8FEFAE7C0461C0900200B
:10D96000F8B5184C2378092B07D109F01BFD164E8A
:10D970007378002B02D100232370F8BD134DE21CF5
:10D98000D377FF21102228000BF0D4FD73780022FA
:10D990009C460E260F270E48D3B29C45EBD9815CDE
:10D9A0000B003A3B0A2B04D83739CBB2AB540132C7
:10D9B000F2E733002A29F9D00F232329F6D00B00F0
:10D9C0003B40F3E7380900201C0900205B090020D8
:10D9D000220900200022014BDA7770473B09002022
:10D9E000002210B5054B05201A700AF05DFE03F009
:10D9F000E7FE03F047FB09F04DFD10BD380900209C
:10DA000010B5152832D80BF089FA1C2E313131317E
:10DA1000101214160B0B0B0B0B0B0B0B0B0B181A1A
:10DA20002630C0B2FFF784FF10BD4120FAE7422044
:10DA3000F8E74320F6E74420F4E72A20F2E7232022
:10DA4000F0E70B4B587800280AD064221A700022A5
:10DA50000138C0B258701B189A7108F090FB03206F
:10DA60000AF022FEE0E7FFF7BBFFDDE70020F7E763
:10DA70001C090020A02010B5154C0B22210000022B
:10DA800007F0B8F8637A052B01D904236372A37AEF
:10DA9000062B01D90523A372E379052B01D90123B4
:10DAA000E371237A052B01D901232372A0220949AE
:10DAB0000948520007F09EF810220849084807F06C
:10DAC00099F810220749084807F094F810BDC0469D
:10DAD000C20400200005002020A000004006002015
:10DAE00080A100005006002090A1000010B50400A5
:10DAF0000120102C1AD906F08BFD0120104B5B7A07
:10DB0000034207D003F02FFE042005F0A3FF0320FB
:10DB100006F07AF80B4B102C0BD918191138007835
:10DB200006F074F90122084B9A7710BD06F0B0F8A0
:10DB3000E3E7A4001B19D988988806F0BFF8F1E73D
:10DB4000B409002030A001083809002010B50120D8
:10DB500006F09EF8012003F006FE042005F07AFF8F
:10DB6000F12006F051F800210C4806F0A7F85020EB
:10DB700003F023FE00210A4806F0A0F8502003F02D
:10DB80001CFE002003F0EFFD0021080006F096F8CF
:10DB900006F086FC002006F037F810BD542800007F
:10DBA000482200007FB5364C06222100684602ADAF
:10DBB0000BF0EAFC0622210028000BF0E5FC314CBA
:10DBC000667CE38A002E00D17FBD002BFDD1012EA3
:10DBD00003D0022E18D0637429E030002375A3749B
:10DBE00006F056F8A37CE35CE374274B5B7A9B0753
:10DBF00008D5042005F02EFFF12006F005F83000CE
:10DC000003F0B1FD02236374237D204E002B10D15D
:10DC1000E27C1F4B92009B18D988988806F04EF83A
:10DC20006A46F379D35C0A225343E38201232375C6
:10DC3000C5E70021080006F041F80A22337AEB5CC0
:10DC40005343E38200232375A37C0133DBB2A37427
:10DC5000E25CE274FF2A01D00F2BB0D90026032327
:10DC6000300063740733E382A67403F07CFD06F092
:10DC70009CFB300005F0C8FF06F012FC9FE7C04691
:10DC8000DFB50108CE040020B4090020C204002042
:10DC900030A0010870B505000138052800D96EE0F4
:10DCA0000BF03CF956566D03153A02224C4BFF32ED
:10DCB0001A80F93AFF3A5A80F8325A74494A117B6D
:10DCC000642201314A43DA82FFF76CFF51E0F5220A
:10DCD000454B5200995CA73AFF3A4A439B180733D9
:10DCE000D87F424B3E4CC01805222100000106F0AF
:10DCF00081FF2378FF2B3CD00E2303223C493D4873
:10DD000023720BF041FC01236374364B1A7B6423AE
:10DD100001325343E382D7E7374E314CF27F200084
:10DD20003649374D0BF030FCF27F0F2A0CD8FF2616
:10DD3000A654032A08D12E49324B487A1B5C32483C
:10DD4000E3700BF021FCE67100230335EB77DAE793
:10DD50002B4B5B681B021B0C0CD1214C2B49012D5A
:10DD600000D12B49102220000BF00EFC2378FF2B52
:10DD70002DD170BD06F07CFD0028EED0A4E7204B2D
:10DD80005B681B021B0C1DD1F522174B5200995CDE
:10DD9000A73AFF3A4A439B180733D97F104C090131
:10DDA00032310322091920000BF0EEFB1049154B0C
:10DDB0004A7A15489B5C0322E3700BF0E5FBFF23D6
:10DDC000E371D3E706F054FD0028DDD07CE7054B76
:10DDD0001A7B642301325343E3820123637473E7A4
:10DDE000CE040020B409002024070020020A00000D
:10DDF000C2040020D70400203B0900205B0900205A
:10DE00003809002088A00108D20400205006002014
:10DE100040060020704770477047704770470020E9
:10DE2000704770477047C046024B187843425841CC
:10DE30007047C046B3090020094A537859424B4104
:10DE40006E215B420B4007495B18022111700831BB
:10DE500053809180044A13701B0A53707047C04668
:10DE6000800600208A0200007409002010B5154BBE
:10DE70005B7E002B03D1144B1B78022B03D10720B0
:10DE80000AF012FC10BD03F0FDF803F099FC022229
:10DE90000E4B0F491A700F4B1A705A885218D7211F
:10DEA00092B249008A4204D95A78002A07D00A4A15
:10DEB0005A8008F0D9F907F037FC0520E0E7BE22C8
:10DEC0009200F5E7B409002012070020380900206D
:10DED00076FDFFFF800600208A020000054BC20885
:10DEE0009B189A7907231840063B8340180010407E
:10DEF0007047C0468006002070B51D24002801D060
:10DF00000138C4B21E251D262000FFF7E7FF0028B8
:10DF100008D1002C08D0013CE4B2013DEDB2002D47
:10DF2000F2D1FF24200070BD3400F6E770B51E2545
:10DF30001E2101300BF080F92E00CCB22000FFF73B
:10DF4000CDFF00280AD10134E0B231000BF074F9A2
:10DF5000013DEDB2CCB2002DF0D1FF24200070BD08
:10DF6000F8B50025D727194E7F00B572184C6B0005
:10DF7000E3189A78DB781B021343164A9B189BB26E
:10DF8000BB4206D80122A9B2B01D03F0B1FD0123A6
:10DF9000B37201351E2DE9D123003E331A781D2AB4
:10DFA00001D900221A70B37A002B02D13F342370BA
:10DFB000F8BD3E3425782800FFF790FF0028F7D100
:10DFC0002800FFF7B3FF2070F2E7C046800600206C
:10DFD0007409002076FDFFFF10B5164C164AA07A92
:10DFE000164B1178002822D0012908D10021117088
:10DFF0001A785B781B02134363803C200CE00121FC
:10E0000011701A003E3212788A409B189A78DB7899
:10E010001B02134363803B200AF0E4FE07F084FBFD
:10E02000022323700833A38008F0FEF810BD0129F5
:10E03000E3D1F0E780060020B30900207409002036
:10E04000322270B5284C0300617822704A1CD2B28B
:10E05000611862708871012A01D0022A06D9332B17
:10E0600031D9022262702E32A271E3711F4AD07937
:10E0700000282CD10AF018FB6578022D30D100233E
:10E080001B4823720BF059F90400013C03F098FB84
:10E09000E0B21F2820D8D724164A4300D318997815
:10E0A000DB7864001B020B431349591889B2A14263
:10E0B00006D83E321070114A53800A23157093809F
:10E0C00008F0B2F870BD0122A3716270CEE7303B58
:10E0D000D8B20AF069FCCFE748200AF083FEEFE7E8
:10E0E00008F074F8EEE7C0461C090020B4090020CF
:10E0F000220900207409002076FDFFFF8006002021
:10E1000070B5174B174C1B78012B1DD125003E35E0
:10E110002878FFF70BFF2870FF2803D1FA380AF0A0
:10E12000C3FA70BD40002018C37882781B021343E5
:10E1300002210D4A2370538011701B0A083191800F
:10E14000637008F071F8ECE78722074BD2005B8818
:10E15000934202D201339BB2EAE7BE239B00E7E77A
:10E16000B3090020740900208006002070B5174B09
:10E17000174C1B78012B1DD125003E352878FFF761
:10E18000BBFE2870FF2803D1FA380AF08DFA70BD63
:10E1900040002018C37882781B02134302210D4AE5
:10E1A0002370538011701B0A08319180637008F04E
:10E1B0003BF8ECE7BE22074B92005B88934202D902
:10E1C000013B9BB2EAE78723DB00E7E7B3090020C6
:10E1D00074090020800600200322054B10B51A7038
:10E1E000FA2292009A8007F00FFB07F0FBFF10BDA8
:10E1F0008006002010B50B4A5378002B0ED1012168
:10E20000094B517002211170083153809180074AE7
:10E2100013701B0A537008F007F810BDBE230021CD
:10E220009B00EEE7800600208A02000074090020AF
:10E23000322310B5294C62782370531CDBB2A2182C
:10E2400063709071012B02D0E2789A4202D20123CE
:10E25000A0716370A379302B03D01A00323A032ADD
:10E2600004D8002060700AF01FFA10BD313B5A42FA
:10E2700053411B4A0333E3706378D079E3185B7929
:10E28000002822D10AF010FA6278E378934221D173
:10E29000E41800231348A3710BF04FF8040003F0B7
:10E2A0008FFA114BE218D7235B009A420AD8022258
:10E2B0000E4BA0B21A70083258809A800C4B18701E
:10E2C000000A587007F0B0FFCFE7303BD8B20AF031
:10E2D0006BFBD9E707F066FFC7E7C0461C090020C3
:10E2E000B40900202209002076FDFFFF80060020EF
:10E2F00074090020164B10B51A78012A1ED1154A50
:10E300001278012A17D1144A1278012A13D8134916
:10E310000A78002A0FD19A88002A0BD0013A92B2CB
:10E320009A80002A06D102320A701A7002F0AAFE00
:10E3300007F09AFF10BDC8229A80FBE7074A1278BF
:10E34000022AF7D19A88002AF4D0013AF4E7C046AD
:10E350008006002013070020120700203809002043
:10E3600010B5224B5B7E002B03D1214B1B78022B77
:10E3700003D100200AF098F910BD02F083FE1D4C75
:10E380002378012B01D100F0CDFC03F019FA022310
:10E39000194A1A49237013700978194B01291ED1A3
:10E3A00019003E31097849005B189978DB781B0227
:10E3B0000B43144953805B18D7219BB249008B4211
:10E3C00004D95378002B0DD00F4B538007F0DCF9A4
:10E3D00007F04AFF062149200AF076FDCCE71978BC
:10E3E0005B78E4E7BE239B00EFE7C046B40900205A
:10E3F000120700203809002080060020B309002001
:10E400007409002076FDFFFF8A0200000022024B03
:10E410001A709A807047C0468006002010B500240C
:10E420000C4B1C7003F0CCF902F02CFE200003F022
:10E430009AF909F02FF8084C2378012B01D007F046
:10E44000A8F90223237007F06FF905214A200AF08A
:10E450003BFD10BD38090020800600200A4B10B596
:10E460001A78022A0ED10022084C1A702378012B48
:10E4700001D007F08EF9002003F075F90123237015
:10E48000C733A38010BDC046380900208006002095
:10E4900010B5FFF72FFF1D4B1B78022B0CD11C4C26
:10E4A0002078013803282DD80AF038FD0602072607
:10E4B00007F080F90423237010BDF523A2889B0088
:10E4C0009A42F9D207F0ACF9022802D0A388002BB7
:10E4D0000DD102230F4A237012780F4B002A03D16B
:10E4E000A2781A70E2785A7007F09EFEE4E70128DD
:10E4F000E2D107F089F9DFE700230120A38003F0D0
:10E5000032F9D9E7FFF78AFFD6E7C046380900207D
:10E5100080060020B30900207409002010B5064BC6
:10E5200026301B78C0B2012B02D1FFF789FD10BD48
:10E53000FFF77EFEFBE7C046B309002010B5202898
:10E540004FD80AF0EBFC6464574E4E4E141C2C3E20
:10E55000111111111111111111115A4E644E4E4E1B
:10E560004E614E4E4E203200FFF7D8FF10BD002006
:10E5700003F0F9F807F00DF901F0BEFBF6E7FFF73D
:10E58000BFFD01200EE0274B1A78002A04D101328A
:10E5900006201A700AF088F8FFF7B2FDE6E7FFF7E9
:10E5A000E5FD02200AF080F8E0E71E4B1A78002A09
:10E5B00004D1013206201A700AF076F8FFF7D6FD72
:10E5C000D4E7194A5378002B11D02020013BDBB24D
:10E5D000D11853708871002B05D03223137007F0C7
:10E5E000E1FD0020DEE707F01FFE0320DAE7FFF77A
:10E5F00015FFBBE7FFF7F0FCB8E70C4B1B78012BCE
:10E60000EFD0FFF7E9FDBCE703F036F9AEE700F025
:10E610000FF803001D3BDBB2012B00D8FF2000F0F8
:10E6200027F8A3E7002000201C090020B3090020E0
:10E630000300012810D016280AD0FF20002B06D195
:10E64000074BDD381B78062B01D8064AD05C704793
:10E65000054B25201B78F6E7044B24201B78F2E7B6
:10E66000E009002095A00108E1090020E20900204E
:10E6700010B5FF2803D100200AF016F810BD1D3890
:10E680000828FBD80AF040FC1411FAFAFA05FA2718
:10E690001E00164C0321607E01300AF0CDFDC8B289
:10E6A000607602F0CBFF0620E6E703F08DF9E5E7A0
:10E6B0000E4B1B78042B02D101F0F8FCDEE701F0D1
:10E6C000C3FCDBE70A4B00201B78012B00D00120A4
:10E6D000FFF794F8D2E7054B1B78022B02D1FFF726
:10E6E0009DFECBE7FFF73CFEC8E7C0463809002097
:10E6F000B8040020020010B50E4826324378C11835
:10E700008A7132220270072B01D801334370F5223F
:10E71000094B5200995CA73AFF3A4A439B180833C9
:10E72000DB7F012B02D103F0E1FE10BD03F06CFC96
:10E73000FBE7C0461C0900202407002070B5040038
:10E7400003F03EF8002C09D0154D2B78002B05D195
:10E7500008F072FF0120287009F0A6FF02F092FC79
:10E76000F522104B5200995CA73AFF3A4A439B1896
:10E770000833DB7F012B0FD12100002003F076FE50
:10E78000002C08D10AF052FB002802D1013009F018
:10E790008BFF08F051FF70BD002003F07DFBEFE719
:10E7A000002000202407002070B5040003F008F8C2
:10E7B000002C0AD0164D2B78002B06D108F03CFF18
:10E7C000012302202B7009F06FFF02F05BFCF522A1
:10E7D000104B5200995CA73AFF3A4A439B18083302
:10E7E000DB7F012B0FD12100002003F05FFE002C06
:10E7F00008D10AF01BFB002802D1023009F054FFB7
:10E8000008F01AFF70BD002003F09CFBEFE7C04644
:10E810000020002024070020F52010B5194A4000F0
:10E82000145CA738FF386043121808321649D47FA9
:10E830004B78002C17D1002B0BD02020013BDBB2F2
:10E84000CA184B709071002B05D032230B7008F062
:10E8500069FE002004E002F015FC08F0A3FD03208F
:10E8600009F022FF10BD002BF3D02D20013BDBB2BD
:10E87000CA184B709071002BEDD032230B7008F04A
:10E8800019FEE6E7240700201C09002010B5202807
:10E8900052D80AF043FB4C4C262B135114171D235E
:10E8A0001111111111111111111131344C4946433B
:10E8B0003A3D4037511B2100FFF71CFF10BD00F00F
:10E8C0000FFAFBE70020FFF739FFF7E70120FAE72F
:10E8D0000020FFF769FFF1E70120FAE7FFF79CFF4F
:10E8E000ECE702F06DFF03F041FEE7E703F0A4FA66
:10E8F000032009F0D9FEE1E703F0EAFBDEE7FEF7CB
:10E90000F9FFDBE701F0A0FBD8E701F0C7FDD5E791
:10E9100002F0B2FFD2E702F03DF9CFE702F0C0FF0C
:10E92000CCE702F0D1FFC9E701F0D0FAC6E7FFF764
:10E930007FFEFFF79DFEC1E70020DAE7064BDA7F96
:10E940000A2A05D0322301325343044A9382704786
:10E9500096239B00F9E7C046B60900208C060020EC
:10E960000B4A030011880020994202D809498B42C2
:10E9700007D9094A136170470130C0B20232332807
:10E98000F7D011889942F4D0F6D90138C0B2F0E737
:10E99000A4A50108906500008C060020002370B536
:10E9A000B04CA373292800D956E10AF0CBFAD00065
:10E9B0002C019A00D400D900930048010E01F70001
:10E9C000E400AF00AF005300600073007B002A003A
:10E9D000FC00EE00E9000101BB003C0140014401E4
:10E9E000A700A0000701C500C0004D012701CB0012
:10E9F000F300E0001D01220113011801320137016B
:10EA0000520107234422984DA3730533EB709E33C4
:10EA100096486B714133FF33C35C5A438318190026
:10EA20000831C97F002902D1914BA36031E0190060
:10EA3000323109780139C9B2FD2909D800213E33A4
:10EA40003232197012188B498B480AF045FD6870F4
:10EA50000023EAE70223A3733133A380874B1B68AB
:10EA60009B69986880B2FFF77BFFA06011E00A23E2
:10EA7000A373CA33A380814BA0221B6812069B6933
:10EA80009B6819001140914221D1D322A2607C4A97
:10EA9000536370BD0223A3733133A380774B1B688C
:10EAA000DB69DEE70A23A373CA33A380734BA0217B
:10EAB0001A680906D3699B6818000840884206D185
:10EAC000D3239269A36092686D4B5A63E1E7D22B1E
:10EAD000BED8AAE70223A380684B1B680133DB7F03
:10EAE000A3E70223A380654B1B680233F7E70323E8
:10EAF000A380624B1B6828331B7896E70323A3731C
:10EB00005E4B1B68DB6AA3602361C2E75D4B574A1B
:10EB1000A3800423A373E733FF33D35CF8335B0094
:10EB20009B5A82E70323A380574B9B7A7DE70423FC
:10EB3000A380554B5B7A78E70423A3804F4B1B6877
:10EB40003133D9E70723A3804F4B1B7B6DE70A23A3
:10EB5000A3804D4BD0E70423A3804B4B5B7864E745
:10EB60000423A373023BA380474B9B785DE71023EC
:10EB7000A380464BB3E70D23A380434B5B7954E757
:10EB80000223A380404B1B7A4FE70223A3803E4B16
:10EB9000DB794AE70B23A3803D4BA0E70223A38048
:10EBA000394B9B7941E70223A380374BDB7D3CE760
:10EBB0000223A380314B1B68063390E70223A38016
:10EBC000314B1B7F9B079B0F2FE70223A3802E4B0C
:10EBD0001B792AE70423A3802B4B5B7B25E70423C7
:10EBE000A380294B9B7B20E70B23A380264B5B7DD7
:10EBF0001BE70B23A380244B9B7D16E70423A380F4
:10EC0000214B9B7F11E70823A3801C4B1B682933F2
:10EC100072E70223A3801C4B1B7D06E70223A3801F
:10EC2000194B5B7C01E70723A3801A4B64E707239A
:10EC3000A380194B60E70723A380184B5CE70523EB
:10EC4000A380114BDB78F0E60423A3800E4B1B7CE2
:10EC5000EBE60223A380FBE60822A273063AA28019
:10EC6000E3E6C0468C0600201C0900202407002093
:10EC7000FFFF000046B601082209002020070020FF
:10EC800038090020E7030000B4090020B50900207E
:10EC9000B6090020E0090020E1090020E209002077
:10ECA00000230B4A93730B4B002805D11E213E33E2
:10ECB00091801B789360704702213F3391801B78CD
:10ECC000012B02D0044B5B78F4E7044BF2E7C0461B
:10ECD0008C0600207409002080060020FFFF000041
:10ECE00010B502F06DFD02F0CDF9DC2200230B4CD3
:10ECF00092012383E382E3732280A370FFF71EFE59
:10ED00000122074B1A70E078FFF748FE09F0A0F8DF
:10ED100006214B200AF0D8F810BDC0468C06002012
:10ED20003809002010B5164C2378012B24D106F0A9
:10ED3000D1F9F522134B5200985CA73AFF3A4243AF
:10ED400099180831C97F012917D113314143F8308F
:10ED50003232C8314000C05AD218C91806F05AF9E8
:10ED6000094B0A49DA789A76002222700A709A8250
:10ED700002F026FD08F08EFB10BD06F057FAEFE713
:10ED800038090020240700208C06002012070020EC
:10ED900010B5FFF7D3FD02F013FD114B9878002852
:10EDA0000CD000219A889C68013A0800944200D255
:10EDB000601C9860196109F04BF810BD5978DA7839
:10EDC00001398A4201DA0132D0B2D8701B78012BA6
:10EDD00002D1FFF765FFEEE7FFF7E0FDEBE7C04686
:10EDE0008C06002010B5FFF7A9FD02F0E9FC104BDE
:10EDF0009A78002A0BD09A68002A06D0013A9A60C5
:10EE000000221A6109F024F810BD9A88F6E7D87834
:10EE1000002808D00138C0B2D8701B78012B04D16B
:10EE2000FFF73EFFEEE75878F4E7FFF7B7FDE9E7B5
:10EE30008C06002070B51E490300CA7B042415000F
:10EE4000303BDBB2A54315D1002B10D0333802285C
:10EE50000AD9184A5800825A0A61022B05D80123A0
:10EE6000CB73062009F020FC70BD0223F8E78B600D
:10EE70000B61F6E7541E0F4864000019808A0132C6
:10EE800043430869CA731B180B48002204880B61AE
:10EE9000A34206D88A60E4E70132D2B20230332AB4
:10EEA000F8D00488A342F5D0F6D2013AD2B2F1E705
:10EEB0008C060020A0A00108A4A5010870B51A4C7A
:10EEC0006278531CDBB2A21863709071012B01D0E1
:10EED000062B05D9012300226370144BA0711A611F
:10EEE0006378E3185D79124B303DD879EDB2002894
:10EEF00013D109F0D9FB6378062B0DD100230D48FF
:10EF000023730AF01AFA0A23084A43430A49092DCF
:10EF100007D1497A5B1A136170BD280009F044FDDE
:10EF2000E9E7495D5B18F6E71C0900208C06002024
:10EF3000B40900202209002070A4010870B51A4C01
:10EF40006278531CDBB2A21863709071012B01D060
:10EF5000062B05D9012300226370144BA0711A619E
:10EF60006378E3185D79124B303DD879EDB2002813
:10EF700013D109F099FB6378062B0DD100230D48BE
:10EF800023730AF0DAF96423084A43430A49092D36
:10EF900007D1497A5B1A136170BD280009F004FD9E
:10EFA000E9E7495D5B18F6E71C0900208C060020A4
:10EFB000B40900202209002070A4010810B5154CE6
:10EFC0006278531CDBB2A21863709071012B01D0E0
:10EFD000062B05D90123002263700F4BA0711A6123
:10EFE0000E4A6378D079E3185B7900280CD109F0D8
:10EFF0005BFB6378062B06D10023094823730AF0D4
:10F000009CF9054B186110BD303BD8B209F0CCFC1F
:10F01000EFE7C0461C0900208C060020B409002040
:10F0200022090020F7B50D0004006427031D00939A
:10F03000280039000AF016F82800CEB2390009F08D
:10F040008BFF0A210500300009F086FF0A21030129
:10F05000300001930AF006F8019B5918009B2170BB
:10F060000134A342E4D1F7BD70B51A4B06005B78BA
:10F07000002B21D0184B1D69280002F056FD0128F5
:10F0800025D1F523154C5B00E15CA73BFF3B4B43CF
:10F09000E3180833DB7F012B11D113334B43002ED0
:10F0A0000BD0CC3329001819FFF7BCFFF5235B0008
:10F0B0000021E05C03F075F870BDC833F2E7490148
:10F0C000883108222800091902F054FEEEE708F002
:10F0D000BDFCF1E71C0900208C060020240700205D
:10F0E0001F4B10B51969040000291FD089B2F52300
:10F0F0001C4A5B00D05CA73BFF3B4343D31808335B
:10F10000DB7F012B1BD113334343D318002C14D0C6
:10F11000D2331980142301214343D318D7331A78EB
:10F120008A431A70002103F03CF810BD9B68002B45
:10F13000DDD00D4A5B00995AD9E7D033E9E74301A6
:10F14000002C09D0D418903421800121D218993292
:10F1500013788B431370E5E7D4189234F4E7C04674
:10F160008C06002024070020A4A501081C4B10B524
:10F1700099680400D22900D90021F523194A5B00BF
:10F18000D05CA73BFF3B4343D3180833DB7F89B2F6
:10F19000012B14D113334343D318002C0DD0D23399
:10F1A0001980142301214343D318D7331A788A4393
:10F1B0001A70002102F0F5FF10BDD033F0E74301D3
:10F1C000002C09D0D418903421800121D218993212
:10F1D00013788B431370ECE7D4189234F4E7C046ED
:10F1E0008C060020240700207FB501AE0D0014001E
:10F1F0000749020030000AF06FF90023DAB29442A6
:10F2000000D87FBDF25C303AEA540133F6E7C046DD
:10F21000E6B50108F0B5874B8BB09E68864BB7B258
:10F220001B7805AC0193002B00D179E0142200215A
:10F2300020000AF07FF90023804A07930633E37326
:10F24000137F012B5DD193699BB2638123810023DE
:10F25000556820002900A381A373FFF7E3FE29006E
:10F2600006A8FFF7DFFEB0B20C22400102A905F0AC
:10F27000C1FC2100380002AA05F09EFEFA23704D61
:10F280005B00EF520A3BEB5C0126F8335B005F53F7
:10F2900006F074F8EE233200FF3339006948EE546B
:10F2A00002F026FCE37B5B0707D5F72332005B0007
:10F2B00039006548EE5402F01BFC2B000833D97F5F
:10F2C000012907D1F8235B00EB5ABB4202D1002091
:10F2D00002F067FF2B006B331878012807D1F92360
:10F2E0005B00EB5ABB4202D1010002F05AFF524BC5
:10F2F0001A78002A03D000221A70FFF713FD0BB012
:10F30000F0BD022BA3D1117D936901299CD0A021CE
:10F310005B025B0A09060B4323610723E37396E74D
:10F32000F523474D5B00E95CA73BFF3B59436B1856
:10F330000833DB7F012B13D1323149190C2202A88B
:10F340000AF022F9F5235B00EA5CD73BFF3B53430D
:10F350002200EB18C83323CB23C203CB03C288E7B8
:10F36000B6B2760130000C22143002A905F042FC3E
:10F370000199142220000AF0DDF83800019902F00A
:10F380000BFC002840D014222100300005F032FC94
:10F39000F52344225B00EB5C06A85343EB185A6943
:10F3A000D9686281FFF73EFE0121372009F08CFD0C
:10F3B000F5235B00EA5CA73BFF3B53435201AA18CD
:10F3C0001000EB18591C0233DB7F96321F4D127868
:10F3D00098304078A373EB7B2273EA7ADB00627388
:10F3E0000822C97F1340073A1040033210438901B5
:10F3F0003C32114003430B434D21E27B8A431343CC
:10F4000002221343E37334E7F52344225B00EB5CF1
:10F4100020005343EE18726959596281B268228103
:10F42000FFF700FEF16806A8FFF7FCFD0221382077
:10F43000BCE7C0468C060020E4060020C40600207D
:10F44000240700209108002014080020B40900209F
:10F45000314BF7B59C680021A4B2200002F09CFB60
:10F46000002838D0200005F003FE2C4D210000229A
:10F47000280002F03DFB00222100294802F038FB61
:10F48000EE220023274CFF32A354E95C002927D049
:10F490000127F826A75476000021A05B02F07CFB30
:10F4A000051E08D12900A05B02F08AFB3900A05399
:10F4B000280002F076FEF9256D000021605B02F065
:10F4C0006BFB011E07D1605B02F07AFB01216053E8
:10F4D000080002F066FE0621472009F0F5FCF7BDA2
:10F4E00001337D2BD1D1104B10491B7A1048012BD1
:10F4F0000FD1104B009310231A0009F0EDFF05F017
:10F50000DFFCBFF34F8F0C4B0C4ADA60BFF34F8F19
:10F51000FEE70B4BEEE7C0468C060020910800206A
:10F520001408002024070020B4090020EBB50108CE
:10F53000C10F0020F4B5010800ED00E00400FA0559
:10F540002EB6010873B5304C11220021200009F0BD
:10F55000F1FF2E4E2E4D337A012B23D12D4B0093EC
:10F56000102329001A00200009F0B6FF2A4B1B784F
:10F57000002B01D001F012FA284B1B78002B01D090
:10F5800001F02CFA264B1B78002B01D001F03CFA3D
:10F59000244B1B78092B07D1FFF7C4FB022009F08D
:10F5A00083F873BD204BDAE7062B23D1012009F045
:10F5B0007BF8337A012B24D11C4B009310232900B4
:10F5C0001A00200009F088FF194B9B68012B01D11C
:10F5D00005F076FC05F082FC05F098FCFA2040006E
:10F5E00002F0EBF8BFF34F8F124B134ADA60BFF310
:10F5F0004F8FFEE7114B1B78012BD2D109F01CFC79
:10F60000B4E70F4BD9E7C046C10F0020B409002072
:10F61000EBB50108FEB501081B0700201907002003
:10F6200018070020E20E00200AB6010819B60108EA
:10F630008C06002000ED00E00400FA0538090020E7
:10F6400027B60108F8B5292845D809F07BFC1A012E
:10F65000980177001E0123015100BE017A01430188
:10F660002D01EA00ED00450049004D004F002A0041
:10F670004801370132014D01F000B201B601BA0173
:10F68000C1009A007001FA00F500C3019301150151
:10F690003C01280189018E017F018401A801AD018F
:10F6A000C801D04B5A780C2A01D90C225A70F52681
:10F6B0004424CD4D7600A85D0C2260433230FF21FA
:10F6C000401909F037FFA85D0C2260433230C7496A
:10F6D000401909F059FFF8BD0020FFF701FDFAE7D6
:10F6E0000020FFF743FDF6E70120F6E70120F8E7E9
:10F6F000BF4B44229968F523BB485B00C45C62435E
:10F700008218531CD977012308321940D37F012B6B
:10F710000AD113336343C3184020D0338A01D97907
:10F7200081431143D971D6E764010319402098330E
:10F730008A015978814311435970CCE7F52344225B
:10F74000A9485B00C45CAA4B624399688218931C69
:10F75000C9B2D9770832D37F012B09D11333634360
:10F76000C3180F20D6331A7802400A431A70B2E742
:10F77000640103190F2098331A780240114319705D
:10F78000A9E7F522984B5200985CA73AFF3A42430A
:10F790009A180832D27F012A04D10521482009F0A5
:10F7A00093FB98E71F2142019B1896331A780A4071
:10F7B0008F491A708968012906D11F310A431A70CE
:10F7C000002102F0EEFC86E70229F9D13E31F5E78F
:10F7D000F523854C5B00E55CA73BFF3B6B43E318DF
:10F7E0001A000832D27F012AD7D07E4A5278002AE6
:10F7F00002D07F4A1269DA6244266E43A619F76A7C
:10F8000032211437380009F02DFC781A69019C3137
:10F8100007226118F062FFF7E7FCF5235B00E05C6C
:10F82000CEE7FFF7F7FC56E7FFF712FE53E7704A03
:10F83000704B92689A724EE76D4A6E4B92685A729C
:10F8400049E7F522684B5200985C694A9168442266
:10F8500042439A180832D27FC9B2002A06D1654ABB
:10F86000D172442242439B18313388E71422424329
:10F870009A18D5321170F4E75D4A5E4B92681A739C
:10F8800029E75B4A5B4B926870E7594A594B92688B
:10F890005A7020E7564A574B92689A701BE7544BB0
:10F8A0009A68554BDA7716E7514A524B92685A716B
:10F8B00011E74F4A4F4B92681A720CE74C4A4D4B76
:10F8C0009268DA7107E74A4B9A684C4BDA77FFF790
:10F8D00035F800E7464A474B92689A71FBE6444A7E
:10F8E000444B9268DA75F6E6F5223F4B52009C5C79
:10F8F0003F4A9068442262439A180832D27FC1B2CC
:10F90000002A07D13B4AD173442262439B18063335
:10F91000D977E0E614220125082662439A18D032EE
:10F920002840D579C000B5432843D071ECE70320C7
:10F93000304A2F4B9968137F014083430B43137761
:10F94000C9E62B4A2B4B92681A71C4E6284A294B08
:10F9500092685A73BFE6264A264B92689A73BAE6B3
:10F96000234A244B92685A75B5E6214A214B926886
:10F970009A75B0E61E4A1F4B92689A77ABE6F5225D
:10F98000194B5200985C1A4A1169442242434001C3
:10F990009A18C9B229321B1811709B33EFE6144A2A
:10F9A000144B92681A7596E6114A124B92685A7473
:10F9B00091E60F4B9A68124BD8E60D4B9A68114BA3
:10F9C000D4E60B4B9A68104BD0E6094A094B926873
:10F9D000DA7080E6064A074B92681A747BE6FFF7F6
:10F9E000B1FD78E61C090020240700202209002030
:10F9F0008C060020B4090020B5090020B6090020BB
:10FA0000E0090020E1090020E20900200B4B10B5BD
:10FA10009B680B49DCB200280BD10A4A88785B004E
:10FA2000D3189870C9783E32D9701470FEF798FADE
:10FA300010BD4C70FEF700FAFAE7C0468C060020B5
:10FA4000800600207409002010B5FEF777FF01F052
:10FA5000B7FE104B99781A78002910D00021D87879
:10FA600099701983012A07D1FFF71AF908F0F0F904
:10FA7000052008F019FE08E0FEF790FFF6E7012ADE
:10FA800004D19A7EDA70FEF7F1F910BDFFF74AF95A
:10FA9000EEE7C0468C06002010B5FEF74FFF2C4C59
:10FAA000A278A37B002A33D0032B09D1294B5B78A2
:10FAB000002B09D0062B07D0002008F0F5FD10BD63
:10FAC000022293430C2BF1D04720062109F0FCF9C8
:10FAD0002378E078012B15D1FFF798FF1E4B1B7898
:10FAE000012BECD100231D4AA3701370238301F076
:10FAF00067FE2378E078012B07D1FFF7D1F808F0F3
:10FB0000A7F9DCE7FFF79EFDE8E7FEF747FFF6E71A
:10FB10000521082B07D02278012A08D1104BA268B2
:10FB20009A4206D10721482009F0CEF9C7E7072BF2
:10FB3000F4D00123A370002323832361E37308F02F
:10FB400087F92122E178074B4A430621D05CEBE795
:10FB50008C0600201C090020380900201207002014
:10FB6000FFFF0000AAA90108094B10B51B78012B63
:10FB70000AD1084B9A8A002A06D11A78012A04D1A0
:10FB80009A7EDA70FEF772F910BDFFF7CBF8FBE74B
:10FB9000380900208C060020F8B50700FEF7CEFEDD
:10FBA000454CA578002D0FD0A368A6889BB2A07BFA
:10FBB00002380C284AD809F0B1F9151F3149490A11
:10FBC00049493F4925492B006678E378EFE7002D46
:10FBD00029D0380006F026FF002808D0002008F0C1
:10FBE00063FD04E0002D1ED03800FFF723F90F233A
:10FBF000E38208F02DF948E0002D14D03800FFF71B
:10FC00005DF9F4E7002D0ED03800FFF797F9EEE725
:10FC1000002D08D03800FFF7D1F9E8E7002D02D019
:10FC200001250136B6B2E28A002A11D12283002DC5
:10FC30002CD00023238311E0002DF4D000251F4A8F
:10FC4000526BAA42EFD1013EB6B2ECE70025EAE7DB
:10FC5000228B002D1AD001339342EAD1380030387C
:10FC600087B2C0B208F0A0FE0A20238B5843381890
:10FC700080B2B04202D3B742804138402083002D89
:10FC800008D0002804D108F00FFDF8BD228BE3E76F
:10FC9000013880B2A378002B0BD12378C0B2E0707A
:10FCA000012B03D1FEF7FCFF062098E7FEF776FE56
:10FCB000FAE7A060F8E7C0468C060020380900206B
:10FCC00010B5FEF73BFE00230A4A13839368002B0E
:10FCD0000AD0D32B08D0692B07D802206933936050
:10FCE00008F0E2FC08F0B4F810BD693B0120936015
:10FCF000F6E7C0468C06002010B501F061FD01F06A
:10FD0000C1F90A4CE378A37600232383E382E373EB
:10FD1000074B2360FEF712FE0122064B1A70E078B3
:10FD2000FEF7BEFF08F094F810BDC0468C06002018
:10FD3000010200003809002010B501F041FD01F07A
:10FD4000A1F9094B0A20DA789A7600221A83DA821E
:10FD5000DA73064A1A600122054B1A70FEF71EFE7E
:10FD6000FFF79AFE10BDC0468C0600200037000A3F
:10FD700038090020054B00209A78012A04D1987B8D
:10FD8000073843425841C0B27047C0468C06002035
:10FD900010B5202800D983E009F0C0F88787828257
:10FDA00082821624476711111111111111111111BD
:10FDB00072758782828282848282823355002630E5
:10FDC000C0B2FFF7E9FE10BD3D4B9B7B072B06D170
:10FDD0003C4B1B78002B02D006F098FDF3E7FFF7B1
:10FDE0005BFEF0E7FFF7C6FF012807D106F068FDCC
:10FDF00008F006F8012008F057FCE4E7FEF7C8FF1A
:10FE0000F8E7314B1A78002A03D10120187008F066
:10FE10004BFCFFF7AFFF012804D106F051FD07F0BE
:10FE2000EFFFD0E7FEF7B4FFCDE7FFF7A3FF012810
:10FE300005D1002006F044FD07F0E2FF01E0FEF7E7
:10FE4000D1FF0220D7E7204B1A78002A04D10132D3
:10FE500002201A7008F028FCFFF78CFF012801D15E
:10FE60000020DAE7FEF7BEFFADE7154B9B7B072BC3
:10FE700003D106F025FE0028DED0FFF7E5FDA2E75E
:10FE800000F0BAF99FE70E4B9B7B0A2B02D1FFF7DC
:10FE900017FF98E7FFF76EFF012801D106F09EFCDF
:10FEA0000020A8E701F0E8FC8DE7FEF7C1FB0300A6
:10FEB0001D3BDBB2012B00D8FF20FEF7D9FB82E708
:10FEC0008C060020B80F00200020002070B5002014
:10FED00001F084FC032501220C4BDC7D1A761D7099
:10FEE00094420BD1200001F093FB200003F08CFE24
:10FEF000200001F038FC064B1D7070BD03F067FD5B
:10FF000004F053FA01F0BEF8F7E7C04638090020C4
:10FF10001207002010B50024094B1C701C7602F05B
:10FF200035FE200001F01FFCF622064B5200985CC3
:10FF3000210001F0DDFB044B1C7007F0ABFA10BD93
:10FF400038090020240700201207002010B51728C8
:10FF500001D0212802D1FFF7DDFF10BD002008F0FD
:10FF6000A3FBFAE7030010B501208B4231D2194AF6
:10FF700018309A18FF3092B2824204D2AA2200208E
:10FF8000D200914225D9144A1089984205D8548943
:10FF90009C4202D900208C421BD29089984205D8FD
:10FFA000D4899C4202D900208C4212D210889842F7
:10FFB00005D854889C4202D900208C4209D29488EA
:10FFC00001209C4205D8D2889A4202D98A429241A5
:10FFD000504210BDC8FBFFFF400F0020F8B5184E7F
:10FFE0007588002D21D1F5274423164C7F00E25D52
:10FFF0005343E3180833D87F7378012B16D10128B7
:020000040801F1
:100000000AD1290002F032FAFA235B002800E25DEF
:10001000E15A06F0B5FE02E0180001F03DFF00F0E5
:100020006BFF01233370DB187380F8BD012803D107
:10003000290002F03BFAE7E7012001F083FFEEE739
:10004000A80600202407002010B501F01BF8F523B6
:10005000134A5B00D15CA73BFF3B4B43D3180833EB
:10006000DB7F012B08D1EE33FF33D35C002B03D1B0
:10007000072008F019FB10BD01F0A2FB04220221A9
:10008000084BFF311A70084B19805A8007F08AF923
:100090000321272008F018FFFFF7A0FFEBE7C04679
:1000A0002407002038090020A80600200023074A62
:1000B00010B513705380064A1370064A137007F088
:1000C00071F90621282008F0FFFE10BDA8060020C7
:1000D0003809002012070020284B70B51A78042A2E
:1000E00012D1274C2078013804280DD808F016FFCB
:1000F00003202E2A380003F02BFB012822D123797C
:10010000022B02D80133237170BD1E4B9B7A012B49
:1001100007D0022B07D0002BF6D1023323703223F5
:1001200004E00323FAE705232370DB186380EBE781
:10013000144B9B7A012B05D103F00AFB012801D156
:1001400032236380FFF74AFF0023DCE703F000FB64
:100150000028E4D16388002BD6D104332370D3E781
:1001600000251D70084B01212800257065801D7039
:1001700002F056F9257107F015F9C5E73809002096
:10018000A8060020B40900201207002070B5092835
:1001900006D808F0C3FE242409090909090D19210C
:1001A00016281CD01D2817D0002008F07DFA0AE080
:1001B0000120104C607008F077FA00236380FFF78D
:1001C0000DFF07F039FA70BD00250A4C022065705A
:1001D00008F06AFA6580F2E7FFF768FFF3E7FEF7D9
:1001E00027FA1D2802D0222800D0FF20FEF740FA6F
:1001F000E9E7C046A806002010B500F043FF084C10
:100200002378012B01D1FEF78DFD01F0D9FA0623E9
:1002100001222370034B1A7007F016FF10BDC04671
:1002200038090020B0060020002210B5044B1A70D7
:1002300001F0C6FA00F026FF07F0B4F810BDC04682
:1002400038090020F8B5334B1B78062B05D1324C0A
:100250002578012D02D0022D16D0F8BD03F078FAD2
:10026000002801D12074F8E7237C042B02D8013345
:100270002374F2E703F002FE280007F0C7FE002314
:10028000237402332370E8E703F062FA002806D1F2
:10029000237C042BEBD907F0B9FE0123F2E70026FB
:1002A000267404F0DEF9A060B042D6D003F05EFA06
:1002B0000700207101281BD1A368184D18495D4320
:1002C000280008F049FE174BA0609D4208D900F0B5
:1002D0007FF932000100A060380007F05FFE05E002
:1002E00032003100300007F059FE26710323C9E7C0
:1002F000A06800F041F9011E07D001220A4BA0605E
:100300009B692273E3812800E7E70200A168E0818E
:100310002073F8E738090020B0060020A08601000D
:1003200099260300309D6507C4060020F52370B5AB
:100330003F49404C5B000A79E05CA73BFF3B012A48
:1003400033D14343E31808338968DB7F89B2002B3C
:1003500007D14301E3181A009032118092331980BB
:100360000AE014234343E3181D00D035D733298016
:100370006980197891431970002101F012FFF5236B
:1003800044225B00E05C4243A3180833DB7F012B6F
:100390004BD114214143F4333232C831FF33E05A98
:1003A000A218611804F036FE70BD022AE4D143435E
:1003B0000D7BE3180833DA7F012D19D1C989002A92
:1003C0000AD1D229D8D84301E3181E0099363278D1
:1003D0009033AA433270C2E7D229CDD814234343C5
:1003E000E3181E00D7363278D033AA433270B6E70E
:1003F0008B68A0215B025B0A09061943012A0AD116
:1004000014234343E3181D00D8352960D7331978E6
:100410000A431A70B0E7431D5B01E31859604301BA
:10042000E318993301221978F2E704F0FFFEBBE7E5
:10043000B00600202407002010B5092806D808F0CF
:100440006DFD2323070707070B19192016281BD05A
:10045000002008F029F90CE00F4B07201B78032B34
:10046000F7D1FFF763FFFFF7DFFE0621472008F013
:100470002BFD10BD002007F0C9FD0122064B1A70AC
:10048000F7E7FFF7D1FEF4E7FEF7D2F8222800D015
:10049000FF20FEF7EDF8ECE7B006002010B5FEF700
:1004A00041FC00F0EFFD002001F05DF9002003F0B9
:1004B000ABFB002001F0ACF80521802000220124D4
:1004C0000A4B400019700A4B59770A491A70188272
:1004D0000133F9380A70DC7703F02AF92100200093
:1004E00001F006F907F044FE10BDC04638090020AF
:1004F000C40600201307002010B50F4C637C012BAD
:1005000007D100201900607401F0F2F80023237075
:1005100010BD002B04D10222012118006274F3E700
:10052000022B04D10121013308006374ECE70120A0
:1005300001006074E8E7C046C40600200A4B70B5AD
:100540001A780500052A0ED100241C70074B043AC6
:100550001C70074B1A7003F071FCA54203D0054BC9
:10056000DC7706F097FF70BD3809002012070020E5
:1005700013070020C5060020F7B5802600241727A2
:100580004002430A0193F6030F4A6300D55A28003C
:1005900003F01AF83B0001214200304200D00A4328
:1005A0005202500A019A824204D1084B01349C61E4
:1005B0002800FEBD013BDBB2002BEDD10134692CDC
:1005C000E2D11D00F4E7C0460AA60108C4060020D7
:1005D000332210B543020A495B0A0888C41A9842BC
:1005E00000D21C1A092C02D8064B986110BD013AA2
:1005F000D2B20231002AF0D1024B986980B2F5E7FD
:10060000A4A50108C4060020F8B5AA4B1B78052B49
:1006100020D1A94C2078052800D947E108F092FCA8
:1006200006001B007A00C400C8001D01A37F012B37
:1006300008D1002001F097F8002003F0E5FA00202F
:1006400000F0E6FF0025A57703F0F0FB01232574F9
:1006500025772370F8BD03F0F5FF051EFAD003F0EF
:10066000EDFB237C5A1C0233D2B29B002274E5506E
:10067000012A4CD90023E2682374A368D11A93425B
:1006800000D9991A182942D89B18607C5A086260D0
:10069000032820D808F042FC0D022530874A9342F7
:1006A00001D99B086360864B62689A4213D8002385
:1006B000CFE7844A934209D90621180008F04CFC80
:1006C0006060814B62689A42F1D804E07F4A9342AD
:1006D00003D99B0863600223BBE77D4A9342F0D8AD
:1006E000E5E77C4A934203D99B0863607A4BE9E7CC
:1006F000734A9342FAD8DAE7784A934203D99B08BF
:100700006360774BDEE7774A9342FAD8CFE703F08E
:100710008DFB9FE7744B9A7A102A01D908229A72AE
:100720009F7A724B6668D85D7149704308F014FC7B
:100730003518082F00D9351A0D352800192108F071
:1007400091FC637C6D1A6560022B15D0032B1BD0C6
:10075000002B21D1674B9D4209D96360606803F08B
:1007600075FB03230120237007F0D0FC72E7624B76
:100770009D42F3D8614BF0E7614B9D42EDD8544B5D
:100780009D42EBD8504BE8E75E4B9D42E5D85E4B6F
:100790009D42E3D85D4BE0E75D4B9D42DDD8484B81
:1007A0009D42DBD84E4BD8E70F2363820B3B50E7CB
:1007B00003F057FFA061002841D002F0D7FF0500E9
:1007C0002077012824D1A36952485349584308F09F
:1007D000C3FBA061C82000F0F0FF02F033FF002847
:1007E00008D100221100100007F058FC00232377E5
:1007F00005232EE79623A0699B009842F1D9FFF7C5
:10080000E7FE00220100A061280007F047FCEFE7A7
:10081000A06903F01FF8C82000F0CFFF02F012FF1C
:100820000028DED0A069FFF7A7FE011E03D0012239
:1008300022750220E9E70200A1692075F9E7658ABF
:10084000002D02D0013D658204E72A00290028001E
:1008500007F024FCA5612577CAE702F079FF01289B
:100860001FD1237F002B0FD002F0ECFE00280BD10C
:1008700000252800A57700F076FF280003F0C4F9D2
:10088000280000F0C5FEE5E6A37F002B00D0E1E6DE
:1008900001252800A57703F0B7F9280000F063FFD1
:1008A000EEE7A37F012B00D0D4E6E1E70120FFF7BC
:1008B00045FECFE638090020C406002001EA3206D2
:1008C000FF596202FFA14A04002D310181F0FA02B2
:1008D000FF2C3101FFB3C40480C3C901FF3A58089B
:1008E000005A6202FF8693030C01002066A50108EE
:1008F00080969800C0800901FF84CF000085CF005A
:1009000080BA8C01C01753027FC3C901C00E160202
:1009100000751903A08601009926030010B51A2856
:1009200038D808F0FBFA2F2F372937370E1818223E
:100930003737373737373737373737292F3737375D
:100940002200154B00201B78052B12D1FFF7F6FD76
:10095000FFF7F2F910BD104C2378022BFAD90020D2
:1009600007F0D4FB00232370F4E70120FFF7E6FD36
:10097000052007F099FEEDE7FFF7BEFD002007F028
:10098000C5FBE7E7FDF754FE222800D0FF20FDF766
:100990006FFEDFE70020ECE7C4060020002210B560
:1009A000054B1A7002F088FA04F06EF803F066FF47
:1009B000FDF76EFD10BDC0461B070020002210B5DC
:1009C000054B1A70FFF788FB00F05EF900F07EFB24
:1009D00000F078FE10BDC0461A070020002210B5B6
:1009E000084B1A70FFF710FEFFF72CFCFFF7BCF85E
:1009F00000F094FD00F00EFF00F036FE00F092FFD4
:100A000010BDC04619070020002210B5044B1A7013
:100A100000F08AFA02F07AF805F0C4FC10BDC04676
:100A20001807002010B52F4A2F4B127818782F4C3A
:100A3000022A0DD1597800F0EDFF23780A2B01D15D
:100A400002F090FB23780B2B01D102F035FD10BD95
:100A5000FF2821D004F044F8254A03001278002A28
:100A60000CD0012801D91628E7D11800FDF7E0FDC8
:100A70002528E2D10020FCF7C1FEDEE7207801380E
:100A800008282AD808F04AFA050D1115191D212940
:100A900025001800FFF77CF908F0CEF9FDF7C2F940
:100AA000CBE71800FDF74AFDF6E71800FFF74EFA0E
:100AB000F2E71800FFF76AFBEEE71800FFF72EFFDA
:100AC000EAE71800FFF7B8FCE6E7180000F034F991
:100AD000E2E71800FCF794FFDEE71800FDF7D6FE0A
:100AE000DAE7C04613070020E20E00203809002094
:100AF000B8040020014B8000C0587047BCA001081A
:100B0000064A8000064B825810B51A6000221A71FE
:100B1000044A1268936103F0EBFA10BDBCA001080F
:100B2000E80600202007002070B5094D0400287851
:100B30000A21013008F080FB0022064B29701A7050
:100B400007F01CFB002C02D1012007F0ADFD70BDA9
:100B5000DD0900201207002010B50B4B04001B78A4
:100B600009210A4A002B01D0013BD9B22932117068
:100B70000022074B1A7007F001FB002C02D1012064
:100B800007F092FD10BDC046DD090020B409002029
:100B90001207002010B500F075FA0D4C2378012BD8
:100BA00001D1FEF7BFF800F00BFE0A4B1A78092AB4
:100BB00001D900221A70072300222370064B1A70F5
:100BC00007F00AFB0621492008F07EF910BDC04657
:100BD00038090020DD090020120700200A4B10B55B
:100BE0001A78072A0ED1094A1268926100221A70F7
:100BF00000F0E6FD00F046FA06F0D4FB05214A209D
:100C000008F062F910BDC046380900202007002016
:100C100010B500F037FA00F0D3FD0222044BFF328A
:100C20001A800321FD3A27205A8008F04DF910BDA3
:100C3000A8060020002210B5054B1A705A80054BFB
:100C40001A7007F09BFA0621282008F03DF910BD24
:100C5000A80600201207002010B50A4C6388002B5C
:100C60000AD16078012808D1FFF75EFF00F044F94F
:100C700001232370DB18638010BD0120FFF76CFF98
:100C8000F4E7C046A8060020264B10B51B78072BBA
:100C900040D1254C2078013804283BD808F03EF993
:100CA0000321312B3B0002F053FD012823D11F4AC1
:100CB000137B022B02D8013313732BE01C4B9B7A5E
:100CC000012B07D0022B07D0002B23D10233237036
:100CD000322304E00323FAE705232370DB18638043
:100CE00018E0134B9B7A012B05D102F031FD01284E
:100CF00001D132236380FFF7AFFF00220B4B1A7341
:100D000008E002F025FD0028E2D16388002B01D124
:100D10000433237010BD0023064A237013706380D0
:100D2000024AC9E738090020A8060020E80600208A
:100D3000B409002012070020030070B509280ED85E
:100D400008F0ECF84242111111111115273507284E
:100D500009D808F0E3F83908080808122C2F1638CB
:100D6000C2B2072AF3D9002007F09EFC05E01B4C15
:100D70002078002802D1FFF7D7FE70BD01206070F7
:100D800007F092FC00236380FFF766FF06F054FC37
:100D9000F3E7124C2078002802D1FFF7DDFEECE7E4
:100DA00000250120657007F07FFC6580ECE7FFF708
:100DB00015FFE2E7094B1B78002B02D1FFF728FF54
:100DC000DBE7FFF737FFD8E71800FDF731FC2228F3
:100DD00000D0FF20FDF74CFCCFE7C046A80600205E
:100DE00005220020024B5B789A4240417047C04682
:100DF000F60600201FB50D4B5A780323062A04D8A7
:100E0000131C042A00D90423DBB200220292084AF0
:100E10009B000192074A03219B58852000931822CA
:100E20000A2307F0AAFA05B000BDC046F606002066
:100E3000FFFF0000C40000201FB50E4BDA7A002A25
:100E40000AD000220321DA72852000920A23183288
:100E500007F0C6F905B000BD0121D972064B029218
:100E60000193064B1822009385200A23023107F0D4
:100E700084FAEFE7F6060020FFFF000002A4010855
:100E800010B500F0A7FA00F0A5FA104B0722997AE6
:100E90001870814218D3597A043A814214D3197ACE
:100EA000013A814210D3D979013A81420CD3997920
:100EB0000022814208D359790432814204D31A793D
:100EC00090429241524205325A7010BDF6060020FF
:100ED00010B5074C0B220021200008F02BFB072245
:100EE0000449201D08F050FBFFF7CAFF10BDC046A3
:100EF000F6060020E4A0010810B5084C237B012B66
:100F000001D102F064FD3221054A064B127C4A43AE
:100F10005A836423E3810023237310BDF606002067
:100F2000B40900203809002070B51B4B1B4C1B78FE
:100F30006578022B25D01A4B1B78002B21D1194B39
:100F40001B78022B1DD007F071FF002819D1FFF785
:100F500097FF63785A1F012A18D8E07814210130CE
:100F600008F06AF9E170FFF767FFE378002B08D11A
:100F70000D4BDB79002B05D1FFF7BEFF082007F0F2
:100F800093FB70BD3A2007F02DFFFAE7AB42F8D093
:100F9000FFF730FFF5E7C04613070020F6060020F4
:100FA000B804002012070020B4090020014B187B70
:100FB0007047C046F6060020184B70B51B78002B12
:100FC0001DD1174B1B78042B19D0164B5B78002BC7
:100FD00015D0154BDC89002C11D1F621134A1D7B4D
:100FE0004900505C012D0BD1032229001C73DA81CA
:100FF00000F07EFB02F0EBFC280002F02BFD70BD40
:10100000012221001A730732DA8100F071FB2000FF
:1010100002F020FD02F0D0FCF1E7C046B804002049
:1010200038090020B4090020F6060020240700201B
:10103000F522084B5200995CA73AFF3A4A4306480A
:10104000D2180260EC22FF3299540022034B1A702E
:101050007047C04624070020200700200607002014
:10106000054B1979012906D1044B1A78002A02D1BF
:10107000034B5970DA707047B4090020B80400209F
:101080000607002010B50B4C2378012B01D100235B
:10109000E370FFF7CDFFF522074B52009A5CF83260
:1010A0005200D15AFA22520099520023034A637027
:1010B000137010BD0607002024070020120700202F
:1010C0006422014B9A70704706070020F8B5164C51
:1010D0006378002B26D0A378002B23D1FCF79FFE4A
:1010E000051E1FD16423114FA3703E78012E19D124
:1010F000FFF75CFF012815D0F5230D4A21785B002E
:10110000D35C012902D0350001333340EC21FF319B
:101110005354A839FF394B43D21800230548257092
:1011200002603B70F8BDC046060700201207002091
:101130002407002020070020FA210D4B10B5186865
:10114000890007F009FF802301385B0498420ED222
:10115000C021084A090650600748036A1B021B0A9F
:101160000B430362002393600733136010BDFEE757
:10117000C000002010E000E000ED00E0F7B59C208A
:101180000121C003F5F74AFFA02090240121C001EE
:10119000F5F76AFF394BE4050093394B69462000A7
:1011A0000193C026F3F77EFF20001421F4F70AFA1A
:1011B00001276A46334BB600694620000025968019
:1011C000D7710093F3F76EFF03236A466946200048
:1011D00000931371D571F3F765FF2A0020000521F4
:1011E000F4F714FA2A0020000621F4F70FFA2A0077
:1011F00020000721F4F70AFAE0230093224B694606
:1012000020000193F3F74EFF204B214C00931C4B21
:10121000694620000193F3F745FF20001D49F4F7CC
:10122000D1F96A46694620009680D7710096F3F797
:1012300039FF2A0020000D21F4F7E8F92A002000E8
:101240000F21F4F7E3F9144B69460093134B200088
:101250000193F3F727FFE0236A4669461B02104813
:101260009680D7710093F3F71DFFC3230093044BBF
:1012700069460C480193F3F715FFF7BD14D9000038
:10128000010300000820000002030001FFFC000031
:10129000000400487D1C000002A0000002030000C2
:1012A0000008004800140048012313B5002A0CD0A0
:1012B0006A4613710023937103226C4600916946BC
:1012C0006271E371F3F7EEFE13BD6C462271F3E732
:1012D00037B51B23012501AC20002380A570F5F74D
:1012E00047F90C232000FF33A5702380F5F740F960
:1012F00037BD30B59024E40589B0200001220921D2
:10130000F4F784F9012220000A21F4F77FF9802301
:101310009B000093144B694620000193F3F7C2FE33
:101320008023DB00012500936B4669462000DD71B8
:10133000F3F7B8FEE1231B02029300230B4C039347
:10134000200004930593079302A90C330693FAF740
:1013500061FD2A0020000649FBF794FD29002000CA
:10136000FAF778FE09B030BD0203000000380140F2
:10137000050105008022034B1885D9691142FCD074
:101380007047C04600380140802010B50E4C86B032
:101390000121C001F5F788FE2000F7F79BF88223B2
:1013A0005B040193094B01A90293094B20000393AD
:1013B0000823049300230B82F7F7C2F801212000D1
:1013C000F7F720FA06B010BD003800400007020011
:1013D00001000002002310B50C4C0722200002215E
:1013E000A362F2F771F82000F2F740F904210748F0
:1013F000F2F7CAF90028F9D004210448F2F70AFAF2
:101400000248F2F747F90009C0B210BD00240140BC
:10141000002310B50C4C072220000121A362F2F733
:1014200053F82000F2F722F904210748F2F7ACF94B
:101430000028F9D004210448F2F7ECF90248F2F749
:1014400029F90009C0B210BD002401407FB58020F9
:1014500001218000F5F708FE1448F1F731FE6846D7
:10146000F1F7A6FE00236A466946104813710093FF
:10147000029304930593F1F73BFE022107220B48E8
:10148000F2F722F80948F2F7BBF801210748F1F713
:1014900097FE01210548F2F777F90028F9D00348B3
:1014A000F2F7E4F8FFF796FF07B000BD0024014013
:1014B00010B506490648FBF7D1FE002805D00448C0
:1014C000FBF7F2F8C0B201F02AFD10BD05010500DE
:1014D00000380140802010B54002F3F731F80028B1
:1014E00005D080204002F3F717F807F067F910BD28
:1014F00010B5FFF721FEFFF7EBFEFFF73FFEFFF70A
:1015000043FFFFF7F6FEFFF7A1FF03F085FC07F0AE
:1015100091F9FFF75FFF62B610BDC04670B5902528
:101520000824ED052B8A234242D0322000F045F9F1
:101530002B8A23423CD001F0CDF902F03DFA1D4B3D
:101540001B78022B02D1C82000F037F9FFF79AFD73
:1015500003F0C0FDF522184B5200985CA73AFF3A01
:10156000424399180831C97F01291ED113314143E3
:10157000F8303232C8314000C05AD218C91803F0CE
:1015800049FD03F0FBFE642000F017F90822FA2061
:101590000A4B40001A8500F010F9BFF34F8F084B3B
:1015A000084ADA60BFF34F8FFEE703F03FFEE8E73B
:1015B00070BDC04613070020240700200004004827
:1015C00000ED00E00400FA0590238022DB055201C3
:1015D000002801D11A8570479A61FCE790230A4AD6
:1015E000DB05002804D109491985002313707047D1
:1015F000012804D18021090299610123F6E71178BD
:101600000029F7D0EFE7C0460C0700200080FFFF5D
:10161000902380220849DB05D201002803D11A85D6
:1016200000234B707047012802D19A610123F8E72B
:1016300048780028F9D0F2E70C0700204022084B38
:101640000849002803D11A8500238B7070470128B0
:1016500002D19A610123F8E788780028F9D0F2E7EF
:10166000001400480C07002010B5054B587E0228D6
:1016700005D1044B1B78012B01D0FFF7DFFF10BD14
:1016800038090020B80400200C4BDA78042A09D865
:10169000322353430A4A938390238022DB0552016D
:1016A0009A617047052A05D09623053A9B0053435B
:1016B0009BB2EFE796235B00ECE7C046B40900203D
:1016C00038090020084BDB78002B0CD0074A137830
:1016D000053B012B07D9938B002B04D1902380224B
:1016E000DB0552011A857047B40900203809002033
:1016F00070B50D00012913D1022398430400002185
:10170000012807D1102002F06BFC2100202002F0FC
:1017100067FC70BD202002F063FC29001020F6E772
:10172000022912D1032818D8002107F0F7FB08027C
:101730000802042002F054FC01210820E7E70820F9
:1017400002F04EFC01210420E1E70021202002F0FC
:1017500047FC0021102002F043FC0021082002F089
:101760003FFC0021EFE78022034B012801D19A6161
:1017700070471A85FCE7C046001400487047BFF365
:101780004F8F034B034ADA60BFF34F8FFEE7C0462B
:1017900000ED00E00400FA057047704710B504F052
:1017A000F5FB10BD10B5FFF783FE10BD704710B5F7
:1017B000FFF790FE10BDC04670477047FEE700007F
:1017C0001A2210B50021034807F0B4FEFF22024B95
:1017D0001A7010BD1C0900201007002070B504000D
:1017E000FFF7EEFF0120FEF7A9FEFFF7F7F9084D1E
:1017F0002B78022B05D1FCF731FE002C01D0FCF731
:1018000005FE2B78012B01D1FDF78CFA70BDC04687
:101810003809002010B5144A137C002B22D013493C
:101820000878082804D891235B00C340DB0719D44B
:101830004B8B002B16D00E4800780238012811D9A6
:101840000C48007801280DD1013B9BB24B83002B43
:1018500008D1D37E002B05D1D07605F081F9252063
:1018600007F0C0FA10BDC046B409002038090020B6
:10187000120700201307002010B5084BDA7E002A5B
:1018800008D000222620DA7607F0ACFA012005F015
:1018900067F910BD01222520DA76F5E7B4090020AA
:1018A00010B5FFF78DFFFFF7EDFB064C0321207904
:1018B000013007F0C1FC217105F0ECFD032006F0BA
:1018C000F3FE10BDB409002010B5FFF779FFFFF754
:1018D000D9FBF522114B5200995CA73AFF3A4A43D3
:1018E0009B180833D87F002802D106F0DDFE10BD1A
:1018F0000B4C00290BD1607B0331013007F09CFCBD
:101900006173032006F0D0FE05F04CFDEFE7A07BED
:101910000321013007F090FCA173F2E724070020B7
:10192000B4090020F8B5224DAB78002B0FD0214B25
:10193000214C1B78022B06D0204E3378012B07D187
:10194000A37B012B04D10F22E27000222271F8BD8B
:1019500007F06CFA1A4B22781B7813431843C0B275
:101960000028F0D12379E2781B021343EFD1FFF76F
:101970004FFDAA78134BD35C3278022A01D1083B81
:10198000DBB28342E3D20135EB7F0025053363717F
:101990001B0AA371012ADAD100F030FF3378022B41
:1019A000D5D00C222571E2706571A571CFE7C046D4
:1019B000B409002012070020380900201307002076
:1019C000B804002051A4010870B5FFF7F9FEFFF735
:1019D00059FBF52201200E4B52009C5CA73AFF3ABE
:1019E00062439A18951CE97F083201310140E9777A
:1019F000D27F002A09D164011B19983319780A187B
:101A000002400E3081430A431A7005F0CBFC70BDD2
:101A1000240700202C4B70B51C78002C15D12B4DC1
:101A2000AB7F012B12D102290FD12100200002F03F
:101A300045F902F035FD02F0B8FC2000FFF793FEF7
:101A4000FF22234BAC779C701A7070BD0229FCD02A
:101A500001381428F9D807F057FA2D23F821F82176
:101A60002325270B0F11131517191B1D1F292B00D9
:101A70000020FCF73BF8E8E70120FAE70220F8E74E
:101A80000320F6E70420F4E70520F2E70620F0E75C
:101A90000720EEE70820ECE70920EAE70A20E8E75C
:101AA0000B20E6E70C20E4E70D20E2E70E20E0E75C
:101AB0000F20DEE7074B9A7F032A01D903229A778A
:101AC000987F1130C0B2D4E7B80400203809002054
:101AD000E20E0020B409002010B503F099FC03F0D9
:101AE00065FB03F0F1FCFBF7C5FF03F01EFE10BD24
:101AF00010B5CB08C418C35C0720014006388840E5
:101B0000010018008843002A01D00B43D8B220708E
:101B100010BD02000120FA2A06D8101E04D0692048
:101B200090428041404202307047174910B507F09B
:101B300013FA164A030081188C225200914204D2F3
:101B4000134B1879431E984110BD124A11898142E6
:101B500003D8518901209942F6D89189994203D836
:101B6000D18901209942EFD81188994203D8518830
:101B700001209942E8D8918800209942E4D8D2887F
:101B800093429B415842DFE710270000C8FBFFFF4C
:101B90003B0F0020400F00200723C2081840063BDF
:101BA00083401800054B9B18002903D0F0331B78A5
:101BB000184070476E33FF33F9E7C0462407002012
:101BC00070B501300E000C4907F036FB0A4D8CB29F
:101BD00031002000FFF7E0FF00280AD10134A0B255
:101BE000054907F029FB013DADB28CB2002DEFD1C4
:101BF000024C200070BDC046E7030000FFFF00005C
:101C000070B50D00002813D0013884B20A4E2900A7
:101C10002000FFF7C1FF002808D1002C0AD0013CAA
:101C2000A4B2013EB6B2002EF1D1044C200070BD2A
:101C3000034CEBE7024CF4E7E7030000FFFF000072
:101C4000E6030000F0B5474B87B018007D22002165
:101C5000019307F06FFC00217D22434807F06AFCE6
:101C6000EE26F7210027414BFF3649009F555F5470
:101C70007B011800042205A9029302F0BBFF04AB0C
:101C80001B79FF2B39D004ABDB79002B35D06422D4
:101C900004210020944605AB0A25DC78013922098D
:101CA0006A4305352C40121964466043D2B2C9B26A
:101CB000DA701018013B0029EED1FFF736FF04005F
:101CC00001281AD1BBB21900020001980393FFF753
:101CD0000FFF0298254D22000F3005A9AC5502F0E8
:101CE00089FF04AB1B795B0707D522001E48B9B2F8
:101CF000FFF7FEFEF7235B00EC541D4B01379F42BC
:101D0000B6D11A4CA35D012B29D1FA22F033FF334F
:101D1000E15A9200914201D30021E152F9235B0084
:101D2000E15A914201D30022E252F8256D00665B30
:101D300000213000FFF730FF011E03D13000FFF714
:101D40003FFF6053F9256D00665B00213000FFF70F
:101D500023FF011E03D13000FFF732FF605307B0AD
:101D6000F0BDC04691080020140800202407002080
:101D7000E70300007FB501AE0D0014000749020023
:101D8000300007F0A9FB0023DAB2944200D87FBDEF
:101D9000F25C303AEA540133F6E7C04636B6010841
:101DA00002000020064B1988914202D859889142BE
:101DB00005D80130C0B204330428F4D100207047A4
:101DC000400F0020F52210B50C4B5200985CA73A4A
:101DD000FF3A424399180C0028342478D258012C39
:101DE00006D1C96A5218442141435B18DA6010BD1C
:101DF000022CF8D1C96A521AF5E7C0462407002020
:101E000070B5F52544230B4C6D00625D53435101C1
:101E1000E21810003030007888310919002807D006
:101E2000D0680822FFF7A6FF605D03F0FFF970BDE0
:101E30001859F6E72407002010B5FFF723F9F5211C
:101E4000094A4900535C58424341DBB253540021D4
:101E500006488B4200D044315218026005F0A2FAC5
:101E600000F024FD10BDC0462407002020070020FC
:101E7000F52310B5074A5B00D15CA73BFF3B4B4302
:101E8000D118080000240C3330309B18047089618D
:101E9000CB6110BD24070020F7B50400FFF7E8FF71
:101EA000F523214D5B00EF5CA73BFF3B7B43E9182B
:101EB000293109781D4A490058598E5A36185E5101
:101EC000002C0AD11A4A1279012A11D1194A9042DA
:101ED0000ED8964201D9184AEA50FFF773FFFFF770
:101EE0008FFF00F0E3FC05F05DFAFBF795FFF7BD0F
:101EF000124907F031F880B2FFF752FF104B44004F
:101F00000093009A631C5B009B5A30000B490193BD
:101F100007F022F8019B8342DFD84423009A04345F
:101F2000A4007B43A258D7E7240700205EA4010841
:101F30003B0F0020FF84CF0080CBA40010270000BF
:101F4000400F0020F0B585B00390FFF791FFF52317
:101F50004424244D5B00EB5C23495C432A196359FC
:101F6000293212780193214B5200D75A019BDE1B74
:101F70003000665106F0F0FF039B0290002B1AD050
:101F80001B4B9E420ED81B4BDB1B6351FFF71AFF06
:101F9000FFF736FF00F08AFC05F004FAFBF73CFF80
:101FA00005B0F0BD144B029A9C46144B62449A4211
:101FB000ECD8134BE8E70C49019806F0CDFF80B24E
:101FC000FFF7EEFE0F4A43008000815A02988842D4
:101FD000DCD2591D043389009B0089589B58CB1AC9
:101FE0009B19D2E724070020102700005EA40108F7
:101FF0007FA8120100E1F50538E6FFFF37A30105D0
:102000008014EF03400F002070B50400FFF730FF8D
:102010006378012B08D1A379302B05D1FFF7D0FBD2
:10202000002006F041FB70BD05F07CFA6378E318F0
:102030005D79244B303DD879EDB2002834D106F0DB
:1020400033FB6378062BEED1FFF71CF8002320004A
:102050000A2662780C30A2189371A21D734311787E
:1020600001323039CB188242F8D1002262706424E8
:102070005C43092D1CD1193C2000FFF756FD0028B8
:102080001AD0F522104B5200995CA73AFF3A4A4306
:10209000D450FFF797FEFFF7B3FE00F007FC05F002
:1020A00081F9FBF7B9FEBEE7280006F057FCC8E748
:1020B000064B5B5D1C19DFE70521482006F004FF95
:1020C000EBE7C046B40900202407002070A40108F3
:1020D000F8B5F5274424FFF773FBFEF7D3FF1E4D39
:1020E0007F00EB5D6343EB181A0028321278002A58
:1020F00003D1072006F0D8FAF8BD1A00D8683032AC
:102100001678FFF712FD01281FD1701C032107F07C
:1021100093F806200E0006F0C7FAEB5D6343EA1859
:10212000110030310E70012E08D10C335B19936110
:10213000D26100F0BBFB05F0ADF9DDE79261022E44
:10214000F6D00C335B19D361F3E7FFF791FE002063
:1021500006F0AAFAEDE7C04624070020030010B5F8
:102160000A21002408334C430278013014199842A4
:10217000F9D12000FFF7D9FC002801D1014B1C69DF
:10218000200010BD400F00200300C11D00220A20C6
:1021900010B542431C780133A2188B42F9D1504349
:1021A00010BD44234343F0B59B4C0025E3181A00AF
:1021B00030321570EE2289B00190FF32A25CAA4243
:1021C00000D09EE00833DD774423019A5A43A318D8
:1021D0000833DB7F0392012B00D0ACE01422019E78
:1021E0005643C836A61900290CD06D0131002800CD
:1021F00002F000FD280003990C22323161181430DE
:1022000002F0F8FC00230A250F20F15C0A096A435A
:102210000140521806A95A540133082BF5D1002762
:1022200004220B003E000292603230005043DE7800
:102230000299861938005043DF790139C9B2C719AC
:102240000291013B0029F0D14425019B019A5D4395
:102250001423534366516519E4182300EF60D0330B
:1022600004931B8818000593FFF753FC059B287106
:10227000AB602300D2331B8818000593FFF749FC9D
:10228000059B28746B61049B6A1CDB79A91C5B06A7
:10229000DB0FD37723000F22D6331B78E81C1A40BC
:1022A000CA772200D732117801221140C1771B0969
:1022B000291DCB77049B691DDB799B069B0FCB7790
:1022C000049BA91DDB791B07DB0FCB772100D431E1
:1022D0000978EB1DD977D53421782A331970283540
:1022E000BE4222D92A704422019B4B495A43039B88
:1022F0008A185B189361039B0C335B18D36109B098
:10230000F0BD464B019A9B7E002A07D022001B0994
:102310006B321370F9235B00E55A55E722001B0767
:102320001B0F0832D377F823F5E70223BE4200D310
:10233000029B2B70D7E7002902D0019802F0DEFF44
:10234000019B44265F01380088302018FFF706FF04
:10235000019B05005E43E319A05190331B881800D0
:102360000293FFF7D6FB029AA3199A60E21918713B
:10237000963212789C3756092833E01902921E7063
:10238000FFF702FF012E42D12D184424019B224E5B
:102390005C433419E5605D0175192B00E0629233EE
:1023A0001F883800FFF7B5FB2A0020746761983258
:1023B0005378611C5B06DB0FCB7713780F22A11CCF
:1023C0001A40CA772A00012099321278E11C024093
:1023D000CA770321221D1B09D377019B621D053398
:1023E0005B01F618F37802980B40D3770B4AA31DD4
:1023F000D17B9B35D9771F2318402300E11DC87777
:10240000297829331970D37A313423706BE7022E7F
:10241000BBD12D1AB9E7C04624070020B40900201B
:10242000F8B5F527FA22104C7F00E35D5200A25A5E
:10243000F8335B0006000D1E1A5301D0FFF7C0F9F8
:102440000121E05DFFF7ADFE002E0AD1002D06D17F
:10245000FA235B00E05A0130C0B206F0A5FA02F0A0
:102460008DFF00F023FAF8BD24070020F8B5FA2705
:1024700004000C4E7F00F05B0D002100FFF7A0FB75
:10248000094BF053984204D1EE230022FF33F2545B
:10249000F8BD29002000FFF7C3FF04F0FBFFFBF7A6
:1024A000BBFCF5E724070020FFFF0000F8B5FA2782
:1024B00004000C4E7F00F05B0D002100FFF7A0FB35
:1024C000094BF053984204D1EE230022FF33F2541B
:1024D000F8BD29002000FFF7A3FF04F0DBFFFBF7A6
:1024E0009BFCF5E724070020FFFF000070B5040007
:1024F00004F0E0FF1A4A6378D079E3185B7900288A
:1025000020D106F0D1F86378032B1AD10025FEF70D
:10251000B9FD6378A01DE3189D7106F002FF114B11
:10252000013884B29C4205D829002000FFF734FB13
:10253000A8420CD1002006F0B7F8FFF741F904F0EB
:10254000A9FF70BD303BD8B206F008FADBE7FA22EB
:10255000054B5200012128009C52FFF761FFEEE776
:10256000B4090020E60300002407002070B5FEF740
:1025700089FDF5231A4C5B00E05CA73BFF3B43431E
:10258000E3180833DA7F51424A41DA772300154ACB
:1025900000281ED00F256B331978937E09012B403C
:1025A0000B4393760121FFF7FCFD04F0FBFE00F0E6
:1025B0007DF9F5235B00E25CA73BFF3B5343E41846
:1025C0000834E37F3C20002B00D03B2006F00AFCBF
:1025D00070BD0F250833D97F937E2940AB43DFE7D9
:1025E00024070020B409002010B501210020FFF7C6
:1025F000D8FD01210800FFF7D4FDF523054A5B0053
:10260000D05CA73BFF3B434303499B180B6004F09E
:1026100041FF10BD2407002020070020FA230022DC
:10262000DB0098420ED3FA21094B8900C3189BB2F4
:1026300002328B4206D3074B0132C01880B2884267
:1026400000D3023AF621044B49005A547047C04661
:1026500030F8FFFF48F4FFFF2407002070B5114A4F
:10266000D378002B05D0104B1049C31801248B429E
:1026700015D90F4B00241D78012D10D85378A34293
:102680000DD00C4906F068FC0C226A430A4B9B18DB
:102690001A89824203D85B899842804144422000D3
:1026A00070BDC0463B0F0020009423FD00093D0093
:1026B00070090020102700007AA4010870B52E4987
:1026C000050006F049FC040080B2FFF7A7FF2800D0
:1026D000FFF7C4FF01284DD0284B1978284B01295A
:1026E0000CD8284A5078002808D10C224A439A185E
:1026F0001589A54202D85289A2423BD80C224A43EE
:10270000985AA04204D89A1852880120A24231D87F
:102710000C221000484318188588A54203D8C588A4
:102720000120A54226D84A439B181A89A24203D801
:102730005B890120A3421DD8134B9A88A24203D87B
:10274000DA880120A24215D89A89A24203D8DA89F0
:102750000120A2420ED81A89A24203D85A89012028
:10276000A24207D81A880020A24203D85B889C4264
:10277000A441604270BDC0461027000070090020CF
:102780007AA401083B0F0020400F002010B5012063
:1027900001F060F9302001F039FB002001F038FF32
:1027A0000120FEF7E0FF8223134C5B006380043BB3
:1027B000FF3B637002F05CF800280BD00020FEF7AE
:1027C000D2FF1E20FEF7F9FF01F0EFFD002001F01F
:1027D00041F910BD60880028ECD16378012B06D147
:1027E000607001F013FB82235B006380E2E701234A
:1027F00030206370F5E7C046D20F002070B5FBF7BC
:102800000AFBFBF7ADF80020FEF7E8FF214C237828
:10281000042B0BD1204D2B78042B07D00121002055
:10282000FFF7FEFD00232B706B802370237E002BAF
:1028300001D0FDF76FFBFEF725FC184B1E68F06812
:10284000FFF73CFF0636F37F0500002B02D0E37D47
:10285000012B18D0FEF7C4FA012814D1EDB2012DD6
:1028600011D1F6220E4B52009B5CE418A37A012B87
:1028700009D10C4BEB3AFF3A1A7000220A4B1A703E
:1028800004F097FE70BDFFF781FFFEF735FBFBF705
:10289000A1F8F7E738090020A8060020200700204B
:1028A00024070020130700201107002010B5002086
:1028B000FEF7AEFE002001F0A7F90023034A1370D3
:1028C000034A9373D375FEF717FB10BD1207002060
:1028D0003809002010B50020FEF780FE0020FEF72A
:1028E00097FEF622044B5200985C0021FEF700FF91
:1028F000002001F089F910BD24070020002010B548
:10290000FEF76CFE104B1B6831331B78002B02D096
:102910000120FBF783FA03220C4B0A201A700022D5
:102920000B490C4B4A700C495A701A715A719A71C2
:102930000A700A4AD870927D002A03D00232DA71F6
:10294000120A1A7210BDC04620070020110700208D
:10295000390900203809002012070020B40900209E
:1029600010B5094CE37D012B01D1FBF7EFF8237D76
:10297000002B06D0012001F0DFFA96204000FEF780
:102980001CFFFFF7BBFF10BDB409002070B51C4B46
:102990005B79002B32D01B4D2C682402240C2DD1E6
:1029A000AB7F012B11D12100200001F087F920001D
:1029B00001F06EF901F0F9FC200001F025F920008A
:1029C000FEF7D1FEAC7701F0DDFFFFF7C9FF012272
:1029D0000D4B00201A7000F08BFFF6220B4B5200BB
:1029E000985C0021FEF784FE002001F033F83320CC
:1029F00006F05CFAFFF7CAFE04F0D4FC70BDC046D6
:102A0000B409002038090020130700202407002003
:102A100070B5354D2878042825D806F07FFA0325AF
:102A200024494300FFF756FF01F0F2FC96212F4B9B
:102A30002F4C5B792F4A4B4363701B0A5370012361
:102A40002B70FAF74BFE00280DD10334E37F0630DC
:102A5000002B06D1284B1B680533DB7F012B02D1ED
:102A60000820FBF717F970BDFFF790FF234B1B7889
:102A7000002BF8D11E4B5B681B021B0CF3D101F03D
:102A8000F7FE0028EFD01C4B1B6831331A78022365
:102A90001A4204D01A4A90791840FBF7FBF8FFF766
:102AA0005FFFE0E70520FBF7F5F801232B70DAE77D
:102AB0000F4B1C7ADA7924021443D4D1200000F0A1
:102AC00017FF200000F0C6FFFEF716FA04F0E2FC44
:102AD000F6220C4B5200985C2100FEF709FE012201
:102AE000094B2C701A70BEE711070020B4090020B2
:102AF000380900203909002020070020B8040020F0
:102B0000C20400202407002013070020F8B5194B49
:102B10001B78012B28D1184B1D78022D24D1174B7F
:102B2000174CDE7D012E20D101F064FCF622154BFE
:102B300052009A5C144B92009918CF789C4600235F
:102B400087420DD88F783300874209D849782B0007
:102B5000814205D863469A5C002390425B4103336F
:102B600022789A4200D02370F8BD2378FF2BFBD047
:102B7000FF23F8E713070020120700203809002080
:102B8000D800002024070020C2A4010810B50020AE
:102B9000FEF73EFD002001F037F80020FEF7E3FDD0
:102BA00000230A210A4C0B4AA3731370E375E170EA
:102BB0002371FBF734F9002801D1FEF763FA23787B
:102BC000062B03D0FEF798F904F064FC10BDC04654
:102BD0003809002012070020104B10B51B78072B76
:102BE0001AD00F4B1B689A691279002A03D103335C
:102BF000DB7F002B10D000F025FD0A4A002802D10F
:102C00001070002010BD13780133DBB2022B01D805
:102C10001370F6E7002313700120F3E73809002052
:102C200020070020EC090020F8B506F0FFF8974BCC
:102C30001B781843C0B2002826D1FEF7B7F9002848
:102C400001D101F0C3F9924E3378012B32D0022B1F
:102C500000D196E0002B17D18E4C2378072B14D18E
:102C60008D4B1878FDF74CFF237E002B10D00120F0
:102C7000FEF7CEFC01F099FB012000F0C5FF01201A
:102C8000FEF771FD03233370F8BD01F031FAEBE775
:102C9000824B22785B78134301D1FEF7E1F9FEF70E
:102CA0000FFA00237E4AA373E375E3732374537012
:102CB0000133337000F04CFD794D070001284AD1F3
:102CC0006B780133DBB26B70022BDDD9FEF714F9A0
:102CD000FEF7F6F96F4C3800A773FEF799FC2378DE
:102CE000072B19D0FFF778FF0028CDD06D4B1B685C
:102CF0000533D87F01280FD1EC216B4BFF316B4A94
:102D00005B5CD3182C331B78002B05D12B32137846
:102D1000002BB9D0FBF782F800236B70FBF79EFB0A
:102D20002378002B01D104F043FCFEF7ADFC012019
:102D300000F06AFF2378062B02D00120FEF713FD76
:102D40000023012214212374AB70EB70E173E27550
:102D5000A273023397E700204E4C6870A37B012BCF
:102D600002D1A073FEF754FC2278062A04D854231B
:102D7000D340DB0700D587E7FEF71EF9FEF7A6F97B
:102D800082E700F0E5FC464C002810D16378002B68
:102D900002D0013B637077E73E4BDA791B7A1B0266
:102DA000134301D1FFF7F2FEFEF7A6F86CE7012608
:102DB00000206670FBF732F83A4B1B689B691B7961
:102DC000002B3DD000F02CFC002814D0E178A67038
:102DD000002900D058E70A20354A2E4B5170E67082
:102DE000DA79D8731B7A1B02134300D04CE700201A
:102DF000FEF7B9FC48E7FFF7EFFE264B012819D193
:102E0000EC21294AFF31515C2A4A8A5C002A11D1FF
:102E10001A7CD97B12020A4300D035E7A278002A37
:102E200000D031E70821A0701A74D973DA791B7ABF
:102E30008B40D9E700221420A270D8731A7423E7BC
:102E400000F0EEFB134D00280AD0E378A670002BAB
:102E50000FD10822E670EA732B74EA792B7AC2E765
:102E6000A378012B05D02B78062B02D03000FEF77B
:102E70007AFC2B7CEA7B1B02134300D004E7A37887
:102E8000012B00D000E7FFF781FEFDE6B80400202B
:102E90001207002038090020DD0900200607002065
:102EA000EC0900202007002024070020CE04002089
:102EB00047090020FA04002010B5064B1B78012BAF
:102EC00004D0022B01D1FFF7A3FD10BDFFF7ACFE2C
:102ED000FBE7C04613070020BFF34F8F024B034AA6
:102EE000DA60BFF34F8FFEE700ED00E00400FA0563
:102EF00010B500210248034A06F01CFB10BDC04675
:102F0000840A00201A04000070B504004518AC4281
:102F100000D170BD2078FEF72DFA0134F7E7FA22D0
:102F200010B51C491C4CD200E2800A7803000B2A21
:102F30000DD18221A088C90022185372013006F0F9
:102F40007BF90523A18023720023637015E0A2782A
:102F5000002A13D1114A522807D11078502809D1DC
:102F60000120A0700930087004E04F2802D11078C9
:102F70005228F5D013700023A38010BDA0889021A3
:102F800022185372013006F057F90123A180E37033
:102F9000DAE7C04638090020840A0020F009002042
:102FA000054AD388002B06D0013B9BB2D380002B6F
:102FB00001D1033313707047840A002010B5062036
:102FC000FEF7D8F90022014B9A8010BD840A002038
:102FD00070B586B015221148694601F00BFE012339
:102FE00000221D000E4C0F4821001941294201D139
:102FF0000133DBB26E46F65C0133511CDBB2821842
:10300000C9B25672152B01D00A00EDE7102181805C
:103010000548FFF779FF06B070BDC04630F20000EA
:10302000DF7BFFFF840A00208D0A0020002310B5FB
:103030000C498A8893420ED30020D21A072A09DD50
:103040000133DBB20933C9180722074806F064FAD6
:103050004342584110BDC818407A4728ECD001338C
:10306000DBB2E7E7840A0020DAA40108F7B5334BA6
:10307000334E5C8965BAADB200283AD0314F324B3D
:10308000402231003800019306F07EFA902C0DD0DA
:103090002E4B9C4210D0802C16D1402239002C4857
:1030A00006F072FAFF2002F0C1F8F7BD38223900AD
:1030B000284806F069FAF8E710223900264806F099
:1030C00063FA02F007F8F0E72B0502D1280001F0BF
:1030D0000DFE019E402201363100280001F0DAFD8C
:1030E0001E4B9C42E1D11E4B727D1A7002F01AFBFE
:1030F000DBE7902C0AD0154B9C420AD0802C10D1D3
:1031000002F0FCF8402212493000D2E7382211497F
:10311000FAE74022FF21300006F00CFA10220E4997
:10312000F2E740223100280001F064FD0B4B9C4285
:10313000BBD10B4A034B12785A75B6E7840A0020BC
:10314000910A0020F1090020F009002090400000C1
:10315000F90E0020B4090020E80E0020F240000023
:103160003B0F0020F8B5FFF7B5FB03F0D1FC0023BF
:1031700003273B4C23703B4B1A78002A03D00022D4
:103180001A70FFF70DFFE3782578002B4FD000264B
:10319000E670022D21D00AD8012D0CD0FFF746FF92
:1031A00005000128E7D1FFF709FF2570E3E7033D9C
:1031B000012DE0D9F2E7637A462B05D1FFF708FF2E
:1031C0000223A6802370D6E7442B2DD10B22264B59
:1031D000A670A680E6801A70F8BD637A522B10D1D3
:1031E000A388032BC7D93000FFF740FF217B1F487E
:1031F0000431A180FFF788FE2800A680FEF7EEF9D3
:10320000B9E7572B0BD1A388432BB4D90120FFF783
:103210002DFFFFF7D3FE2800FEF7FAF9ABE7452BA9
:1032200002D12770FFF7CAFE0023A380A3E7042D75
:1032300012D1237063780133DBB26370022B9AD909
:10324000032323700020FEF7C9F90020FEF7E0F900
:103250000023A380FFF740FE032D00D08BE7F1E7AA
:10326000840A00201E070020380900208D0A002053
:10327000A52370B5124C134DA37380232E00E07369
:103280005B0428006B6507235036217553300621F7
:10329000338000F079F93388010AE2189173991CA0
:1032A00001339BB2E418A073280089B252303180F8
:1032B000FFF72AFE0023044A3380D38070BDC04646
:1032C000340A0020F0090020840A002070B5134C55
:1032D0000121637AA52B16D1A37B627B1B021343CA
:1032E0005BBA0F4A99B213806218D37B167C1B021B
:1032F0000531F6180B4889B2B6B20B4D00F044F90F
:10330000864205D00421EE20FFF7B2FF012070BDF8
:10331000A37A443500202B70F9E7C046840A0020C8
:103320003E0A00208E0A0020F0090020F0B55D4C16
:10333000042220005C4985B052305C4E06F024F92E
:103340002300042250331A8033780025584E9342CC
:103350004ED02ED8032B42D0230050331A88042A93
:1033600009D103321A802300F93256331A80230020
:10337000A73A44331A7525002000503529882700C4
:10338000013989B2533000F0FFF82B884437FA181E
:10339000010A9173991C01339BB2FF18B873200086
:1033A00089B252302980FFF7AFFD00232B80F380D4
:1033B00013E0062B00D173E0572BCDD12500337BD2
:1033C000F27A1B0213430E355BBAEA8F9BB29A4224
:1033D00057D00621EE20FFF74BFF05B0F0BD2000CF
:1033E0003449483006F0D0F823000E33DD87B3E7C8
:1033F00022004E321288377B002A0AD01A002D494B
:1034000003A806F0C1F8357DF37C2D021D436DBA8B
:10341000ADB2022F0DD1002708E0039801F066FC41
:10342000039B01370133FF330393FFB2AF42F4D361
:1034300092E7032F0ED1002709E0039801F07AFCF0
:103440008022039B12029B1801370393FFB2AF4205
:10345000F3D381E700230193042F0ED001F0BEFCCB
:103460007AE7039801F08EFC8022039B52029B189E
:103470000393019B0133DBB20193019BAB42F0D379
:103480006AE727004E373A880A49A06C01F002FC2F
:103490003A88A36C9B18A364EB8F0133EB875BE73F
:1034A000FFF71AFDF00900208D0A0020340A0020E1
:1034B000840A0020930A0020F8B50B21002301267E
:1034C00002272D4C2D4A2E4D237011702372E3805C
:1034D000AB642C4B1A78002A15D000221A70E388AE
:1034E000934205D0013B9BB2E380934200D1277009
:1034F000237A002B05D0013BDBB22372002B00D1D5
:10350000E670FEF70BF8E278002A1BD00023E37088
:10351000FFF7DCFE002804D12378002B04D0012B18
:103520000DD00023A380D4E72B0044331878022861
:10353000F7D1012359212370FFF79AFEF1E7FFF736
:10354000F5FEEEE72378032B12D163782270013366
:10355000DBB26370022BBCD9022323700020FEF77C
:103560003DF80020FEF754F80023A380FFF7B4FCD9
:10357000022BAED1F2E7C046840A002038090020B1
:10358000F00900201E0700200022F0B505000826E3
:1035900010000C4F93B2994200D8F0BD3400AB5CE0
:1035A0001B02584003B2002B08DA5B007B4098B244
:1035B000013CE4B2002CF5D10132EBE7400080B2CF
:1035C000F6E7C0462110000080210901F0B5014353
:1035D00000230C20012402250F4E22000A402B421A
:1035E00015D0571EBA410D4F52423240D2195B08D6
:1035F000013864005340C0B2A4B29BB20028ECD1A1
:103600001B0198B24900000208434008F0BD002A9F
:10361000EDD0024AEBE7C0468BF3FFFF750C0000CC
:103620000120064A064B12681B8892691279824271
:1036300002D99B1218407047DB12FBE720070020DD
:103640009E0E0020084B094A1B6810889B691B7955
:10365000012B06D9032B01D1C00B70474004C00FCA
:10366000FBE74005FBE7C046200700209E0E002038
:10367000244B70B51D682449EB6902351C68200095
:1036800005F06AFCED7F214BAD009C420ED99138CC
:103690000A21FF3805F060FC031CC0B20C2800D9D9
:1036A0000C231B4ADBB25559E85C70BD194B9C4298
:1036B0000BD9194A0023944205D95F380521FF38F8
:1036C00005F04AFCC3B2154AEDE7154B9C4209D9F7
:1036D000C8380C23402803D8052105F03DFCC3B2AF
:1036E000104AE0E7104B114A5D5900239442DBD9A0
:1036F00082380F332C28D7D8032105F02DFCC3B214
:10370000D2E7C04620070020A0860100FF596202D0
:10371000000100207FC3C901BF0E1602DC0000209B
:10372000FF2C3101E8000020F40000203F5DC600BE
:10373000054B1A78824202D0062801D118707047D2
:1037400007221A70FBE7C046D9000020002070470E
:10375000044B01201B78002B03D0034B18888007F3
:10376000C00F7047B40900209E0E0020014B9878CE
:103770007047C0469E0E0020F7B58027082580269A
:1037800001903F010A4C019B27851E420DD0042366
:10379000A3610520FEF710F8013D0520A761FEF7A3
:1037A0000BF87608002DEDD1F7BD04232385F0E753
:1037B00000040048F8B5802607000C000B4DF60009
:1037C0002E850520FDF7F8FF3800FFF7D5FF200A0A
:1037D000FFF7D2FFE0B2FFF7CFFFAE610520FDF7A4
:1037E000EBFF80231B012B85F8BDC0460004004879
:1037F00010B5124B04005978114B1B680433DB7F62
:10380000002B01D00F31C9B27F23194090231B0236
:1038100019435120FFF7CEFF0A480B49604305F0DA
:103820009BFB81B20720FFF7C5FF07200749FFF781
:10383000C1FF52200649FFF7BDFF10BD0C0100205B
:103840002007002099260300A0860100CD2100005A
:1038500092020000400410B5400CFFF7B5FE154B76
:1038600004001A688021D3691B79032B00D1A021A1
:103870000432114BD27F9B780902002A01D0143305
:10388000DBB27F22134019435120FFF793FF07203B
:103890000A49FFF78FFF21050820090DFFF78AFF6E
:1038A000802321021B02090D08201943FFF782FF24
:1038B00010BDC046200700200C010020D70A0000E0
:1038C000094B10B51B689B691A79012A03D99868BE
:1038D000FFF7C0FF10BD012A03D19868FFF788FFEA
:1038E000F8E70248FAE7C046200700202702000058
:1038F00013B50D4B6A460093D72304007F219380B4
:1039000000280DD0094B03211B6824020233D87F05
:1039100005F0A8FB6B46C9B24900C95A214389B2D8
:103920003620FFF747FF13BDFF00D7002007002018
:1039300010B5002910D001291ED10F231A40013AD9
:10394000D2B20E2A26D8174B5200D15A00281CD0CA
:10395000012811D1733015E00F231A40013AD3B278
:103960000E2B14D80F4A5B000F49D218595A948F66
:10397000002811D0012800D010BD4420FFF71AFF05
:1039800021004520FFF716FFF6E77520FAE7074C00
:103990000749EDE70749D9E75420FFF70BFF21005E
:1039A0005520EFE70CA501082AA50108A931000060
:1039B000099000000BF5000010B500213020FFF742
:1039C000F9FEE82137204901FFF7F4FE10BD10B5DC
:1039D00037200249FFF7EEFE10BDC0460F1D000064
:1039E00070B5154B05009A7A102A01D908229A72EF
:1039F0009E7A124B1249985D684305F0ADFA2C1A75
:103A0000082E00D944193820A1B2FFF7D3FE39207F
:103A1000210CFFF7CFFE0B4B1B680133DB7F002B24
:103A200003D0094B1B78072B04D108494320FFF72B
:103A3000C1FE70BD0649F9E70C01002066A501082A
:103A400080969800200700203809002028300000C8
:103A50004840000010B5114B441E1B680133DB7F4A
:103A6000002B0ED1E3B2012B0BD88021890030202E
:103A7000FFF7A0FE032C0AD8200005F04FFA040936
:103A80000B0D0021F3E706493020FFF793FE10BD30
:103A90000449F9E70449F7E70449F5E7200700205E
:103AA000F1BF0000FEC1000002030000FAC30000E5
:103AB000F8B5404B40491F78404B0026DC5D404B39
:103AC0001B689B691D68280005F046FA3D4B9D4226
:103AD00020D991380A21FF3805F03EFA031CC0B204
:103AE000394D0C2800D90C23DBB2EB5C9C4205D984
:103AF000364AE41AD65DA4B2F61AF6B2344D210263
:103B00003143782089B2FFF755FE29004F20FFF797
:103B100051FEF8BD2F4B9D4215D92F4A33009542D7
:103B200005D95F380521FF3805F016FAC3B22B4AD4
:103B3000D35C9C4205D9254AE41AD65DA4B2F61A94
:103B4000F6B2274DDBE7274B274AEB18934213D8F1
:103B500082380923312803D8052105F0FDF9C3B2C5
:103B6000224AD35C9C4205D9184AE41AD65DA4B215
:103B7000F61AF6B21E4DC2E71E4B9D4209D9C8384F
:103B80000C23402803D8052105F0E6F9C3B21A4AF0
:103B9000E7E71A4BED181A4B9D4206D805210F385E
:103BA00005F0DAF9174D2B5CC3E771246C260C4D38
:103BB000A5E7C046B4090020A08601004C01002002
:103BC00020070020FF5962022C0100203C01002048
:103BD0002F3000007FC3C901BF0E1602C10E0020A6
:103BE00037380000C0A239FFBFCF6A001C01002097
:103BF00030310000FF2C3101D10E0020C088E4FFDD
:103C00003F548900A10E00200F2370B5174A184DAC
:103C100003405B009B5A17492A7804001943062A7F
:103C200003D1012801D1144919434720FFF7C2FDF0
:103C3000032C01D0F12C04D110494820FFF7BAFD24
:103C400070BD0F4B3F211B680133DA7F0D4B002AFB
:103C500006D1DB7819402B78062B03D10A49ECE713
:103C60001B79F7E7094B09011943E6E778A5010835
:103C7000D90000204060000040660000A3B80000AA
:103C8000200700200C010020AAB300000F800000D4
:103C900010B5084904002420FFF78CFD012C03D146
:103CA00070200549FFF786FD80213F200901FFF7BD
:103CB00081FD10BD7F8A0000E0E0000010B50C001F
:103CC00001007120FFF776FD21007220FFF772FDE1
:103CD00010BD10B5C9215820FFF76CFDAC21702034
:103CE000FFF768FD72200D49FFF764FD5C200C4969
:103CF000FFF760FDF0215D200901FFF75BFD592012
:103D00000849FFF757FD59200749FFF753FD802168
:103D10003F208901FFF74EFD10BDC046CA6000007C
:103D200065560000284000002810000010B5002152
:103D30007020FFF73FFD00215820FFF73BFD10BD2D
:103D400010B5FFF7F3FF10BD802170B50400090224
:103D50003F20FFF72FFD59200E49FFF72BFD2500CF
:103D600028215920FFF726FD103521885F200234D5
:103D7000FFF720FDAC42F8D107495920FFF71AFDA3
:103D80008220FDF71AFD28215920FFF713FD01209D
:103D900070BDC046288000002808000010B55820DB
:103DA0000E49FFF707FD72200D49FFF703FDB4210F
:103DB0007020FFF7FFFCD8215D204901FFF7FAFCD6
:103DC00059200849FFF7F6FC59200749FFF7F2FC94
:103DD000C0213F208901FFF7EDFC10BDC337000073
:103DE00065300000284000002810000010B50124B4
:103DF000054B00211B88234203D00220FFF7DAFC89
:103E00002100080010BDC0469E0E0020054B10B5D5
:103E10005843054905F0A0F881B27120FFF7CAFCAC
:103E200010BDC046FCC00F001027000010B53220A6
:103E30000149FFF7BFFC10BD4542000010B532201C
:103E40000149FFF7B7FC10BD4442000010B5040063
:103E500009493720FFF7AEFC0020FFF7FBFD2000EB
:103E6000FFF7BEFDC02151208900FFF7A3FC012010
:103E7000FFF7F0FD10BDC0460F1F000010B5002079
:103E8000FFF7E8FDC02151208900FFF793FC0120D6
:103E9000FFF7E0FD10BD10B50020FFF7DBFD0021AE
:103EA0005120FFF787FC0120FFF7D4FD10BDF8B5C6
:103EB0008023204CDB00238505000520FDF77CFCDA
:103EC0008026802036012843FFF756FC05202685F2
:103ED000FDF772FC002204212000FDF7E5F9042320
:103EE0000520A361FDF768FC102700250422A661C8
:103EF000238A6D00ADB2134201D001231D4305207A
:103F0000FDF75AFC013F05202685FDF755FC002FE3
:103F1000ECD1012204210748FDF7C6F98023DB001C
:103F2000A3610520FDF748FC04232800238526858E
:103F3000F8BDC0460004004870B505005220FFF7E8
:103F4000B6FFC404E40C002D1CD0104B1B68DB69C9
:103F50001B79012B07D980231B021C43210052200F
:103F6000FFF728FC70BD0A4B512059787F23194078
:103F700090231B021943FFF71DFC07200549FFF79B
:103F800019FCEBE729005120F9E7C0462007002083
:103F90000C01002071040000002010B5FFF7CCFFD9
:103FA000094B1B68DB691979002908D09868012939
:103FB00002D0FFF74FFC10BDFFF71AFCFBE75120C2
:103FC000FFF7F8FBF7E7C0462007002010B50C20EC
:103FD000FFF76DFF014B188010BDC0469E0E0020FC
:103FE00070B5040033200D00FFF761FF23029843F2
:103FF00080B20100A143012D01D1010021433320F2
:10400000FFF7D8FB70BD10B57D20FFF750FF054BC3
:1040100019781F2398431940014389B27D20FFF787
:10402000C9FB10BD0C01002010B53020FFF73FFF89
:104030000423984381B23020FFF7BCFB10BD10B5BC
:104040003020FFF734FF0421014389B23020FFF70D
:10405000B1FB10BD70B50C0005003120FFF727FF44
:104060001F4B0226E4181F4B9C4211D8B04381B26B
:104070003120FFF79FFB4020FFF719FF9C21000B29
:104080000003C900014389B24020FFF793FB70BDD4
:10409000154C002D17D0304381B23120FFF78AFB39
:1040A000124A2B1C022D00D9331CDBB2013B5B00F2
:1040B000995A7120FFF77EFB4020FFF7F8FE010BB5
:1040C00009032143DFE7B04381B23120FFF772FBE0
:1040D0004020FFF7ECFE000B00030443A1B2D3E73E
:1040E00080345BFF7FB92A00EA04000084A5010840
:1040F00070B51E4E1E4933689B69186804F02CFF8A
:1041000080B2FEF78BFA33681A4A9B6901201B685C
:104110009B18194A934200D90020F625FFF708FBA7
:10412000164C6D00605D0021FDF7E2FA144937205E
:10413000FFF740FB0020FFF78DFC33689B69186890
:10414000FFF74EFCFFF7B4FCFFF7BAFB33689A6940
:104150000433D87F1168FFF77DFF0120FFF77AFC59
:10416000605D0121FDF7C4FA70BDC0462007002044
:104170001027000080345BFF7FB92A00240700204D
:104180000F1F0000802110B500200902FFF712FB6D
:1041900000210800FFF70EFB37205A49FFF70AFB02
:1041A00013205949FFF706FB12205849FFF702FB7D
:1041B00011205749FFF7FEFA7A211020FFF7FAFA8B
:1041C00019211420FFF7F6FA49205249FFF7F2FAB5
:1041D0007B205149FFF7EEFA7D205049FFF7EAFABC
:1041E00048204F49FFF7E6FA1E204E49FFF7E2FA52
:1041F0001F204D49FFF7DEFA3E204C49FFF7DAFA5F
:104200003F204B49FFF7D6FA2A204A49FFF7D2FA56
:10421000D6212820C901FFF7CDFA53204649FFF7E0
:10422000C9FA2C204549FFF7C5FA45494B20FFF74D
:10423000C1FA4020FFF73BFE4249000B0003014357
:1042400089B24020FFF7B6FA77203F49FFF7B2FA6C
:104250009D2126204901FFF7ADFA4E203B49FFF78B
:10426000A9FA4F203A49FFF7A5FA6F210920FFF775
:10427000A1FA09203749FFF79DFA09203649FFF7CF
:1042800099FA09203549FFF795FA09203449FFF7D3
:1042900091FA09203349FFF78DFA09203249FFF7D7
:1042A00089FA09203149FFF785FA09203049FFF7DB
:1042B00081FA09202F49FFF77DFA09202E49FFF7DF
:1042C00079FA09202D49FFF775FA09202C49FFF7E3
:1042D00071FA09202B49FFF76DFA09202A49FFF7E7
:1042E00069FA09202949FFF765FA74202849FFF780
:1042F00061FA44202749FFF75DFA45202649FFF778
:1043000059FA10BD0F1D0000BE0300007B03000022
:104310007B020000382A00002084000052E90000DF
:10432000FFB30000584C000056A6000037A0000064
:10433000FE070000FF7F000078E600000557000040
:1043400002710000D2040000EF880000156F000029
:104350003E3F00006B10000067200000623000004C
:1043600050400000475000003A6000002C700000F0
:10437000418000003790000025A0000017B0000029
:10438000E4C00000CBD00000B5E000009FF00000CA
:1043900002FA0000888F00000132000010B53020C2
:1043A000FFF785FD8007C00F10BD70B50020FFF737
:1043B0002DFD00217020FFF7FDF9FFF7EFFF0C4CFA
:1043C00001280FD10130FFF745FB2368DB6900208E
:1043D0001D68FFF719FC236829000433D87FFFF715
:1043E00039FE70BD0120FFF735FB23689B69EEE7BE
:1043F0002007002010B56720FFF759FD4008C0B224
:1044000010BD10B56520FFF752FD7F23184010BD89
:10441000F7B5F6251F271E4C6D00605D0021FDF7E6
:1044200067F90720FFF784F91A493720FFF7C2F927
:104430000020FFF70FFB184E3368DB691868FFF7A1
:10444000CFFAFFF7A9FD154B7D201B783B40019368
:10445000FFF72DFD019BB84381B219437D20FFF783
:10446000A9F93368DA690433D87F1168FFF7F2FDE0
:104470000220FFF7EFFAFFF7FBF8FFF739FA605D6C
:104480000221FDF735F90120FDF7A8F8F7BDC04678
:10449000240700200F1D0000200700200C01002031
:1044A00010B52420FFF703FD2023984381B2242078
:1044B000FFF780F900217020FFF77CF9044B1B689F
:1044C0009A690433D87F1168FFF7C4FD10BDC04658
:1044D000200700203F2010B5FFF7E9FC80230100F2
:1044E0001B011940184209D00124054B00211B88EB
:1044F000234203D00220FFF75DF92100080010BD20
:104500009E0E002010B50B20FFF7D1FC0005000F18
:1045100010BD3F2010B5FFF7CAFC802201009201B8
:104520001040114203D0024B18880123184010BDDF
:104530009E0E002070B50500040010355F20FFF7C7
:10454000B6FC20800234AC42F8D100210220FFF7F3
:1045500031F90B20FFF7ABFCC006C00F70BD30B5C2
:1045600089B001AD1C222449280005F00DF88021F6
:104570003F200902FFF71EF959202049FFF71AF9D9
:1045800028215920FFF716F95A201D49FFF712F983
:104590005B201C49FFF70EF95C201B49FFF70AF965
:1045A000002463005F20E95A0134FFF703F90E2C61
:1045B000F7D11420FDF701F959201449FFF7FAF853
:1045C0000125BA340520013CFDF7F7F8E4B20C20D0
:1045D000FFF76DFC002C01D02842F3D0002102200F
:1045E000FFF7E8F800213F20FFF7E4F828215920E1
:1045F000FFF7E0F809B030BD88A501082880000069
:1046000072FB00009940000030A70000280800005D
:1046100010B504007020FFF74AFC0100084B702021
:104620001940BC231B021943FFF7C4F80420002CD7
:1046300000D10320FFF70EFA0320FFF7E5FA10BDC3
:10464000FF7000000D2010B5FFF731FC03000020C3
:104650001A0405D45B050E305C09FFF728FC00192D
:1046600010BD10B56920FFF722FC03040BD4000530
:10467000040A6A20FFF71BFC02220005000D2043FC
:10468000074B9A7010BD6820FFF711FC0022030051
:1046900010001904F4D4DB04D80C0132F0E7C04652
:1046A0009E0E002010B5037840781A00A43A042A20
:1046B0001DD9033294B2082C0DD8A02817D95E2337
:1046C0005343A1381818802340019B02C0182022B0
:1046D00000F090FA10BDB03B9AB2472A07D8A02844
:1046E00005D95E225343C0184001024BEEE78020FB
:1046F0008002ECE7A055020010B502784378100064
:10470000A13884B2022C0DD8A02B1CD95E224243C2
:10471000A13BD318182058430C4BC018182200F0A6
:1047200069FA10BDA92A03D1A02B0CD97933F1E77E
:10473000B03A90B2472806D8A02B04D95E20424355
:104740009B18D733E6E70148E8E7C04680CF05006D
:1047500010B50078203883B25E2B06D8044B0001D8
:10476000C018102200F046FA10BD0148F9E7C04613
:10477000C0B7050010B50378203B9AB25E2A07D86F
:104780000C205843034BC0180C2200F033FA10BD24
:104790000048F9E7406D080010B50078203883B272
:1047A0005E2B06D8044BC000C018052200F022FA88
:1047B00010BD0148F9E7C046C0BF0500531E9A412D
:1047C0005342872210B5D20013400B4A9B1802783F
:1047D0001000303884B2092C06D86C225043C0181F
:1047E00000F008FA012010BD00202D2AFBD18722FD
:1047F000D20098186C22F3E7F030090053425A4176
:104800005342184A10B513409022007812039B18A7
:10481000392807D82F280BD82D2818D02E2819D0A2
:10482000002010BD43280CD04828F9D10E4A0AE0D8
:10483000CC22303852005043C01800F0DBF9012080
:10484000EFE7FF2212019818CC225200F5E79922D7
:104850005201F8E7054A9818662200F0CBF90220C9
:10486000DFE7C0461E15000088110000B8140000E4
:104870009023DB05188A4005C00F704710B5174B11
:104880001B78022B07D1164B1B78032B03D0154B3B
:104890001B78012B1ED1FFF7EBFF134A041E17D123
:1048A00013780133DBB21370022B13D9FCF7ECFE43
:1048B000FCF722FB0B4B1B78002B02D02000F8F7F3
:1048C0009DFF04F0B3FA002805D004F069FA01E076
:1048D0000023137010BDFDF791FFFBE713070020C5
:1048E00011070020B8040020E10E002070B500245C
:1048F000214E6500A95B2148F0F79AFD33000A3389
:10490000E95A1E48F0F7C0FD0520FCF755FF1B488B
:10491000F0F7DEFC05001A48F0F7DAFC80239B0074
:104920001D40C223400B40030543ADB21B029D4214
:1049300015D00CD8C423DB019D4218D0A2231B0242
:104940009D4210D00134052CD2D1FF2006E0E02397
:104950001B029D42F6D1A4003419207D70BDA40035
:104960003419607DFAE7A4003419A07DF6E7A400AD
:104970003619F07DF2E7C046DCA6010800040048C5
:1049800000080048FF22034B1A70034B1A700022E4
:104990005A7070471C020020E20E002070B5364CA1
:1049A000A3786370FFF7A2FF6278A070824207D1FC
:1049B0002178324BFF2A19D1FF2903D10022DA7066
:1049C000002070BD1879002803D02D4800780228F7
:1049D00008D1002219700221DA7059709A70FF23F1
:1049E000237010E0227000221A71E9E7FF290CD130
:1049F000234DFE392D782270D970022D05D11A7001
:104A0000002259709A700120DBE72278904220D171
:104A1000DA780132D2B2DA70642A0CD11528CFD8F4
:104A20001849633AC1401142CAD003211870597025
:104A30009A701A71E7E7952AC2D98C22DA70C21FE0
:104A4000012ABDD800225A7002329A701870013AB9
:104A5000EFE71979002903D009490978022906D11D
:104A600002211A70002259709A70DA70B7E700229A
:104A7000DA70FF232370A3E71C020020E20E00205F
:104A8000130700209707340010B5FFF787FF0028B1
:104A90001CD004210E4A0F4BD17000225A700E4BCD
:104AA000DB7E93420ED00D4B1A78012A0AD9142AC4
:104AB00002D19A78012A05D0FF2200201A7098703E
:104AC00003F0F2FDFCF7E0FDFCF716FA10BDC0465E
:104AD000380900203B090020B4090020E20E002024
:104AE0000B4B9A781878012A08D115280DD8094A55
:104AF000105C00229A70FF321A707047022AF8D1B7
:104B00000838424250411F30F3E7FF20F1E7C0462A
:104B1000E20E002004A70108704770B505000024CC
:104B200002210F48F4F76AF900280CD029000C483C
:104B3000F3F7EEFF0A48F4F75CF900280AD00848BA
:104B4000F4F716F805E00134064BA4B29C42E7D115
:104B5000002070BD0134034BA4B29C42EAD1F7E7B8
:104B600000300140B90B000070B590241025E40519
:104B700025850620FFF7D1FFA56170BD70B5902493
:104B80001025E40525850420FFF7C7FFA56170BD4A
:104B9000030070B53520022B03D02038032B00D042
:104BA000103890241025E4052585FFF7B6FFA520D1
:104BB000FFF7B3FFA56170BDF8B5040031250229E8
:104BC00003D0203D032900D0103D90261027F60584
:104BD000FFF7CAFF37852800FFF79FFF2000FFF788
:104BE0009CFFB761F8BD10B50120FFF7D1FF01238D
:104BF000184010BDF8B5902610230400F605338543
:104C000003200F001500FFF788FF200CC0B2FFF74C
:104C100084FF200AC0B2FFF780FFE0B2FFF77DFFFC
:104C20007D19AF4202D11023B361F8BDA520FFF773
:104C300074FF38700137F4E7F8B590270C001600C0
:104C40000500FFF791FF1023FF053B850220FFF7CA
:104C500064FF280CC0B2FFF760FF280AC0B2FFF75C
:104C60005CFFE8B2FFF759FFA619B4420BD110233D
:104C7000074CBB61013CA4B2002C03D0FFF7B3FF8B
:104C80000028F7D1F8BD2078FFF747FF0134ECE7A3
:104C900011270000F8B58023C5B25B005D1BADB2E3
:104CA00006000F00140095421ED22A00641BAE19A4
:104CB0007D198027FFF7C0FF7F00BC420ED98022FC
:104CC000013C29003000520001360135FF3CFFF75E
:104CD000B3FFFF36FF35002CEFD1F8BD2900A2B29B
:104CE0003000FFF7A9FFF8E792B2F9E770B5902519
:104CF00010260400ED05FFF737FF20202E85FFF773
:104D00000CFF200CC0B2FFF708FF200AC0B2FFF76B
:104D100004FFE0B2064CFFF700FFAE61013CA4B215
:104D2000002C03D0FFF75FFF0028F7D170BDC0460D
:104D300061EA000070B5902510260400ED05FFF72C
:104D400013FF2E855220FFF7E8FE200CC0B2FFF7BC
:104D5000E4FE200AC0B2FFF7E0FEE0B2FFF7DDFE9E
:104D6000AE61FA25064C6D00013CA4B2002C06D0C1
:104D70002800FCF721FDFFF736FF0028F4D170BDB5
:104D800061EA000070B5902510260400ED05FFF7DC
:104D9000EBFE2E85D820FFF7C0FE200CC0B2FFF737
:104DA000BCFE200AC0B2FFF7B8FEE0B2FFF7B5FEC6
:104DB000AE610520FA25FCF700FD074C6D00013CB3
:104DC000A4B2002C06D02800FCF7F6FCFFF70BFF7E
:104DD0000028F4D170BDC04661EA000070B590248F
:104DE0001025E405FFF7C0FE2585C720FFF795FED7
:104DF000A5616420FCF7E1FCE535064CFF35013C7C
:104E0000002C06D02800FCF7D7FCFFF7ECFE0028AA
:104E1000F5D170BD018793039023102210B50E4C7D
:104E2000DB0586B09A612000F3F754FB82235B0414
:104E300001930A4B01A90293094B20000393082315
:104E4000049300230B82F3F77BFB01212000F3F78F
:104E5000D9FC06B010BDC04600300140000702007A
:104E60000100000270B5002088B0FFF763FF202228
:104E70000021684604F05EFBC0236A460024012638
:104E8000DB00D3811421E0B204F0ECF86B46197317
:104E90000A4BE10008226846C918650104F074FB5A
:104EA0000F2C01D96B469E732022694628000134DD
:104EB000FFF7F0FE152CE5D108B070BDB2A70108D0
:104EC00010B5FFF7CFFFF822A021034B5200490392
:104ED000995000F053FA10BD2407002010B5084C7B
:104EE00020222100074804F04FFB2100202220311E
:104EF000054804F049FB042000F098F910BDC046B5
:104F00001AA70108AC070020CC07002030B585B0F7
:104F100010220021684604F00DFB38221D491E486E
:104F200004F032FB1022FF211C4804F003FB00F0C8
:104F3000D1F8A0200002FFF7D9FEA020184C1022C3
:104F400021000002FFF7A6FE21000822684610316A
:104F500004F01AFB0124134D092C0DD86B461C716B
:104F60000134280008226946E4B2FFF793FE1035A9
:104F7000152CF1D105B030BD0A21200004F072F8E3
:104F80006B46200019710A2103F0E6FF6B46D870CA
:104F9000E6E7C0465AA70108B4090020E80E002041
:104FA0009AA7010820A0000010B5FFF789FFFFF7BE
:104FB00095FFFFF7ABFF10BDF0B58027134CC50977
:104FC000A5442D037F010E00019202A93A000400BE
:104FD0002800FFF70FFE2800FFF788FE7F231C4004
:104FE000640102AB3100E018142204F0CDFA14344D
:104FF00002AB0199E0180C2204F0C6FA3A0028002E
:1050000002A9FFF747FE024B9D44F0BDF4EFFFFFFE
:105010000C10000070B588B00C00060000211500CF
:105020006846202204F086FAFA22104B5200985A61
:10503000D53A69464001FF3AFFF7DCFD1422210012
:10504000684604F069FA002806D02A0021003000E2
:10505000FFF7B2FF08B070BD21000C222800143108
:1050600004F05AFA0028F0D1F4E7C04624070020E3
:1050700013B5040008220021684604F05BFA0822F8
:1050800069466001FFF706FE13BD70B588B00A00DF
:105090000C006946FFF7AEFD01250022D1B28C421B
:1050A00016D96B469E5C300028402E420ED12B0054
:1050B00001305B00C0B2DBB2082801D10132EDE75C
:1050C0001E42F5D0C900401808B070BD0020F9E7B5
:1050D000FF20F9E770B56025AEB02A00002116A8C0
:1050E00004F028FA902006210002FFF7CEFF3822B4
:1050F0002849C4B216A804F047FA1022264926A867
:1051000004F042FA5E2116A8FEF73EFA6B4698803C
:10511000B620022201A9684404F036FA282C30D8BF
:105120006B4665439E1D1D4B0222E8183100FFF7B8
:1051300061FD6B4632889B889A420CD1184B5022F5
:1051400002A9E818FFF756FD502216A902A804F09C
:10515000E3F9002813D0134B16A9E8186022FFF7D3
:1051600099FD6B46D91C07230F4A2340D35C0122CB
:105170000B709023E0081B02C018FFF78BFD2EB0C8
:1051800070BD90200002FFF7B1FD2A00044816A967
:10519000F3E7C046B4090020E80E00206E9000003E
:1051A000109000007090000082A8010810B56024E3
:1051B0009AB02200002102A804F0BCF99020062138
:1051C0000002FFF762FFC0B2292821D86043144BC8
:1051D0002200C01802A9FFF70DFD6B4666219C1D39
:1051E00002226944200004F0CFF95E2102A8FEF7F4
:1051F000CBF9238883420BD1382202A9094804F055
:10520000C3F91022084812A904F0BEF91AB010BD63
:1052100090200002FFF76AFDFFF778FEF6E7C04630
:1052200010900000B4090020E80E002073B52D4C4A
:1052300001283BD125002C4E313520223100280099
:1052400004F06AF9002830D020223100280004F050
:105250009BF92500113540212800FEF795F96B4692
:10526000D8802000991D0222513004F08DF9802051
:1052700008210002FFF709FFC4B23B2C29D84222C3
:1052800010006043194B2900C018FFF703FD6B465F
:10529000591D0723164A2340D35C01220B7080233B
:1052A000E0081B02C018FFF7F5FC73BD002803D10E
:1052B0002500104E1135C0E7FF28CAD0200020225B
:1052C0000C49113004F060F92000202206493130E9
:1052D000BDE780200002FFF709FD422229000648B1
:1052E000E1E7C046E80E0020CC0700205280000015
:1052F00082A80108AC07002010800000F7B5060066
:10530000802008210002FFF7C0FEC3B23C2B24D846
:1053100042225343144D1549154C58182900FFF7E4
:1053200069FC6B4621009F1D02225131380004F0B8
:105330002BF940212800FEF727F93B8883420CD146
:10534000012E06D1210020220A48313104F01CF937
:10535000F7BD202229000848F8E780200002FFF767
:10536000C5FCFFF7BBFDF3E7F90E0020108000003D
:10537000E80E0020CC070020AC07002010B586B056
:105380001022002102A804F0D5F8E020202100021C
:10539000FFF77BFE02220400184902A804F0F4F88B
:1053A0000E2102A8FEF7F0F86B46D8801620991D52
:1053B0000222684404F0E8F8FC2C16D8104B02A92D
:1053C000E01810220001FFF765FC6B46591D07230A
:1053D0000C4A2340D35C01220B700B4BE008C01831
:1053E00080B2FFF757FC06B010BDE0200002FFF7C7
:1053F0007DFC1022054802A9F3E7C04614090020ED
:10540000030E000082A8010800E0FFFF20E000007A
:1054100010B586B00021102202A804F08BF8E0201D
:1054200020210002FFF731FEFD281CD8114B10226D
:10543000C018000102A9FFF7DDFB6B4616219C1D79
:1054400002226944200004F09FF80E2102A8FEF712
:105450009BF82388834206D10222074802A904F060
:1054600093F806B010BDF8220021044B5200995069
:10547000F7E7C046020E00001409002024070020B0
:1054800030B58E229025A024FF23C9B024026D00E0
:105490000021520001A8009304F04CF82A0069464C
:1054A0002000FFF7A7FB0B220649684604F06CF8C2
:1054B0002000FFF71BFC2A0069462000FFF7EAFBEB
:1054C00049B030BDC2040020F020F0B58DB002AB71
:1054D000DC1D012221000002FFF78CFB2378FF2B4B
:1054E00042D0F02010226F490002FFF783FB102208
:1054F0006D496E48FFF77EFB10226D496D48FFF73E
:1055000079FB10226C496D48FFF774FB10226C493F
:105510006C48FFF76FFB10226B496C48FFF76AFB82
:105520000A226B496B48FFF765FB0A226A496B4800
:10553000FFF760FB10226A496A48FFF75BFB102205
:1055400069496A48FFF756FBF120102268490002BA
:10555000FFF750FB102267496748FFF74BFB10220B
:1055600066496748FFF746FB664B1A78002311002F
:105570003039052901D80F331340634A04AC634E18
:105580001370634910222000624D03F0FDFF3100CB
:105590000822183108A803F0F7FF22782100AA7228
:1055A00062791123EA72A27A0F262A730A25013B37
:1055B000DBB2002B62D1FA230A256778A2789B0020
:1055C0005F436A43544EBF18BFB23780E0782179F9
:1055D000584369434018514980B270804F43484353
:1055E0004F4A9766D066A779E0795F4368433F18D2
:1055F000BFB2B780207A4F4358430190607A176753
:10560000684384460198604480B2F0804843506704
:10561000E07A277B58436F43C01980B23081677BA3
:10562000A47B7B436C431B199BB273810F264843B9
:105630004B43906708A8D36704000923B446013B95
:10564000DBB2002B22D1FA200A266378A5788000ED
:10565000754343435B1915009BB25835AB81E7781E
:10566000247978436643801980B24B434143141D2B
:105670000832E881E367D1670DB0F0BD0878020910
:105680006A43304012180A70013190E707783E09EA
:105690006E43019666463740019EF619067001304A
:1056A000CDE7C0460C020020FC01002010F00000F5
:1056B000EC01002020F000008C01002080F00000B0
:1056C0007C01002090F000006C010020A0F00000A0
:1056D0004C010020C0F000003C010020D0F0000090
:1056E0002C010020E0F000001C010020F0F0000080
:1056F000D10E0020C10E002010F100000C0100208E
:1057000010F200003B0F00207009002082A8010861
:105710008AA8010838090020400F00201027000047
:10572000E80E0020704770477047704770B505005D
:1057300002F0B4FE202002F031FF0400061E0BD060
:1057400002F0C8FE200070BD054BF05C02F026FFA1
:10575000013604000128F3D0AE42F5D1F0E7C0468F
:105760001F02002010B502F099FE212002F016FF62
:10577000041E03D10421034802F066FF02F0AAFED2
:10578000200010BD1F02002090230422DB051A8593
:105790007047402110B5064B02201A788A431A70D0
:1057A0005A783F398A435A70FFF7C0FF10BDC04690
:1057B0001F02002070B51048104B4288D3189BB2CE
:1057C0006D2B16D9182100240D4BD21893B2D22577
:1057D0000C4A447098089B011570907019436D3DF8
:1057E00008205570D170FFF7A1FF0120FBF7BBFF28
:1057F00070BD1C210124EAE78006002076FDFFFF32
:1058000008FDFFFF1F020020D32210B5034B02202A
:105810001A706E3A5A70FFF789FF10BD1F02002000
:1058200010B5FFF79FFF002398421CD10F4C402179
:10583000227813000B400A4215D00123A1781942A7
:1058400011D00B494B78581E83416D205B42834336
:10585000BE2080001B1803200240607812028218CC
:105860009B184B800223180010BDC0461F02002069
:10587000800600207047802370B5104C5B012385A3
:105880008023DB0105002385C046C046C0460221B7
:105890000B48F3F7B3FA0028F9D029000848F3F7CA
:1058A00037F980210648F3F7A9FA0128F9D0C04654
:1058B000C046C04680235B01A36170BD0004004860
:1058C00000380040802370B5104C5B012385802395
:1058D000DB010500A361C046C046C04602210C485A
:1058E000F3F78CFA0028F9D029000948F3F710F9EA
:1058F00080210748F3F782FA0128F9D0C046C04654
:10590000C04680235B01A36170BDC046000400480F
:105910000038004010B52C20FFF7ADFF10BD10B5CA
:105920002820FFF7A8FF1020FFF7A5FF10BD10B536
:105930001120FFF7A0FF2920FFF79DFF10BD70B5D4
:1059400005000C002A20FFF796FF280AFFF7BAFF90
:10595000E8B2FFF7B7FF2B20FFF78DFF200AFFF714
:10596000B1FFE0B2FFF7AEFF70BDF8B507000E0063
:10597000013A8518013B2A20CC18FFF77CFF380A32
:10598000ADB2FFF79FFFF8B2FFF79CFF280AFFF7C1
:1059900099FFE8B2FFF796FF2B20FFF76CFF300A64
:1059A000FFF790FFA4B2F0B2FFF78CFF200AFFF7D9
:1059B00089FFE0B2FFF786FFF8BDF8B505000C00DF
:1059C00016002F0A2A20FFF756FFEDB23800FFF726
:1059D00079FF2800FFF776FF3800FFF773FF2800F4
:1059E000FFF770FF250A2B20FFF745FFE4B22800E0
:1059F000FFF768FF2000FFF765FF2800FFF762FF51
:105A00002000FFF75FFF2C20FFF735FF300AFFF77C
:105A100059FFF0B2FFF756FFF8BDF8B50D0006A923
:105A200004000F88002A13D05B1B9BB21E00121AC1
:105A300092B229005643FFF798FF29002000FFF794
:105A40007EFF0024FFF766FFB6B23D0AB44200D1E4
:105A5000F8BD2800FFF736FF0134F8B2FFF732FF38
:105A6000A4B2F3E707B5002100908023A02208002C
:105A7000FFF7D3FF07BD70B590248025E4056D00C6
:105A8000A5610120FBF799FE25850120FBF795FE16
:105A9000A5617820FBF791FE1120FFF7ECFE78203E
:105AA000FBF78BFEB120FFF7E6FE0520FFF70AFFAC
:105AB0003A20FFF707FF3A20FFF704FFB220FFF775
:105AC000DAFE0520FFF7FEFE3A20FFF7FBFE3A2044
:105AD000FFF7F8FEB320FFF7CEFE0520FFF7F2FE3A
:105AE0003A20FFF7EFFE3A20FFF7ECFE0520FFF724
:105AF000E9FE3A20FFF7E6FE3A20FFF7E3FEB42086
:105B0000FFF7B9FE0320FFF7DDFEC020FFF7B3FE6D
:105B10006220FFF7D7FE0220FFF7D4FE0420FFF734
:105B2000D1FEC120FFF7A7FEC020FFF7CBFEC220A9
:105B3000FFF7A1FE0D20FFF7C5FE0020FFF7C2FE14
:105B4000C320FFF798FE8D20FFF7BCFE6A20FFF709
:105B5000B9FEC420FFF78FFE8D20FFF7B3FEEE20C5
:105B6000FFF7B0FEC520FFF786FE1220FFF7AAFE62
:105B7000E020FFF780FE0320FFF7A4FE1B20FFF7C5
:105B8000A1FE1220FFF79EFE1120FFF79BFE3F2093
:105B9000FFF798FE3A20FFF795FE3220FFF792FEBE
:105BA0003420FFF78FFE2F20FFF78CFE2B20FFF70E
:105BB00089FE3020FFF786FE3A20FFF783FE0020A3
:105BC000FFF780FE0120FFF77DFE0220FFF77AFE3F
:105BD0000520FFF777FEE120FFF74DFE0320FFF7DA
:105BE00071FE1B20FFF76EFE1220FFF76BFE1120E7
:105BF000FFF768FE3220FFF765FE2F20FFF762FEF9
:105C00002A20FFF75FFE2F20FFF75CFE2E20FFF714
:105C100059FE2C20FFF756FE3520FFF753FE3F209C
:105C2000FFF750FE0020FFF74DFE0020FFF74AFE71
:105C30000120FFF747FE0520FFF744FEFC20FFF799
:105C40001AFE8C20FFF73EFE3620FFF714FE602080
:105C5000FFF738FE3A20FFF70EFE0520FFF732FE71
:105C60000020FFF7FFFE2920FFF705FE70BD10B5ED
:105C7000012803D1AE30FFF7FEFD10BDAE20FAE7DC
:105C8000F7B505000E00170008240B0A0193130A4C
:105C9000009301231D420BD00098FFF713FEF8B2CA
:105CA000013CE4B2FFF70EFE6D08002CF1D1F7BD08
:105CB0000198FFF707FEF0B2F2E710B50400000A02
:105CC000FFF700FEE0B2FFF7FDFD10BDF8B50D00D7
:105CD000070016001C002A20FFF7CDFD013D38000B
:105CE000FFF7EBFFE8B2FFF7E8FF2B20FFF7C3FD5C
:105CF000013C3000FFF7E1FFE0B2FFF7DEFFF8BD47
:105D0000F0B587B001930CAB170004CB1B8802924F
:105D100004930EAB1B880593002F2DD0019B002B05
:105D20002AD000240125CAB2C0B2D318C119DBB2EF
:105D3000C9B2FFF7CBFFFFF7EDFD0094029B1E19E0
:105D4000DB191B190393337804981D4200D1059881
:105D5000FFF7B3FF039B01369E42F4D1009B013352
:105D60009AB200920722134208D101253C19A4B22D
:105D7000019B009A9342E1D107B0F0BD6D00ADB236
:105D8000F6E7F7B5161E019325D0002B23D0CAB233
:105D9000C0B2D3188119DBB2C9B2FFF797FF002553
:105DA000FFF7B8FD340000276C436400A4B2089BE1
:105DB00001371B195878089B00021B5DBFB21843BE
:105DC0000234FFF77AFFA4B2BE42F0D10135019B45
:105DD000ADB2AB42E6D8F7BDF7B51F0008AB1B88E4
:105DE000161E019318D0002F16D0CAB2C0B2D31914
:105DF0008119DBB2C9B2FFF769FF0025FFF78AFD01
:105E0000002401340198A4B2FFF757FFA642F8D14D
:105E10000135ADB2AF42F3D1F7BDF7B5150001932F
:105E200008AB1F88CAB2D3190400DBB2E9B2C0B212
:105E3000FFF74CFFFFF76EFDAC4204D22C1B00268F
:105E4000A4B2002506E0641BF9E70198FFF735FFCF
:105E50000135ADB2BD42F8D10136B6B2B442F0D28E
:105E6000F7BDF7B5019308AB1F88C0B20C00150051
:105E7000D3B2CAB2C119C9B2FFF728FFFFF74AFD72
:105E8000AC4205D22C1B0025A4B2A5420CD1F7BD13
:105E9000641BF8E70198FFF710FF0136B6B2BE4267
:105EA000F8D10135ADB2F0E70026F8E7F0B50127EB
:105EB0001C000D0085B00AAB1E88009733000290CD
:105EC0000392FFF7AAFF33002200290002980097EF
:105ED000FFF7C7FF33002100039A02980097FFF7EE
:105EE0009CFFE21933002900039892B20097FFF754
:105EF000B8FF05B0F0BDF0B589B01C000EAB1D8831
:105F0000131A0290039104920693032B3CDD631A4B
:105F10000793032B38DD0B00012702339BB2A61E2B
:105F20000593B6B232002B0005990097FFF799FF51
:105F3000049B3200581E05992B0080B20097FFF792
:105F400090FF039B013CDE19029BB6B2A4B2D819A4
:105F500022002B00310080B20097FFF782FF049BE4
:105F60002200981E31002B0080B20097FFF779FFC6
:105F70006B46069A0299043A02319B8B039892B2BF
:105F800089B20095FFF728FF09B0F0BD012110B5D7
:105F9000614A624C13780133DBB21370604B1970A5
:105FA0001378092B00D8A3E0002313705D4B197000
:105FB0005D4B1A785218D2B21A70332218785242B6
:105FC0004243D2B2332A04D81A78002A01D0574A61
:105FD00011701A78092A00D88AE000210120544A59
:105FE000197013780133DBB21370524B18701378A9
:105FF000042B02D9504B11701870504B1A681202C2
:10600000120C04D0013A91B2090A5A7099704C49A5
:106010004A88002A01D0013A4A8021002C310A78AE
:10602000002A01D0013A0A7021002D310A78002A95
:1060300001D0013A0A70A27E002A01D0013AA2766C
:106040001978072908D88522CA40D20704D59A8B27
:10605000002A01D0013A9A831A7CD97B12020A43A2
:1060600004D0013A91B2090ADA7319741A7AD9790B
:1060700012020A4304D0013A91B2090ADA71197284
:106080001A7DD97C12020A4304D0013A91B2090A5E
:10609000DA7419752B494A88002A05D02A480078F5
:1060A000012801D1013A4A8028490A78002A01D002
:1060B000013A0A70264A918A002901D00139918259
:1060C000D18A002901D00139D1821A79D9781202F6
:1060D0000A4304D0013A91B2090ADA7019715A6878
:1060E0001202120C04D0013A91B2090A5A71997144
:1060F000184A5388002B01D0013B5380F7F7BAFAB6
:10610000154A9378002B01D0013B9370E38A002B52
:1061100001D0013BE38210BD1F070020CE04002008
:106120001E0700201B0700201D0700201A07002063
:106130001C0700201907002018070020380900203C
:1061400002070020A8060020130700201C090020D9
:106150008C060020D20F002006070020054B0028E7
:1061600000D170471A78002AFCD0002201381A703A
:1061700080B2F4E71E0700207047000070471FB58B
:106180000F222D21684603F0D5F9044B68465A7852
:10619000034903F0F9F905B000BDC0461C09002011
:1061A000220900201FB50922002101A803F0C2F92D
:1061B000054B0622DB78032B00D007222D2101A8F6
:1061C00003F0B8F905B000BD1C09002007B5032293
:1061D000002101A803F0AEF902222D2101A803F04D
:1061E000A9F907BD704707B50322002101A803F0F4
:1061F000A1F9094A094B1278012A07D13E331A78CE
:106200000749013201A803F067F907BD054901A854
:1062100003F062F9F9E7C046B309002074090020D1
:10622000AFB7010835BB01087FB50A252A00002158
:1062300001A803F07FF90A4B29005E88300002F0C4
:1062400011FF30008CB2290002F086FE230082B2DA
:10625000044901A803F040F9FFF7C5FF7FBDC04620
:10626000800600203BB6010810B5FFF7DDFF10BD2A
:10627000054B1B79002B05D10300413B192B01D89D
:106280002030C0B27047C0461C0900200E4A9378E7
:1062900000280DD05178994201D891707047D118DB
:1062A0008979802902D902339370F7E70133FBE73C
:1062B000D1184979802903D9022BEFD9023BF3E7A2
:1062C000012BEBD9013BEFE71C09002070B5F8F773
:1062D00035FB134A01209378002B16D05178002902
:1062E00013D000205071D018407980280ED9022494
:1062F000023BDBB2981D9370101899420AD8002017
:10630000091BC9B251705218907170BD013B012434
:10631000DBB2EFE7055D01330570DBB20130ECE77E
:106320001C09002070B50A4B5A7899781500D418CA
:10633000EEB2013CB14207D34C1C013259188871AE
:106340009C7000205A7070BDA679013DE671EFE7A0
:106350001C09002010B5084BD9785A78002902D0C2
:106360000123914205D90123122A02D8FFF7DAFF4F
:106370000300180010BDC0461C09002010B5002401
:10638000054B1422210005485C709C7003F0D2F884
:10639000034B1C805C8010BD1C09002022090020DA
:1063A000700F0020054A9388002B06D0013B9BB25A
:1063B0009380002B01D1138053807047700F002011
:1063C000014B98717047C046700F0020F0B5694EC0
:1063D000694C8BB0102220210190300003F0AAF804
:1063E0002100637C227C1B021343A27CE57A120409
:1063F0001A43E37C2D011B061343ED1810222800DD
:106400001431FEF7F7FB019BA71D012B51D1200092
:10641000002348300178594D9AB2914241D8002268
:10642000631D5B18DA77200010222021363003F03C
:1064300081F82200002146321170E279A31D5E7FAF
:10644000607A06AD022A52D1073102F085FD07219C
:10645000C3B24B43F61A321CB6B28E4200D90A1CA4
:1064600096B2A21D107FD17E00020843C018444B93
:106470003200C0182900FEF7BDFB220000232432A1
:1064800099B202328E422ED8607A072102F0EAFDDC
:106490000823C9B2651D49006D1831352B700BB04A
:1064A000F0BDC2185278AA18323A1278F254013369
:1064B000B2E73B797A792700013B18379A420CDA28
:1064C000280002A910221030FEF794FB3A00300099
:1064D0002C4903AB03F000F8A5E73A0030002A4945
:1064E00002F0FAFF9FE7E95C01335174C8E70A2123
:1064F00002F032FD0A22C3B25343F21AD60FB61885
:106500007610321CB6B2052E00D9052292B2019245
:10651000A61D307FF27E00021043C018184B0A22DD
:106520002900C018FEF766FBE779012F20D10A2168
:10653000607A02F097FDC9B2012912D8230008221F
:1065400036331A7000232434E419019A03349A4232
:10655000A5D02A780133E2736A789BB2227402359F
:10656000F3E70323082249084B43E31835331A7035
:106570000027E7E7940F0020700F0020A4A801086F
:106580000084090043B6010846B6010810B5094C5D
:10659000A379022B05D1200024220021243002F00F
:1065A000C9FF0023A37148342078431E9841C0B22C
:1065B00010BDC046700F002000207047F0B50024C9
:1065C000654F664D3C737C73BC73FC732B7989B04B
:1065D0000393AB782C71202B41D03A0048321278CB
:1065E000A2423CD0012B09D110223A748C3A7A7421
:1065F0008532BA74FC74002009B0F0BD584A9B0083
:10660000D318DE680292AB78564AD25CA24228D8F0
:10661000029A9B00D318DD68002355270193514B44
:1066200002934E4C029AA3784B4ED35C019A93424C
:106630005CD8552FDFD1E379A2791B021343227A6C
:1066400012041A43637A1B06134319093173190B99
:106650007173190D1B0FF373039BB1732371012029
:10666000CAE70422300004A9FEF7C4FA330010334D
:106670000193EB79AA791B0213432A7A013412049D
:106680001A436B7AE4B21B061343049A93422BD14C
:106690002B79320A01333E747A74320C360E2B7128
:1066A000FE742E4D2F4EBA74AB78F35CA342A2D980
:1066B0000422019804A9FEF79DFAEB79AA791B023E
:1066C00013432A7A12041A436B7A1B061343049A63
:1066D000934200D08FE72B79013401332B71019B5A
:1066E000E4B210330193DFE7019E8CE70D2228000E
:1066F00004A9FEF77FFA05A802F0A4FD3300483391
:106700001B78C0B2834224D2C01A04998000C0B260
:10671000C1400491E379A2791B021343227A120447
:106720001A43637A1B061343994212D1237901332A
:106730002371552F07D12A0A72742A0CB2742A0EBB
:106740003574F2745537019B10350133DBB2019378
:1067500067E7AA2FF7D14EE7700F0020760F0020D1
:10676000A4A80108D8A8010870B50B4D0B4C28004F
:106770001E22002102F0DEFE20002023082200213C
:106780004830AB7002F0D6FE2000242200212430D5
:1067900002F0D0FE70BDC046760F0020700F0020C2
:1067A00010B5054C6379AA2B05D1FFF7DDFFFFF784
:1067B000E5FD0023637110BD1C09002010B5040025
:1067C000FFF7EEFF044B01201B5D5B0702D52000A5
:1067D000FFF7C0FD10BDC0468BBB010810B5F8F730
:1067E000ADF80F4B9B7B072B18D1FFF7BDFF0D4C6E
:1067F0002379032B04D102220B4B9A7101F000FB89
:106800000A4A2379127A0133511E8A41DBB20332DC
:10681000934292411340237101F0AEFA10BDC0467D
:106820008C0600201C090020700F0020B4090020F5
:1068300010B50A4C0300217901290BD96079002B8E
:1068400004D0013002F0F8FC617103E0002802D0AE
:106850000138607110BD0139F6E7C046760F00209F
:1068600010B50A4C0300617F02290BD9E078002B98
:1068700004D0023002F0E0FCE17003E0012802D90C
:106880000238E07010BD0239F6E7C046760F0020EE
:1068900010B50A4C0300617F02290BD9E078002B68
:1068A00004D0013002F0C8FCE17003E0002802D0FF
:1068B0000138E07010BD0139F6E7C046760F0020C0
:1068C00010B50400F8F73AF80E4A0F4B1278002A78
:1068D00004D12000FFF7DAFC012010BDDB79200095
:1068E000002B06D1FFF7A4FF0020FFF76FFD00206B
:1068F000F3E7022B02D1FFF7CBFFF5E7FFF7B0FF7D
:10690000F2E7C046B80F0020700F002073B501AD4C
:1069100003220021280002F00DFEF8F70FF81B4CAF
:106920001B4E6378002B07D1013363700020FFF703
:106930004DFD01F065FA17E0207FE37E0002184369
:10694000E3780222C018134B2900C018FEF752F951
:106950006278114B012A13D15A78DB78013B9A42B5
:1069600003DB072001F0A0FE73BD2878FFF7DAFCF7
:106970006878FFF7D7FCFFF7F7FE0223B371D5E77E
:106980005A78DB789A42ECD22878F2E7760F00202A
:10699000700F0020008409001C090020F8B51F4B6F
:1069A0001F4C1A78002A22D1302803D11038FFF763
:1069B000D1FCF8BD0300303B23720123A3712100F9
:1069C0000025531C4831DBB20B708E18CB18707049
:1069D0005D70277AA31D012F0DD102225A70FFF797
:1069E000EDFD00280FD1FFF7F1FC0020E1E7062ABA
:1069F000E5D90120DDE75D703128F0D10A707570AE
:106A0000FFF784FFEBE7483420780128EBD0002320
:106A10000138C0B2207024186370EAE7B80F002074
:106A2000700F002070B50400F7F788FFFFF7B8FE7D
:106A30002100204D30392E791F4A204B8800012E2D
:106A400004D9032E1AD01218126F01E01218126C1A
:106A50000320988020001C8884421DD15C8801346A
:106A6000A4B25C80105D0024A042FAD0FFF700FCC5
:106A7000AB78A3420CD1FFF76DFC08E0002112189F
:106A8000198099805980136F1878FFF787FF70BDC0
:106A9000ED1868712000FAE7022E04D1C9B2092965
:106AA00001D8002098800021188059801078FFF7C5
:106AB000DFFBE0E71C090020A4A80108700F0020FC
:106AC00010B5F7F73BFF104A104C1378002B02D19A
:106AD000FFF7FCFB10BDE079012806D10023E3712C
:106AE000FFF76CFDFFF772FC0BE00021013BDBB20E
:106AF0001370D21851708B42F2D1FFF735FE02238A
:106B0000A3710020E6E7C046B80F0020700F0020F8
:106B100030B5002485B0210020008023A0220094FD
:106B200001F05EFB0B4B0C4D009320232C211A002F
:106B300044200294019501F020FC102350212820CC
:106B4000064A02940194009501F051FBFAF79CFD6E
:106B500005B030BD73A10108FFFF000092B6010827
:106B60001FB5094B00280CD000220292074A01925F
:106B7000009309220A2303216D2001F0FEFB05B0DA
:106B800000BD034A0290F2E755A20108FFFF000092
:106B9000E31800001FB5094B00280CD00022029218
:106BA000074A01920093102209230321412001F09A
:106BB000E4FB05B000BD034A0290F2E7B4A201086D
:106BC000FFFF0000E31800001FB5094B00280CD0A0
:106BD00000220292074A01920093172209230321FF
:106BE000062001F0CAFB05B000BD034A0290F2E79F
:106BF00086A20108FFFF0000E31800001FB5094B43
:106C000000280CD000220292074A01920093102221
:106C100009230321262001F0B0FB05B000BD034A83
:106C20000290F2E7D4A20108FFFF0000E318000081
:106C30001FB5094B00280CD000220292074A01928E
:106C4000009308220A2303215B2001F096FB05B084
:106C500000BD034A0290F2E732A30108FFFF0000E3
:106C6000E318000037B500251023A02229002800D2
:106C7000009501F0B5FA0C4CA078FFF7A5FF0B4B7F
:106C800028001B78013B012B00D92079FFF7B6FFC4
:106C90000020FFF77FFF607AFFF7CAFFE07EFFF773
:106CA0005FFFFAF7A7F837BDB409002038090020C4
:106CB00070B50500080014000E0002F0C3FA2200AF
:106CC000A04204D33100280002F05EFC70BD2021F8
:106CD000280002F02FFC300002F0B4FA241A300031
:106CE00002F0B0FA640802002D19EBE730B5050098
:106CF00085B00D220C006846002102F01BFC2A78AA
:106D00000023013AD2B2FD2A0BD9134B13491B7A47
:106D1000012B00D01249684602F0DEFB012005B0CD
:106D200030BDE95C4A1ED2B2FD2A04D86A46D1546D
:106D300001330C2BF5D10C222021200002F0FAFBAC
:106D4000684602F07FFA69460200200002F01CFC4F
:106D500000232373E2E7C046B40900209DB6010872
:106D6000A5B60108F522054B52009B5C834201D079
:106D700000207047C4204000FBE7C04624070020E5
:106D8000F0B587B004000F0016000021052204A80A
:106D900002F0D0FBF522274B52009B5C0025B3424A
:106DA00001D1C4256D00002E24D0012C26D05C24F6
:106DB0000923152221008420009501F011FA2300F7
:106DC0001D4E0E330393B7421BD11C4904A802F099
:106DD00083FB04238420A11C04AA0195009701F0E1
:106DE0009BFA0923152284200399009501F0F8F9F4
:106DF00007B0F0BD012C01D02424D9E7C4256D00D3
:106E0000FAE70F4904A802F067FB0423210004AA53
:106E100084200195009601F07FFA7A1C094904A8A4
:106E200002F05AFB2B008420039904AA01F0B1FA66
:106E3000DEE7C04624070020FFFF0000ADB60108D2
:106E4000B2B60108E4B60108F0B5170087B003AE8A
:106E500005000C000C2200213000009302F06AFBB8
:106E60000322002102A802F065FB3800144902F059
:106E7000F9F838000191124902F06EF8019B020006
:106E80001049300002F028FB0B2102ABC918022286
:106E9000180002F079FB002302AA21002800F371F8
:106EA00093703200009B01F0ACFA21002800009B97
:106EB0000831643002AA01F06CFA07B0F0BDC04698
:106EC000A0860100B7B60108F0B57F4B87B00593E7
:106ED000F523059A5B00D35C0F0000258B4201D19E
:106EE000C4256D001324002F02D0012800D03834AF
:106EF00044237B43059A754ED3180233DB7F0295FA
:106F00000196022B61D1724B0522009321000723C9
:106F10002D2001F032FA44237B43059AD318013324
:106F2000DB7F002B57D06B4B2100009307233920C8
:106F30001A000295019601F020FA44237B43059A3A
:106F4000D31828331B78012B4DD1634B0295019642
:106F50000093072321001A00472001F00EFA442372
:106F60007B43059AD31830331B78012B49D15B4BF7
:106F7000029501960093052207232100552001F078
:106F8000FCF944237B43059A5549D3189A69126842
:106F9000521854498A4242D8534B0D222100732083
:106FA000009302950723019601F0E7F907231122C8
:106FB00021001520009501F013F907230B220095FD
:106FC0002100612001F00CF95CE0012B01D1474B5D
:106FD0009AE7474B98E7072321001A0039200095CC
:106FE00001F0FEF8A9E7022B03D1424B029501966E
:106FF000AEE7072321001A004720009501F0F0F8C2
:10700000ADE7022B03D13C4B02950196B2E7072373
:10701000052221005520009501F0E2F8B1E7033385
:10702000DB7F012B30D1354B0B220093210007234E
:1070300073200295019601F0A0F9314B1A78442390
:107040007B43012A28D1059AD3189B691B79002B11
:1070500026D11122210015200095073301F0C0F838
:1070600044237B43059AD3180433DB7F9B0726D048
:10707000244B1122009321000723612002950196E1
:1070800001F07BF907B0F0BD07230D22210073202A
:10709000009501F0A5F8D0E7059AD318DB69D5E78C
:1070A00002950196012B08D1174B0093112207235B
:1070B0002100152001F061F9D2E7144BF5E7072311
:1070C000112200957CE7C04624070020FFFF000046
:1070D0002DA3010867A201087FA2010873A201087D
:1070E00080345BFF7FB92A00F4A2010828A30108BD
:1070F00023A3010878A201086EA201083FA201089B
:10710000130700202EA2010801A3010812A3010801
:10711000F0B50C00752685B0002800D1383E012757
:10712000B31C0393542213201D4B0097B11CFEF790
:1071300074FE00251B4B3100585D039A184B0097D5
:107140000135FEF78EFE082DF4D1062C18D8042C3C
:107150001AD8002C1CD1144F002506360320684392
:10716000EBB2133080B2A34216D20097032302225F
:107170003100013501F034F8162DEFD105B0F0BD26
:10718000FC271624FF00E7E7FC271024FF00E3E7B5
:10719000FC272C00FF00DFE7034B0093E6E7C04627
:1071A000FFFF000044A9010814A5000037B5140032
:1071B0003F25002902D0012800D03835F522144B94
:1071C00052009B5C8B4220D000230193114B29007D
:1071D00000935A200423104A01F09EF82822A000B0
:1071E000C0B20E4B0335121A290084B2009392B23A
:1071F0000423733000F0F4FF094B290000932200B0
:107200000423732000F0ECFF37BDC4235B00DCE7F0
:1072100024070020FFFF0000C1B6010814A50000EC
:10722000A3E90000F0B591B009900A911400002183
:1072300010220CA80B9302F07DF9F5224E4B520060
:107240009A5CA24213D000254C4A0892002C12D01E
:10725000099A012A53D1012C0DD1F232FF329B5AE7
:107260003D2607932F231C270593454B0CE0C4258F
:10727000444A6D00E9E7F82252009B5A3D260793E5
:107280002F231C270593404B0693089B711E092250
:10729000072089B200930A2300F0A2FF089B07226F
:1072A00002933A4B31000193069B00930823180088
:1072B00001F063F8442060432F4A13180833DB7F42
:1072C000002B25D1324B33491B7A002B00D0324999
:1072D0000CA802F001F900230293304B0720009321
:1072E00005990C2301950CAA00F081FF0A9B022B43
:1072F00023D121000998FFF7E7FD11B0F0BDF92275
:1073000052009B5A75260793672354270593ACE7D1
:107310000A9B012B20D8323080180CA9FFF7E6FC1D
:1073200001280AD1002302931C4B05990093019573
:107330000C230CAA063000F05AFF442262430E4B85
:107340000B999B18012914D1DA692B003900072009
:107350001268FFF779FDCCE7079A114901320CA8B2
:1073600002F0BAF82B00390007200CAA01F049F806
:10737000BCE79A69E9E7C0462407002014A500008D
:10738000FFA10108A3E0000006A20108FFFF000022
:10739000B4090020C6B60108D3B601089B05000059
:1073A000E0B60108F52373B5374D5B00EC5C002CAB
:1073B00052D00023012C52D01C00A0221121002009
:1073C0000093372300F00CFF3723A022492100202F
:1073D000009400F005FF2B000833DB7F012B41D127
:1073E0002A4B597B00231A001800FFF71BFFF823D4
:1073F00000225B00E95A1000FFF7C2FC00210800E0
:10740000FFF786FE0022012411001000FFF7CEFED8
:107410001F4BA022482100200094FEF7FEFC2B0009
:107420006B331E78A64226D1184B3200997B00237D
:107430001800FFF7F7FEF92332005B00E95A00203D
:10744000FFF79EFC00210120FFF762FE00220121D0
:107450001000FFF7ABFE73BDC4235B00ADE7C4248F
:107460006400AAE7002301211A001800FFF7DAFEE2
:1074700000220749BFE70023220021001800FFF780
:10748000D1FE22000249DAE724070020B4090020D7
:10749000FFFF000007B5FFF7E5FB0123A022102145
:1074A00000200093024BFEF7B8FCFFF77BFF07BDFF
:1074B000FFFF0000F0B5174B85B001AA13802D2304
:1074C0009370154B00205D78012320271C00134E7C
:1074D000591EC9B28D4211D80023F521D370104B2B
:1074E00049005B5CC739FF39002B00D03831C42319
:1074F00084205B0000F04DFF05B0F0BDF15C302949
:1075000001D1002803D02000D1540133E0E7390035
:10751000FAE7C0462D2D00001C090020210900209B
:10752000240700207FB501AC07222D21200002F0A6
:1075300001F82E23E37000231A001A49487890427C
:1075400024D10B210025022268466944E57102F02E
:107550001BF86A46144B95701380F522134BE571A6
:1075600052009B5C1C35002B00D03835C423290009
:10757000220007205B0000F044FF2900C4236A4674
:107580006B2008315B0000F004FF7FBD032A01D1AE
:107590000133DBB28E795D1C0132E654D2B2013187
:1075A000EBB2CCE71C0900202D2D000024070020A1
:1075B000704770B5F525154C154E23686D000233E4
:1075C000DB7F0721705D002B03D00521012B00D04C
:1075D0000021FFF79DFD2368705D0833DB7F012BE1
:1075E0000BD10C4A002803D0917B1A00002001E047
:1075F000517B0200FFF716FE70BD0123002802D068
:107600001A001900F2E702001900F3E72007002032
:1076100024070020B4090020F522054B5200985C95
:10762000044B1B78012B02D143425841C0B2704732
:1076300024070020060700207047704770B5B64C3D
:107640002378012B1AD1002802D001280FD070BD59
:10765000A068C0B2F6F742FCA2680300AF49B04888
:107660000132002B00D1AF4901F036FFEFE7A268ED
:10767000AD4BAE49AA4892009A58F5E72A28E6D8B9
:1076800001F056FCC00047016600C400CF0058005E
:1076900092011F01B501EA0081008100E5FF2F0082
:1076A000E5FF2F002B000401B501F100B5019000AA
:1076B000850185018501E5FF74001201AA009E0085
:1076C000A3013F01B900F900D700390139012C01AC
:1076D0002C01B5017E01A901B501954A9349904855
:1076E000C2E7A3688E48D32B0CD1924B5A6B002A69
:1076F00003D012029049120AB6E71022202101F0AD
:1077000019FFA4E75A1ED12A08D98C4B84481B7A4A
:1077100086498B4A012BA7D08A4AA5E78A49692B5B
:1077200004D96A3B5B00CA5A88499DE752008A5ACD
:10773000874999E7814BA2681C7A7B4B9200784875
:107740007A499B18012C01D19A688DE71A698BE759
:107750007A4BA2681C7A744B9200714873499B184B
:10776000012C01D19A697FE71A6A7DE7734BA26801
:107770001C7A6D4B92006A486C499B18012C00D012
:1077800010E19A6A70E7A068002180B2FAF704FA63
:10779000A26803006F4962480132002B00D063E702
:1077A0006D4961E7654BA2681C7A5F4B92005C48AB
:1077B0005E499B18012C01D11A6C55E7DA6C53E72E
:1077C0005E4BA2681C7A584B9200554857499B184B
:1077D000012C65D19A6D47E7584AA368127A504840
:1077E00052499B00012A03D14F4AD3189A6F3BE7B5
:1077F0005A4AD318A8E7A268594B5A499B5C64229D
:107800005A436CE758494648A2682DE74B4BA2689B
:107810001C7A524B9200424844499B18012CB0D12B
:10782000A0E7A2684D4B92009B1840493C489A6BD8
:107830001AE7A4680A210534E4B2200001F012FC22
:107840002000CDB20A2101F087FB2B00C2B24749CC
:10785000334801F041FEFAE6A3680F22002B00D165
:1078600053E75A434BE03D4BA268304992009B18C6
:107870002B481A6EF8E6A26829483D490A2A00D129
:107880009DE0013205233B495A43EDE62B4BA268AC
:107890001C7A324B9200224824499B18012C01D1BA
:1078A0009A6EE1E65A6FDFE6244BA2681C481C7A08
:1078B0001E49314B9200012C00D1DDE69B18DA689D
:1078C000D2E61E4BA2681C7A2B4B92001448174933
:1078D0009B18012C00D145E75A6AC5E6174BA268F0
:1078E0001C7A254B92000E4810499B18012C00D0A1
:1078F00062E71A6BB8E6A268002A00D105E71F49C3
:10790000EDE6A2681C4B9200084905489B181A6DC9
:10791000AAE6194BA8E7C0468C060020E9B6010884
:10792000C10F0020AFB701082802002046B60108A9
:107930002209002038090020F1B60108B40900200E
:10794000F6B60108FBB601080AA60108FFB6010851
:1079500006B70108E1B60108E4B60108A802002054
:107960004CA901080DB7010812B7010815B70108A5
:1079700022B7010818B70108280300201EB7010824
:10798000264BA26826481C7A2649274B92E7234BB0
:10799000A2681C7A244B9200214822499B18012C92
:1079A00000D1DFE65A6B5FE6A268002A00D1ACE6A0
:1079B0001B48042A00D865E7052A03D11B4901F0BA
:1079C0008BFD44E61A49053A4EE6A368002B00D128
:1079D0009BE6052245E7114BA2681C7A124B9200E8
:1079E0000F4810499B18012C00D0F3E68FE70B4B92
:1079F000A2681B7A0A48002A07D1012B02D10D4A3E
:107A00000D4931E60D4A0E492EE6012B02D1094AF5
:107A10000C4929E6094A0C4926E6C046B40900206B
:107A2000C10F002046B60108A803002028B70108AE
:107A30002EB7010834B701083AB7010846B7010864
:107A40004CB7010858B7010864B701087FB5084B67
:107A500008491B7A012B00D00749102201A8FFF723
:107A600027F9FA204000FEF779FB07B000BDC046B9
:107A7000B409002070B701087EB701087FB50A225B
:107A8000002101A801F056FD204E0A213469200092
:107A900001F062FAB3780500002B10D128001C49D0
:107AA00001F0E0FA28000E00194901F055FA194CCE
:107AB000020033002000184901F00EFD7FBD002CAC
:107AC000ECD107222D2101A801F034FD2E236A46B6
:107AD000200093712300114A5178994208D16A46D7
:107AE000002301A9D3720B48102201F02BFDE5E71A
:107AF000022B01D10130C0B26E469579441C043688
:107B000001333554DBB20132E0B2E6E78C060020E7
:107B100010270000C10F00208CB701081C090020AD
:107B20007FB50A22002101A801F004FD1D4B1C694C
:107B30009B78002B10D120001B4901F093FA200004
:107B40000D00194901F008FA184C02002B00200022
:107B5000174901F0C1FC7FBD002CECD107222D217B
:107B600001A801F0E7FC2E236A46D3712300114AD5
:107B70005178994208D16A46002301A9D3720B4873
:107B8000102201F0DFFCE6E7032B01D10134E4B25F
:107B90006E469579601C043601333555DBB20132EF
:107BA000C4B2E6E78C060020A0860100C10F0020C9
:107BB00094B701081C0900207FB50A22002101A802
:107BC00001F0B8FC1D4B1C699B78002B12D1FA21E7
:107BD0002000890001F046FA0D00FA2120008900FA
:107BE00001F0BAF9164C02002B002000154901F0F3
:107BF00073FC7FBD002CEAD107222D2101A801F0E2
:107C000099FC2300104A5178994208D16A46002312
:107C100001A9D3720A48102201F094FCE9E7032B72
:107C200001D10134E4B26E469579601C043601330B
:107C30003555DBB20132C4B2E6E7C0468C060020FF
:107C4000C10F00209CB701081C090020F8B5184C92
:107C5000002809D1174B18491B7A012B00D017496E
:107C6000200001F039FCF8BD154DFF2811D1154B4E
:107C70000A211F69380001F0F5F938000E000A21C9
:107C800001F06AF9020033002900200001F024FC11
:107C9000E9E70D4B4000C75A0A21380001F0E2F92C
:107CA00038008EB20A2101F057F982B2EBE7C046E4
:107CB000C10F0020B4090020F6B60108FBB6010888
:107CC000A6B701088C060020A4A5010810B58AB04B
:107CD00011220021684601F02DFC1122002105A887
:107CE00001F028FC1C4B1D4C1A7A2123E1784B43F0
:107CF0002178012922D11A49C918012A1CD1183129
:107D000005A801F039FC0C22684605A9FEF7D0FF52
:107D1000E2781449684601F0DFFB102268461249F8
:107D2000FEF7C6FFA37B022B10D010490A2B0ED002
:107D3000FEF798FF0AB010BD0831E1E70C49012AAF
:107D400002D11133C918DBE70133FBE70949684663
:107D5000A26801F0C1FBEBE7B40900208C0600200B
:107D60004CA90108AFB70108C10F0020E4B6010813
:107D7000AAA90108AEB7010807B5094B094A1B7942
:107D8000117899420BD01370074A032B03D8074A86
:107D90009B00D218D26C6846054901F09DFB07BDD7
:107DA0001C09002010070020B4B701084CA90108E5
:107DB00046B6010830B50F4C0F4D89B023780F49F6
:107DC0000094082B0CD109331A0003A801F084FB9E
:107DD00000236A4653771234A542EFD109B030BD73
:107DE000102303A81A0001F077FB00236A461377DB
:107DF000F1E7C046940F0020B80F0020B8B7010883
:107E000013B5FEF7C3FBFFF7B7FF0C4B0C4C009309
:107E100010230C491A00200001F05EFB2078F9F7CE
:107E2000A9FA094B1B78002B01D0FFF7C3FFFF22F3
:107E3000064B1A70FFF7A0FF13BDC04622090020B1
:107E4000C10F0020BFB70108B80F002010070020A5
:107E500010B5F8F7CFFF2F4B987B01380D2855D878
:107E600001F05CF84E2A0D545454075454545418DD
:107E700054219A78002A49D0FFF7C2FF10BD9A78A2
:107E8000002A01D19A681A611869FFF7F7FDFFF718
:107E90001DFFF3E79A78002A01D19A681A611869E0
:107EA000FFF73EFEF3E79A78002A01D19A681A613B
:107EB0001869FFF781FEEAE798781B69002811D15D
:107EC000002B0CD09BB2002B09D0134A1188994289
:107ED00005D00130C0B202323328F7D1CC30FFF7E1
:107EE000B5FED4E79BB2181EF9D000200A4A1188CB
:107EF0009942F4D00130C0B202323328F7D1EDE715
:107F000006499A68064801F0E7FAC0E7D878FFF713
:107F100095FBBCE78C060020A4A5010812B7010858
:107F2000C10F00201FB5002421008023A0222000C3
:107F3000009400F055F90120F9F746FB114B23217D
:107F4000009330201023104A0294019400F04FF95E
:107F50000E4B4121009328200C230D4A02940194DA
:107F600000F045F9FC23DB0055210A4A009322204A
:107F70000C230294019400F03AF90748F9F71DFC2C
:107F80001FBDC046E0FF0000CFBA0108FF07000098
:107F9000D8BA0108E6BA0108DC0500007FB5050083
:107FA0000C00160000210F22684601F0C3FA0E22D1
:107FB0002021684601F0BEFA012D08D90F49012E93
:107FC00000D00F492200684601F086FA7FBD012DDE
:107FD0000FD120000A2101F045F820000D000A21F0
:107FE00000F0BAFF2B0002000649684601F074FA5F
:107FF000ECE76846044901F06FFAE7E7F6BA0108D2
:1080000001BB010808BB010815BB01081FB50D2203
:1080100000210400684601F08DFA0D2220216846F7
:1080200001F088FA0549684601F056FA0449002C27
:1080300000D00449684601F04FFA1FBD1EBB01087D
:108040002BBB010838BB010830B585B00D220021DB
:10805000684601F06FFAF5220D4B5200995CA73A81
:10806000FF3A4A43D5580B49280000F0FBFF28008F
:108070000C00084900F070FF230002000649684622
:1080800001F02AFA0020FFF7C1FF05B030BDC0465D
:1080900024070020A086010045BB01087FB505002C
:1080A0000C00160000210C2201A801F043FA0B225B
:1080B000202101A801F03EFA012D08D90F49012E17
:1080C00000D00F49220001A801F006FA7FBD012D62
:1080D0000FD120000A2100F0C5FF20000D000A2169
:1080E00000F03AFF2B000200064901A801F0F4F964
:1080F000ECE7054901A801F0EFF9E7E7F6BA010856
:1081000001BB010808BB010815BB010830B585B0EB
:1081100004000B221249684601F036FA0B200222B5
:108120000021684401F006FA002C06D10922202122
:10813000684601F0FFF905B030BD0A4B0A495D6899
:10814000280000F08FFF28000C00074900F004FF12
:10815000230002000549684601F0BEF9EBE7C0467E
:10816000E2B00108C4060020A086010045BB01085A
:1081700010B50020FFF7CAFF10BDC04630B585B06E
:108180000B22002101A801F0D5F90E4C0E492278EE
:1081900001A8013201F0A0F922780C4B9200D558C9
:1081A0000B49280000F05EFF28000C00084900F091
:1081B000D3FE23000200074901A801F08DF905B0A4
:1081C00030BDC046DD0900204FBB0108BCA001083E
:1081D000A086010094B7010810B5FFF7CFFF10BDCE
:1081E00013B504AC24880094FDF7F6FD13BDF0B57B
:1081F000A9B01D002EAB1B88079206932FAB1F88DA
:1082000030AB1B7804000E008022002108A80593E3
:1082100001F090F900230493049A079B98189B5C43
:10822000002B0DD0A02B42D94378002B0DD1009705
:10823000102D07D12B00082231002000FDF7CCFDC6
:1082400029B0F0BD0C230622F6E708A9102D1FD196
:10825000FCF728FA069B2000019308AB00932A0044
:108260002B0031000297FDF74BFD1034059BA4B2A3
:10827000002B09D02B0020003100059A0097FDF754
:10828000ABFD059B1C19A4B2049B0233DBB2C2E711
:10829000FCF732FA069B2000019308AB00930C23F5
:1082A00031001A000297FDF72BFD0C34DEE7203B6E
:1082B0005E2B1FD808A9102D1FD1FCF749FA069B89
:1082C0002000019308AB009308222B003100029795
:1082D000FDF716FD0834059BA4B2002B0AD02B0035
:1082E00020003100059A0097FDF776FD059B5B089D
:1082F000E418A4B2049B0133C8E7FCF73BFA069BE1
:108300002000019308AB009306220C233100029752
:10831000FDF7F6FC0634DEE7F0B504001600002594
:108320008BB010AB1B880591069311AB1B8807938C
:10833000735D7019002B13D008AF3900FCF72CFACD
:10834000079B20000293069B0522019305990823B1
:10835000009706340135FDF7D3FCA4B2EDB2E7E790
:108360000BB0F0BD13B504AC2488CB1882189BB2B7
:1083700092B20094FDF79AFD13BD7FB508AC20CCF6
:108380000AAE36882488029600950194FDF7B8FC61
:108390007FBDF0B51E00A3B00400039115000021BD
:1083A0006D2206A801F0C6F83300893BFF3B5A4214
:1083B0005341DBB20593230015339BB204932B7812
:1083C000002B14D006AF39002800059AFCF7F6F907
:1083D00001280ED109230622200003990097FDF7FA
:1083E000D0FC0734049BA4B20135A342E7D123B0EB
:1083F000F0BD09230622200003990096FDF7ECFC4E
:10840000EFE7F0B51500D6221F00FBB0FF320400E5
:108410000E0004A8002101F08DF83B00893BFF3BD2
:108420005A425341DBB202932B00083303932B785B
:10843000002B29D02800029A04A9FCF7DFF90128B3
:1084400009D104AB00930C22112331002000FDF769
:1084500098FC0C340AE0022818D104AB20000093E9
:10846000032211233100FDF78CFC0334A4B2112345
:108470002000032231000097FDF7AEFC039B03347C
:108480000135A4B29D42D2D17BB0F0BD11230C22A4
:10849000310020000097FDF79FFCDAE7F8B5802750
:1084A00002250A4E3F010A4CB7610A20F9F784F908
:1084B000A5610A20F9F780F937850A20F9F77CF9D8
:1084C00025850A20F9F778F9F8BDC0460004004870
:1084D00000140048F8B5022780250B4E0B4C2D01E7
:1084E00037850A20F9F768F925850A20F9F764F934
:1084F000B7610A20F9F760F9A5610A20F9F75CF97C
:1085000037852585F8BDC0460014004800040048A2
:10851000F7B580210022019009011E48F8F7C4FE3A
:108520001420F9F749F90825002402231A4E194F9F
:10853000B3610A20F9F740F93B8A6400E4B21B05F5
:1085400001D501231C430223013D0A203385EDB2EE
:10855000F9F732F9002DE8D180252D0101222900FB
:108560000C48F8F7A1FE1420F9F726F9019B002B1F
:108570000ED0BD6102250A20F9F71EF9B5610A2067
:10858000F9F71AF935850A20F9F716F92000FEBD2A
:108590003D85EFE70004004800140048F8B50223C9
:1085A000274F05003B850A20F9F706F908246BB22E
:1085B000244E002B40DB80231B0133850A20F9F772
:1085C000FBF802230A20BB61F9F7F6F80223013C0D
:1085D0000A206D003B85E4B2F9F7EEF8EDB2002C0D
:1085E000E5D180252D010A203585F9F7E5F822002F
:1085F00029001448F8F758FE0A20F9F7DDF802239D
:108600000A20BB61F9F7D8F86423328A2A4204D0E1
:10861000013BDBB2002BF8D10124022380253B85EE
:108620002D010A20F9F7C8F8290001220548F8F7BA
:108630003BFEB5612000F8BD80231B01B361BDE79F
:10864000001400480004004870B505000C00002626
:1086500001290DD10120FFF75BFF2870200070BDBC
:108660000A20F9F7A9F80020FFF752FFA8550136B4
:10867000621EB242F4DC2300591E8B415B42134060
:108680000A20ED18F9F798F8E4E770B504004518EA
:10869000AC4201D1002005E02078FFF77FFF0134D4
:1086A0000128F5D170BDC046324B70B51B78002B48
:1086B0003BD1314B9B79002B37D00123002806D0CA
:1086C0000233042803D0C31F5A42534102332B4CB8
:1086D0000325207000206370FBF79AFF6388002B4E
:1086E00000D0FEE76678002E2DD13000F9F73BF878
:1086F0001E20F9F762F8FBF758FE214C2378032B74
:1087000014D10120FBF7A6F90120FBF77DFA300018
:10871000F9F729F82378022B01D1002323700421D3
:10872000184A194BD17000225A7070BD174B1B7834
:10873000002B06D1164B1878012802D1FBF78AF9D5
:10874000E8E70020FAE72278124B6A43013E9918C5
:108750001B33F6B29B18895D985D667061800028B6
:1087600005D0FBF753FB0120F8F7FDFFB6E7FBF759
:108770004DFBB3E7B8040020B4090020D20F00205D
:1087800012070020380900203B090020A80600201D
:1087900013070020EFB0010870B505000E00064C6D
:1087A00000212000EBF7A5FC66600121E5602000B8
:1087B000EBF79FFC70BDC046580002408021184B6B
:1087C0008900DA6810B550181968D860884202D25A
:1087D0001C7C012C06D10122002112481A74EBF7EF
:1087E00088FC10BD8024E4001219914210D2091AAD
:1087F00001200D4A490089B298545A7CD0B2012A0E
:1088000009D100225A7498740848FFF7C5FFE8E7B9
:108810008021C900F1E7012205485A74DA74F4E7AF
:10882000E80F00205800024014100000FC17002040
:10883000FC0F0020F0B597B02C2200210BA800F00F
:1088400079FE0822002101A800F074FE06AE0C2279
:10885000002103A800F06EFE14220021300000F079
:1088600069FE01210800EEF7D9FB8020334D01217C
:108870000001EEF7F9FB2800EBF73EFB304B8027B9
:108880000B93304B00240C9310230D938023DB00BB
:108890000E93129320231393802380229B017F0049
:1088A00028000BA9149310920F9411971594EBF7CD
:1088B00079FB012228000221EBF792FD2800902588
:1088C0000121ED05EBF715FC022228000B21ECF746
:1088D0009DFE80231B0101931B4B280001A90293DD
:1088E000ECF7E0FB194B6A4604936B469C8203232A
:1088F000174D03A9280093750394F0F7BFFC154B9F
:1089000031000693144B28000993B48008940A9709
:10891000F1F7E4FA390028000122F2F7C5FE22003F
:1089200028001021F2F766FE28000121F0F7E0FF91
:1089300021002800F1F79FF817B0F0BD5800024061
:108940004C2C0140FC0F002002030000CA0800006C
:10895000002C0140700001000200080030B5104BEF
:10896000DA79002A1BD001001B7A4E31C9B2012BE3
:1089700001D11030C1B20B4A9378002B08D01C00F3
:10898000D0188578013CC570E5B20138002DF8D1CA
:108990000120D1701070042B01D81B18937030BDCA
:1089A000B4090020D80F0020F7B54F4B0600019303
:1089B000DB79002B48D001234C4C6421237000F05C
:1089C000CBFA6421C3B23000009300F04BFBCFB26E
:1089D00038000A2100F0C0FA0A21C5B2300000F0C8
:1089E00041FB019BC9B21B7A012B35D1632E00D804
:1089F00074E0009B23221033DBB2002910D0092F32
:108A000014D9E3710523A271A3701A231035103114
:108A100065712371E170632E16D80323A37013E0F0
:108A2000092F03D82371E2700223F7E7A37104230F
:108A30006271A370092F08D90029E6D11A231035D5
:108A40002571E370632EEFD9F7BD0029FCD0102308
:108A5000C9182371E170F7E7132E0BD9632E12D8D2
:108A60005735EDB2092F01D9002909D04E312571B2
:108A7000E170D9E77539CDB20A2E01D84E36F5B27C
:108A80000123E570CAE7642E23D0009B4E33DBB28E
:108A9000132F0BD957356122EDB2002915D04E3175
:108AA000A371627104232571E170B7E763716123DB
:108AB0002371012D07D1002902D1093BE370ACE7F6
:108AC0007539E170A9E74E31FBE763712271E570FA
:108AD000A3E74F2323711233E370A5E7092FABD827
:108AE0001031E1709AE7C046B4090020D80F002089
:108AF000002330B55200934200D130BDCC5E8025BA
:108B00002D0164196410C4520233F4E7F0B5002556
:108B1000314B87B0029004920A201A5E1B7B2F48CB
:108B20005C00205A049C2E006400A446039401912A
:108B30006146002909DC28490B73049B4A81D8430C
:108B4000039BC017184007B0F0BD002D32D00F2492
:108B5000344001214D402249A70079585B183A2B37
:108B60002EDD3A230821042721400591C1083C420B
:108B700001D0411889B2A70702D54708C91989B29F
:108B800001273C4202D08008091889B205980028C4
:108B90001AD0521A13498A4200DA0A000F495800C3
:108BA000405A01990A80012149428C4401990231BD
:108BB0000191BDE702990E78013134090291C8E7AD
:108BC000D943C9170B40CDE75218802109018A42C9
:108BD000E4DB054AE2E7C046D80F002068B101088F
:108BE00028B1010800F8FFFFFF070000FFB50020D3
:108BF000FFB0FAF72FFF80279023802500262D4C09
:108C0000DB053F019F61AD002B4B2A00606802A984
:108C1000E654FBF7EFFF636822685B19A360274BFC
:108C20005E811E730193264EAA4232D32A00310080
:108C300002A8FFF76BFF80220125002731003000DA
:108C4000D200FFF755FF2A0002211E482774E76073
:108C50006574A774E574EBF7C3FB80204002EBF763
:108C60005BFC80213000C900FFF796FD2900164803
:108C7000F0F701FF019B1E205D70F8F79EFD2800B4
:108C8000F8F771FD0A21114A114BD1705F707FB066
:108C9000FFBD310002A8FFF739FF802283B25800E0
:108CA0000019D20002309342C5D2013347829BB2F1
:108CB000F8E7C046E80F002014100000D80F00208D
:108CC000FC0F002058000240002C01403809002011
:108CD0003B0900200B4B10B50B4CC018082221009B
:108CE000C000FBF787FF9022636812039B18A02245
:108CF000636023681202013B934201D2FFF776FFC3
:108D000010BDC046F01F0200E80F002033B5204C14
:108D1000FFB0237C012B04D100221E4B5A707FB080
:108D200033BDA37C002B17D080226946A068920037
:108D3000FBF760FF8022184DA36892009B18290062
:108D40006846A360FFF7E2FE802229002800D200D7
:108D5000FFF7CEFE0023A374E37C002BDFD080223C
:108D60006946A0689200FBF745FF80220B4DA3687F
:108D700092009B1829006846A360FFF7C7FE802277
:108D800029002800D200FFF7B3FE0023E374C6E7F2
:108D9000E80F0020D80F0020FC0F0020FC17002057
:108DA00010B50D4C0020F8F7DEFC20000021EBF799
:108DB000A0F900210948F0F75EFE00220221200000
:108DC000EBF70EFB80204002EBF7A6FB0022044BE2
:108DD0001A709A705A7010BD58000240002C014061
:108DE000D80F002070B5041E09D00E4BDA79002A86
:108DF00006D19B79012B02D10720FFF755FC70BDEE
:108E00001B7A012B01D03E34E4B2074D2B78002BA6
:108E100001D0FFF7C5FF01232B70AB700023EC706E
:108E20006B70ECE7B4090020D80F0020014B1878D4
:108E30007047C046D80F0020174B70B51D78012D24
:108E40001AD15A78002A24D19C78002C19D10821F3
:108E5000124A1C70124B2000D1705C70F8F783FC32
:108E60001E20F8F7AAFC21000E48F0F704FE0E4B76
:108E70001A78022A01D11C7070BD2800FAF7EAFDA9
:108E8000FAE7013CE4B29C701B19D878FFF722FF87
:108E9000F2E7FFF73BFFEFE7D80F0020380900208B
:108EA0003B090020002C01401207002010B5FFF7FD
:108EB00099FF044B1B78002B00D110BDFFF7BCFFBE
:108EC000F7E7C046D80F002010B5064BDB79002B22
:108ED00001D0002803D10800FFF7E6FB10BDFFF723
:108EE000E5FFFBE7B40900200548804705488047B7
:108EF000FEE7FEE7FEE7FEE7FEE7FEE7FEE700002F
:108F000051D500085592010802B47146490849003C
:108F1000095649008E4402BC7047C04602B47146EF
:108F200049084900095C49008E4402BC7047C046AC
:108F300003B47146490840004900095E49008E4467
:108F400003BC704703B47146490840004900095A00
:108F500049008E4403BC7047002243088B4274D3FF
:108F600003098B425FD3030A8B4244D3030B8B422A
:108F700028D3030C8B420DD3FF22090212BA030C33
:108F80008B4202D31212090265D0030B8B4219D314
:108F900000E0090AC30B8B4201D3CB03C01A524134
:108FA000830B8B4201D38B03C01A5241430B8B427C
:108FB00001D34B03C01A5241030B8B4201D30B0365
:108FC000C01A5241C30A8B4201D3CB02C01A52418C
:108FD000830A8B4201D38B02C01A5241430A8B424F
:108FE00001D34B02C01A5241030A8B4201D30B0238
:108FF000C01A5241CDD2C3098B4201D3CB01C01A52
:10900000524183098B4201D38B01C01A524143095B
:109010008B4201D34B01C01A524103098B4201D349
:109020000B01C01A5241C3088B4201D3CB00C01AB6
:10903000524183088B4201D38B00C01A524143082E
:109040008B4201D34B00C01A5241411A00D2014653
:10905000524110467047FFE701B5002000F0F0F8DC
:1090600002BDC0460029F7D076E7704703460B43A0
:109070007FD4002243088B4274D303098B425FD311
:10908000030A8B4244D3030B8B4228D3030C8B423D
:109090000DD3FF22090212BA030C8B4202D3121223
:1090A000090265D0030B8B4219D300E0090AC30BF8
:1090B0008B4201D3CB03C01A5241830B8B4201D3A5
:1090C0008B03C01A5241430B8B4201D34B03C01A8E
:1090D0005241030B8B4201D30B03C01A5241C30A06
:1090E0008B4201D3CB02C01A5241830A8B4201D377
:1090F0008B02C01A5241430A8B4201D34B02C01A61
:109100005241030A8B4201D30B02C01A5241CDD205
:10911000C3098B4201D3CB01C01A524183098B4250
:1091200001D38B01C01A524143098B4201D34B0139
:10913000C01A524103098B4201D30B01C01A52419C
:10914000C3088B4201D3CB00C01A524183088B4223
:1091500001D38B00C01A524143088B4201D34B000C
:10916000C01A5241411A00D201465241104670477E
:109170005DE0CA0F00D04942031000D34042534083
:1091800000229C4603098B422DD3030A8B4212D343
:10919000FC22890112BA030A8B420CD38901921175
:1091A0008B4208D3890192118B4204D389013AD0B2
:1091B000921100E08909C3098B4201D3CB01C01A87
:1091C000524183098B4201D38B01C01A524143099A
:1091D0008B4201D34B01C01A524103098B4201D388
:1091E0000B01C01A5241C3088B4201D3CB00C01AF5
:1091F000524183088B4201D38B00C01A5241D9D20D
:1092000043088B4201D34B00C01A5241411A00D28D
:109210000146634652415B10104601D34042002B89
:1092200000D54942704763465B1000D3404201B508
:10923000002000F005F802BD0029F8D016E77047BD
:109240007047C0460023C25C0133002AFBD1581E80
:10925000704700008020BC2210B52649800500F030
:1092600093F90320EFF776FEF8F742F9FCF703FCD9
:10927000F8F732FCFEF756FEFAF784FFF8F7E2FC47
:10928000F4F7F2F9F7F724FEF9F7AEF9F7F734FE41
:10929000F8F796FAF9F72CFEF8F7F6F90122164BD3
:1092A0001A700023154A1370154A1370154A13706B
:1092B000154A1370FF22154B1A70154B1B78002BA3
:1092C00001D0F7F76BFB134B1B78002B01D0F7F79E
:1092D00075FB114B1B78002B01D0F7F77FFB0F4B71
:1092E0001B78002B01D0F7F78FFBF7F79BFBF4F708
:1092F00011FAE2E7003000081307002011070020F0
:1093000012070020A806002038090020E20E0020E5
:109310001B0700201A07002019070020180700204B
:10932000704710B50A22002100F0AEF810BD10B54C
:109330000A23002200F098F810BD10B50A2200217F
:1093400000F0A2F810BD10B50A23002200F08CF83E
:1093500010BD0000F0B585B017001E00039001910C
:10936000242B23D80C00012B20D03D4B08229C46F7
:10937000230061461D780134485D01001140104210
:10938000F6D12D2D19D125789C1C01230093102294
:10939000330093431DD1302D15D1202123788B43E9
:1093A000582B10D165780234102612E000F0DEF858
:1093B00016230360002005B0F0BD00912B2DE6D1EF
:1093C00025789C1CE3E7002EEED10A36302D00D123
:1093D000023E244A009B94466344310018000293E5
:1093E000FFF740FE0022844610002B00303B092B83
:1093F00011D81D00AE421DDD531C09D0012252427E
:10940000844505D301D1A94211DB012270432818FC
:1094100025780134E9E72B00413B192B01D8373D72
:10942000E8E72B00613B192B04D8573DE2E7012206
:109430005242EDE7531C08D12223039A029813608D
:10944000002FB8D0631E019307E0009B002B00D0D3
:109450004042002FAFD0002AF4D1019B3B60AAE725
:109460008BBB0108FFFFFF7F10B5FFF773FF10BD37
:1094700010B5044C13000A0001002068FFF76AFFD2
:1094800010BDC0466804002010B5044C13000A004B
:1094900001002068FFF75EFF10BDC0466804002091
:1094A0000CB400B59DB00291069109491EAB07911D
:1094B0000491084904CB059102A9019300F050F9E9
:1094C0000022029B1A701DB008BC02B01847C046AB
:1094D000FFFFFF7F0802FFFF0EB400B50B499CB0F1
:1094E0001DAB02900690079104910948094904CBED
:1094F0000591006802A9019300F032F90022029B55
:109500001A701CB008BC03B01847C046FFFFFF7FAD
:10951000680400200802FFFF30B500240139A24290
:1095200001D1002005E0035D01340D5DAB42F6D0B2
:10953000581B30BD03008218934200D17047197048
:109540000133F9E7030030B51D00002A06D00C787E
:10955000013A01332C700131002CF5D100219A1809
:10956000934200D130BD19700133F9E7014B1868FF
:109570007047C0466804002003000A7801311A7061
:109580000133002AF9D17047002310B59A4200D167
:1095900010BDCC5CC4540133F8E70000F0B58E6810
:1095A00085B01F000C000B6802900392BE4230D8B9
:1095B0000C21625E9021C9000A4228D00320216953
:1095C0005B1A0193636943430198DD0FED187B1C1F
:1095D0001B186D10AB4200D91D00520528D529007B
:1095E000029800F0C1FB061E2CD0019A2169FFF7FA
:1095F000CBFFA289184B1A4080231343A381019B00
:109600002661F61826603E006561ED1AA560BE422F
:1096100000D93E0032000399206800F01BFB0020B7
:10962000A3689B1BA36023689B19236005B0F0BD52
:109630002A00029800F028FC061EE0D12169029859
:1096400000F026FB0C230120029A40421360A289FD
:1096500034331343A381E9E77FFBFFFFF0B51368C1
:1096600087B017000393936800220C001600059042
:10967000029293420BD1002000237B6007B0F0BD23
:10968000039B1B680293039B5E6808330393A568E2
:109690002368002EF4D0AE4232D30C21625E9021BA
:1096A000C9000A422FD0032021695B1A0493636921
:1096B0004343D80FC3185B100193049B01980133F7
:1096C0009B19834200D90193520530D50199059821
:1096D00000F04AFB051E34D0049A2169FFF754FFBD
:1096E000A2891E4B1A4080231343A381049B25614A
:1096F000ED1825603500019B049A63619B1AA360F5
:10970000B54200D935002A000299206800F0A2FA7B
:10971000A3685B1BA36023685B192360029B9B19F2
:109720000293BB689B1BBB60A5D00026AFE7019AE4
:10973000059800F0A9FB051ED8D12169059800F015
:10974000A7FA0C23059A01201360A289343313432E
:10975000A38100234042BB608EE7C0467FFBFFFF32
:10976000F0B5A1B003901D008B890F0016001B06F9
:1097700011D50B69002B0ED1402100F0F5FA3860AD
:109780003861002805D10C23039A13600120404260
:10979000CFE040237B61002308AC63612033637614
:1097A0001033A376079535002B78002B01D0252B9D
:1097B00048D1AB1B0593B5420BD03200390003985A
:1097C000FFF7ECFE013000D1AEE06369059A9B180B
:1097D00063612B78002B00D1A6E0012200235242C6
:1097E000626004A9543252186E1C2360E360A360C7
:1097F0001370A365544B052218003178059300F0CF
:109800003BFA751C00281FD12268D30604D55323C8
:1098100004A95B1820211970130704D5532304A948
:109820005B182B21197033782A2B16D035000021B4
:109830000A20E3682A786E1C303A092A50D9002998
:1098400011D117E00135AFE7059B2268C01A01234B
:10985000834013432E002360CCE7079B191D1B6830
:109860000791002B01DB0B9304E05B42E3600223D2
:10987000134323602B782E2B0CD16B782A2B34D1F9
:10988000079B02351A1D1B680792002B01DA012382
:109890005B4209932D4E03223000297800F0ECF949
:1098A000002806D04023801B8340226801351343E3
:1098B00023602978062226486E1C217600F0DCF908
:1098C000002838D0234B002B22D10722079B0733D7
:1098D0009343083307936369049A9B18636162E7B3
:1098E0004343350001219B18A4E700230A201900F7
:1098F000013563602A786E1C303A092A03D9002B9F
:10990000C8D00991C6E74143350001238918F1E722
:1099100007AA009221003A000F4B039800E000BF15
:109920000490049B0133D6D1BB890D985B0600D50A
:109930002CE721B0F0BD07AA009221003A00064BA7
:10994000039800F07BF8EBE757BB01085DBB01080B
:1099500061BB0108000000009D950108F7B51600E5
:1099600001938A680B690C000090934200DA13009F
:109970002200336043321278002A01D00133336071
:1099800023689B0602D533680233336022680623BE
:1099900015001D401A4227D0230043331B785A1E5E
:1099A00093412268920630D4220001990098089DC4
:1099B0004332A847013025D00622236800251340F2
:1099C000042B05D13368E568ED1AEB43DB171D4026
:1099D000A3682269934201DD9B1AED180026B54267
:1099E00020D1002010E00135E36832689B1AAB42B9
:1099F000D2DD2200012301990098089F1932B8474F
:109A00000130F0D101204042FEBD3020E118433149
:109A1000087021005A1C45310978A21843320233DC
:109A20001170C1E72200012301990098089F1A32A2
:109A3000B8470130E6D00136D1E70000F0B58BB071
:109A400006920A0043320793059003920A7E0C00A7
:109A5000109B782A09D8622A0BD8002A00D1BAE0D4
:109A60007A490491582A00D18EE0250042352A70A7
:109A700022E0100063381528F7D8FFF759FA1600CE
:109A80001F00F6FFF6FFF6FFF6FF1F00F6FFF6FFDA
:109A9000F6FFF6FF9F0036007E00F6FFF6FFB000EF
:109AA000F6FF3600F6FFF6FF820025001A68423501
:109AB000111D196013682B7001239EE01868096856
:109AC000021D0D060BD506681A60002E03DA2D2341
:109AD000039A764213705D4B0A27049318E00668D8
:109AE0001A604906F1D536B2EFE70868196840C92F
:109AF000050602D4400600D5B6B21960534B0A27BA
:109B000004936F2A00D1023F2300002243331A70CE
:109B10006368A360002B06DB04212268039D8A434F
:109B2000226033430CD0039D30003900FFF79AFACE
:109B3000049B013D5B5C2B70330006009F42F3D910
:109B4000082F09D12368DB0706D5626823699A428A
:109B500002DC3023013D2B70039B5B1B2361079BC1
:109B6000210000930598069B09AAFFF7F7FE013034
:109B700048D1012040420BB0F0BD202209680A43C1
:109B80002260782232490491210045310A70196817
:109B9000226840C9100602D4500600D5B6B219603A
:109BA000D30702D5202313432360002E01D01027B2
:109BB000AAE72022236893432360F8E71A680D6818
:109BC000101D4969186013682E0601D5196002E05E
:109BD0006D06FBD519800023039D2361BFE71A683A
:109BE000111D1960156800212800626800F044F812
:109BF000002801D0401B6060636823610023039A42
:109C00001370ACE72A00236906990598079DA847B9
:109C10000130AED023689B0715D4099BE0689842B9
:109C2000A9DA1800A7E72200012306990598079EE4
:109C30001932B04701309CD00135E368099A9B1A6C
:109C4000AB42F0DCE9E70025F7E7C04668BB010856
:109C500079BB010810B5884202D98B18984208D305
:109C600000239A4207D0CC5CC4540133F9E78B5CE3
:109C70008354013AFBD210BDC9B28218904201D17F
:109C80000020704703788B42FBD00130F6E70000DC
:109C900070B505000C1E10D0043C2368002B00DAC0
:109CA000E418280000F0E0F81D4A1368002B05D1E5
:109CB00063601460280000F0DFF870BDA34208D98B
:109CC000206821188B42F3D119685B68091821605C
:109CD000EEE71A005B68002B01D0A342F9D91168A6
:109CE0005018A0420BD12068091850181160834207
:109CF000E0D118685B68411811605360DAE7A04250
:109D000002D90C232B60D5E7206821188B4203D1A0
:109D100019685B680918216063605460CAE7C0462F
:109D20000820002070B50F4E0D0031680400002996
:109D300002D100F0D9F830602900200000F0D4F8FA
:109D4000431C03D101256D42280070BD0323C51CAF
:109D50009D43A842F8D0291A200000F0C5F8013030
:109D6000F2D1EFE704200020F7B50322CB1C934388
:109D7000083305001F000C2B34D20C27B94233D80E
:109D8000280000F071F8374E33681C00002C2FD1EA
:109D900039002800FFF7C6FF0400431C5FD1346878
:109DA0000094009B002B4AD1002C52D0236828003D
:109DB000E3180099019300F097F8019B834248D182
:109DC00023682800FF1A3900FFF7ACFF013040D0AC
:109DD0002368DB19236033685A68002A33D1009B5B
:109DE000336019E0002BC9DA0C232B600020FEBD84
:109DF0002168C91B20D40B290AD9E2192760A34284
:109E000004D1326063681160536005E05A60F9E77D
:109E10006268A3420ED13260280000F02DF82000C5
:109E200007220B30231D9043C21A9842DFD01B1A21
:109E3000A350DCE75A60EFE723006468A6E7009CC4
:109E400063680093ADE71A005B68A342FBD100236F
:109E5000DAE70C2328002B6000F00EF8C6E7076055
:109E6000DAE7C0460820002010B5024800F053F899
:109E700010BDC0461020002010B5024800F051F877
:109E800010BDC04610200020F7B506000C001500DC
:109E9000002905D11100FFF767FF04002000FEBD77
:109EA000002A03D1FFF7F4FE2C00F7E700F03AF8A0
:109EB0000700854202D84308AB42EFD329003000A7
:109EC000FFF752FF0190002801D1019CE6E72A002C
:109ED000BD4200D93A0021000198FFF755FB21004F
:109EE0003000FFF7D5FEF0E7002370B5064D040003
:109EF00008002B6000F07EF8431C03D12B68002B78
:109F000000D0236070BDC046142000207047704709
:109F100070477047704770470120704701207047B5
:109F2000704770470B1F1B68181F002B01DA0B5876
:109F3000C01870472E4B70B51B68040083424FD089
:109F4000C369002B17D0DB68002B0DD00025E36917
:109F5000DB685959002944D10435802DF7D1E369D4
:109F60002000D968FFF794FEE3691968002902D040
:109F70002000FFF78DFE6169002902D02000FFF765
:109F800087FEE169002902D02000FFF781FE216BE6
:109F9000002902D02000FFF77BFE616B002902D070
:109FA0002000FFF775FEA16B002902D02000FFF70B
:109FB0006FFEA16C002902D02000FFF769FE616CE2
:109FC000002902D02000FFF763FEE16A002902D0D9
:109FD0002000FFF75DFE236A002B01D02000984788
:109FE00070BD0E682000FFF753FE3100B2E7C04697
:109FF00068040020044A03001068002802D0C31837
:10A00000136070470148FAE7182000201C20002048
:10A01000000000000102030401020304060708090E
:10A020000000000000000000010203040607080908
:10A030006491AFD2F325E1351C1CC2301C1CE13504
:10A040001C1C913B0E1FC2300E1FE1350E1F913BB1
:10A050005C22C2305C22E1355C22913B1C1CDC415D
:10A060000E1FDC415C22DC41F325DC41F325C230CC
:10A07000F325913B48220000542800007A3A000062
:10A0800000000000000000000A0B0C0D0E0FFF0A7C
:10A090000B0C0D0E0FFF221E1D232524222524004C
:10A0A0000000E803D0072C019001F4015802BC0223
:10A0B0002003840364000A00010000001808F8006F
:10A0C00080CDF700CCEAF70044D7F70008E1F700AD
:10A0D00090F4F70054FEF70088A8F6005CD9F6006B
:10A0E0004C23F900818389919AA2B70000000000F7
:10A0F0000000000000000000001038787080C0C030
:10A10000606F6F66C0C08020703810000000008053
:10A11000C0C0E0381C0E0603030303030307070750
:10A120001D38E08080808080C3FF3C00181818FC38
:10A13000FF0301000000000000000000000000001C
:10A1400000000000010101010103030EFCF000000A
:10A15000000003070E0C18181818181818181818EB
:10A1600018181818181818181818180C0E070300C3
:10A17000000000E02020202020202020202020207F
:10A1800020202020202020202EEE0EC6C6C6C6C6C7
:10A19000C6FEFEFF00000015151515151514141048
:10A1A000100000000000000000FF00D8D8D8D8D868
:10A1B000D8FFFF07040404040404C4C4E4FCC4FC82
:10A1C000E4C4C4040444A404F4F7F0FFF1B5F1FFBF
:10A1D000FEFFFF00007C6C546C546C546C546C5447
:10A1E0006C546C546E556C7C00007058700000000C
:10A1F0000000000183C66C381001010000000081DE
:10A20000FFFF9999FF66FCFE232323FEFC0406074B
:10A21000060400F806020408102165850932047856
:10A2200060706B44080810101010110A0C002649C9
:10A23000494932003E41414122007F091929462601
:10A2400049494932003E41414122182442474200D7
:10A2500042E2422418F0FCFEF3F3F3FEFCF00103AB
:10A26000030303030303017F040810207F0001019F
:10A270007F01017F0919294608080808080808080D
:10A2800008087F0808083F7FE0C0E07F3F007CFEB1
:10A29000838383FE7C0083EF7C387CEF83000000A7
:10A2A00001000000000000010101000000010100A8
:10A2B00000000101FFFF0E1C1C0EFFFF007CFE834F
:10A2C0008383FE7C01010000000001010000000109
:10A2D00001010000FFFF838383FFFE00FFFFE070AA
:10A2E00070E0FFFF01010101010100000101000018
:10A2F000000001017E1111117E007F02040804029A
:10A300007F0000003E414141220001017F01010028
:10A3100000007F4141413E003E414141220026492B
:10A320004949327F0808087F7F023C027F7F404016
:10A330004040C0E0E0E0FFFF060401030303030127
:10A34000000078FF01FDFDFDFD01FDFDFDFD01FDAE
:10A35000FDFDFD01FDFDFDFD01FF00030202020206
:10A3600002020202020202020202020202020202CD
:10A37000020378FF010101010101FDFDFDFD01FD69
:10A38000FDFDFD01FDFDFDFD01FF000302020202D6
:10A39000020202020202020202020202020202029D
:10A3A000020378FF0101010101010101010101FD29
:10A3B000FDFDFD01FDFDFDFD01FF000302020202A6
:10A3C000020202020202020202020202020202026D
:10A3D000020378FF010101010101010101010101F5
:10A3E00001010101FDFDFDFD01FF0003020202026A
:10A3F000020202020202020202020202020202023D
:10A40000020378FF010101010101010101010101C4
:10A41000010101010101010101FF00030202020229
:10A42000020202020202020202020202020202020C
:10A430000203000000F0080888C8C8880808F00077
:10A4400000000000000F10101113131110100F0066
:10A4500000007F343E48545F6A757D848C00FA00AA
:10A46000F4017102E803E204D007C409881310273D
:10A470000019324B640019324B195005CC06A00F5D
:10A48000C0129808F609A005C805AC08CA086810EB
:10A490009411A005C805CC109411CC109411A005FE
:10A4A000B405CC103011CC1030115005CC06A00FE3
:10A4B000C012A00FC012A005C805CC103011CC10DE
:10A4C000301187807C78655E5A566C65615D554EAB
:10A4D0004A4784807C7850524F4752414D42462D26
:10A4E0004B3650524F550055564B3600555044414F
:10A4F00054450042542D383030304F50454E0042C4
:10A50000542D383030304F50454E00001CE622DFCD
:10A510002DD435CC0BF50BF50BF50BF50BF50BF539
:10A520000BF50BF5F0FEFAFC02FA908F468FD88EF1
:10A530008F8D0990099009900990099009900990D0
:10A5400009905A930B92C191F331E731323259336A
:10A55000A931A931A931A931A931A931A931A9312B
:10A56000FF2E1030403028231E19140F0A05000555
:10A570000A0F14191E232800000000010002000326
:10A58000000600081F89278D04B6D93788838EE21C
:10A59000EC66E4AEDBC38F15A7199F49D482E5FAB8
:10A5A000961AC0C976029E02B502CF02E8020203E3
:10A5B0001D033903560375039303B403CE03E80365
:10A5C0000B04300455047C04A404CE04F9042605CD
:10A5D00055058505B605EA051F063E0656067706AB
:10A5E0008F06B106CA06ED0607072B0746076B075D
:10A5F0008807AE07CB07F30711083B088508D10889
:10A60000F30820097209C709ED09130015001600A7
:10A6100019001A001E002300270029002B002C001F
:10A62000350039003A003B003C004C004D004E0024
:10A630005200550059005A005C00630065006A0032
:10A640006D006E00720075007A007C0085008A0043
:10A65000930095009600A300A400A500A600A90001
:10A66000AA00AD00B100B300B500B600B900BC004F
:10A67000C600C900CD00D500D900DA00E300E6002D
:10A68000E900EE00F400F500F90009010A010B01F0
:10A69000130119011A01250126012A012C012D019E
:10A6A0003201340135013601430146014E015301A7
:10A6B00056015A016601750186018A0194019701CC
:10A6C00099019A01A501AC01B201B401C301CA010B
:10A6D000D301D901DA01DC01E301EC017100700062
:10A6E0006100510031000000010010002000400016
:10A6F00015FF0100FF09140A11060B0E12070C0FBB
:10A7000013080D10161718191AFFFFFFFF1A1CFF68
:10A71000FFFFFFFFFFFF1EFF1B1D040305060205D1
:10A720000000000000000000000000000100000028
:10A730000000000000000000000001040505020503
:10A740000000000000000000000000000000000009
:10A7500000000000000000000000030100030108E9
:10A7600001010000010005010100000001000105D8
:10A7700005000100110000020000050000000000BB
:10A780000000000300009001D60100000105060052
:10A790000001FF0000FF00000000010203FFFF00B6
:10A7A000000303FFFFFFFFFFFFFF0800080001FF9A
:10A7B000FFFF0025491400254914002545140025F4
:10A7C0004514002551140025511400255514002569
:10A7D000551400855914008559140025024300259D
:10A7E0000243002512430025124300252243002581
:10A7F00022430025324300253243002542430025F1
:10A800004243002552430025524300256243002560
:10A8100062430025724300257243002582430025D0
:10A8200082430025924300259243007599430075A9
:10A830009943002515430025154300252543002590
:10A840002543002535430025354300254543002594
:10A8500045430025554300255543007556140075A2
:10A860005614000000000000000200000000002557
:10A870007646002576460000000000000002000039
:10A880000000FEFCF8F0E0C0800001013601740118
:10A890000400060001020002600000035003900063
:10A8A000000000006164676A6D707477000000004A
:10A8B00000840900108409002084090090870900A1
:10A8C000A0890900008C0900908F090050920900AE
:10A8D00040970900709809000101372126392C4F53
:10A8E000134A00004DB6010855B601085DB60108CF
:10A8F00062B6010867B601086CB6010871B60108B6
:10A9000076B601087CB6010881B6010887B6010851
:10A910008CB6010853B6010838B70108E4B5010840
:10A92000B6B70108CABA01086FB6010874B60108C3
:10A930007AB601087FB6010885B6010849B6010854
:10A940004BB601081B232B333B434B53000102043E
:10A9500006080A00464D204D454D434800000000C2
:10A9600000000000464DD0C5B5C0B4E6B4A200005A
:10A970000000000000464D2042414E44000000000F
:10A980000000000000464DB9A4D7F7C6B5B6CE000A
:10A990000000000000000000C5B70108C9B70108A9
:10A9A000B4B70108CDB701080D200043484C204E34
:10A9B000616D650000000000000000D0C5B5C0C397
:10A9C000FBB3C60000000000000000005258204603
:10A9D00072657175656E637900000000BDD3CAD5DC
:10A9E000C6B5C2CA00000000000000000054582094
:10A9F0004672657175656E637900000000B7A2C983
:10AA0000E4C6B5C2CA00000000000000002A522DB2
:10AA10004354435353000000000000000000BDD326
:10AA2000CAD5C4A3C4E2D1C7D2F4000000002B529F
:10AA30002D4443530000000000000000000000BD52
:10AA4000D3CAD5CAFDD7D6D1C7D2F4000000002A98
:10AA5000542D4354435353000000000000000000F5
:10AA6000B7A2C9E4C4A3C4E2D1C7D2F40000000075
:10AA70002B542D4443530000000000000000000050
:10AA800000B7A2C9E4CAFDD7D6D1C7D2F4000000EE
:10AA9000004042616E645769647468000000000001
:10AAA0000000D0C5B5C0B4F8BFED00000000000044
:10AAB00000002C545850000000000000000000006E
:10AAC000000000B7A2C9E4B9A6C2CA000000000095
:10AAD0000000000053696C656E6365204D6F64650E
:10AAE00000000000BEB2D4EBC4A3CABD0000000049
:10AAF0000000000000545820466F72626964000034
:10AB00000000000000B7A2C9E4BDFBD6B9000000F8
:10AB10000000000000355368696674204449520003
:10AB2000000000000000C6B5B2EEB7BDCFF20000D5
:10AB3000000000000000364F464653455400000018
:10AB400000000000000000C6B5B2EEC6B5C2CA00E3
:10AB5000000000000000002E4D454D43480000005D
:10AB60000000000000000000D0C5B5C0B4E6B4A2EB
:10AB700000000000000000002F44454C4348000046
:10AB8000000000000000000000D0C5B5C0C9BEB381
:10AB9000FD00000000000000000056464F204672F5
:10ABA000657152616E670000000056464FC9A8C328
:10ABB000E8B7B6CEA70000000000005363616E2026
:10ABC0004D6F646500000000000000C9A8C3E8C420
:10ABD000A3CABD00000000000000000044544D4620
:10ABE000535400000000000000000000B2E0D2F466
:10ABF000BFAAB9D800000000000000000050545463
:10AC00002049440000000000000000000044544DB2
:10AC100046B7A2C2EB000000000000000000505444
:10AC2000542D4C5400000000000000000000B7A2AA
:10AC3000C2EBB8BDBCD3D1D3B3D9000000003153AF
:10AC40007175656C6368000000000000000000BEC4
:10AC5000B2D4EBB5C8BCB600000000000000002D67
:10AC6000525820536176650000000000000000008B
:10AC7000CAA1B5E7C4A3CABD0000000000000000DF
:10AC800034564F5820537769746368000000000001
:10AC900000C9F9BFD8BFAAB9D80000000000000061
:10ACA0000000564F58204C6576656C00000000008F
:10ACB0000000C9F9BFD8B5C8BCB60000000000004C
:10ACC000000000564F582044656C61790000000078
:10ACD000000000C9F9BFD8D1D3CAB10000000000FC
:10ACE000000000335458204F5665722054696D653A
:10ACF00000000000B7A2C9E4B3ACCAB10000000074
:10AD0000000000003D4C616E6775616765000000E2
:10AD10000000000000B2CBB5A5D3EFD1D4000000F5
:10AD2000000000000000564F4943450000000000AD
:10AD3000000000000000D3EFD2F4CCE1CABEBFAAED
:10AD4000B9D800000000004D656E752048616E673F
:10AD500054696D65000000B2CBB5A5B9D2C6F0CA82
:10AD6000B1BCE40000000044424545502050524F21
:10AD70004D50540000000000B0B4BCFCD2F4BFAA97
:10AD8000B9D800000000000000526F6765722042D1
:10AD9000656570000000000000CDA8BBB0BDE1CA31
:10ADA000F8CCE1CABED2F4000000504F5745522003
:10ADB0004F4E2054595045000000BFAABBFABBAD0E
:10ADC000C3E6D1A1D4F10000000000506F77657296
:10ADD000204F6E20546F6E65000000BFAABBFACCF6
:10ADE000E1CABED2F400000000000000506F776599
:10ADF00072206F6E204D534700000000BFAABBFABF
:10AE0000D0C5CFA2000000000000000000504F5746
:10AE10004552204F4E2050574400000000BFAABBAF
:10AE2000FAC3DCC2EB00000000000000003F4475E4
:10AE3000616C205761746368000000000000CBABB8
:10AE4000C6B5CAD8BAF20000000000000000004DEC
:10AE500044462D41000000000000000000000041B9
:10AE6000B6CECFD4CABEC4A3CABD00000000000045
:10AE70004D44462D4200000000000000000000008C
:10AE800042B6CECFD4CABEC4A3CABD0000000000E3
:10AE90000052502D535445000000000000000000F7
:10AEA00000D6D0BCCCCEB2D2F4CFFBB3FD000000B4
:10AEB00000005250542D524C0000000000000000D1
:10AEC0000000D6D0BCCCCEB2C9F9D1D3CAB10000F3
:10AED000000000414C4552540000000000000000FA
:10AEE000000000D6D0BCCCBCA4BBEED2F4C6B500EA
:10AEF00000000030467265712053746570000000D8
:10AF000000000000B2BDBDF8C6B5C2CA0000000016
:10AF1000000000004342757379204C6F636B6F75BE
:10AF20007400000000B7B1C3A6CBF8B6A8000000BB
:10AF30000000000000005369646520546F6E6500D6
:10AF4000000000000000CEB2D2F4CFFBB3FD000041
:10AF500000000000000000416C61726D204D6F64C4
:10AF600065000000000000B1A8BEAFC4A3CABD00C8
:10AF7000000000000000000050463100000000000A
:10AF80000000000000000000B2E0BCFC31B6CCB014
:10AF9000B40000000000000000504631204C4F4E2D
:10AFA000472050524553530000B2E0BCFC31B3A4DB
:10AFB000B0B4000000000000000050463200000065
:10AFC00000000000000000000000B2E0BCFC32B64F
:10AFD000CCB0B4000000000000000041425200006C
:10AFE0000000000000000000000000D7D4B6AFB1A0
:10AFF000B3B9E2B5C6000000000000004272696704
:10B0000068746E6573730000000000004C4344B622
:10B01000D4B1C8B6C800000000000000004C434492
:10B02000205265666C6578000000000000B7B4C966
:10B03000E4C6C1C4BB000000000000000000415590
:10B04000544F4C4F434B0000000000000000D7D489
:10B05000B6AFBCFCC5CCCBF800000000000000522D
:10B060006164696F20496E7465727275707400CA8C
:10B07000D5D2F4B4F2B6CF000000000000000046C4
:10B0800052657365740000000000000000000000BD
:10B09000BBD6B8B4B3F6B3A7C9E8D6C30000000066
:10B0A0000053544F502057415443480000000000C3
:10B0B00000C3EBB1EDB9A6C4DC0000000000000045
:10B0C000000056455253494F4E000000000000005A
:10B0D0000000B0E6B1BED0C5CFA200000000000065
:10B0E0000000205345454B2E2E2E202000000050FE
:10B0F0002300464600464600413200414641324167
:10B10000003241003219323C463C9600004B2D0083
:10B110002D4B00463B008C008C3B4600465D009664
:10B120000096784235000000FFFFFFFFFFFFFFFFA2
:10B13000FFFFFFFFFFFFFFFF020000000400000011
:10B140000600000008000000FFFFFFFFFFFFFFFFF9
:10B15000FFFFFFFFFFFFFFFF0200000004000000F1
:10B1600006000000080000000700080009000A00AF
:10B170000B000C000D000E00100011001300150054
:10B18000170019001C001F002200250029002D00B7
:10B19000320037003C004200490050005800610076
:10B1A0006B00760082008F009D00AD00BE00D100D4
:10B1B000E600FD0017013301510173019801C1013F
:10B1C000EE01200256029202D4021C036C03C30358
:10B1D00024048E04020583051006AB0656071208E8
:10B1E000E008C309BD0AD00BFF0C4C0EBA0F4C117E
:10B1F0000713EE1406175419DC1BA51EB6211525DE
:10B20000CA28DF2C5B314B36B93BB24144487E4FF4
:10B2100071572F60CE696274FF7F4C6962726172F0
:10B220006965732F5374645065726970685F447206
:10B23000697665722F7372632F6274333266307869
:10B240005F6164632E63004C696272617269657349
:10B250002F5374645065726970685F4472697665D3
:10B26000722F7372632F627433326630785F636F4C
:10B270006D702E63004C69627261726965732F5341
:10B2800074645065726970685F4472697665722F84
:10B290007372632F627433326630785F6372632E29
:10B2A00063004C69627261726965732F53746450F4
:10B2B00065726970685F4472697665722F73726334
:10B2C0002F627433326630785F6462676D63752E07
:10B2D00063004C69627261726965732F53746450C4
:10B2E00065726970685F4472697665722F73726304
:10B2F0002F627433326630785F646976717372746A
:10B300002E63004C69627261726965732F537464B5
:10B310005065726970685F4472697665722F7372E6
:10B32000632F627433326630785F646D612E630020
:10B330004C69627261726965732F537464506572EF
:10B340006970685F4472697665722F7372632F62E9
:10B350007433326630785F657874692E63004C69A7
:10B36000627261726965732F53746450657269709B
:10B37000685F4472697665722F7372632F627433EB
:10B38000326630785F666C6173682E63004C696268
:10B390007261726965732F53746450657269706865
:10B3A0005F4472697665722F7372632F62743332F1
:10B3B0006630785F6770696F2E63004C69627261F6
:10B3C000726965732F5374645065726970685F4465
:10B3D00072697665722F7372632F627433326630CE
:10B3E000785F6932632E63004C69627261726965CD
:10B3F000732F5374645065726970685F4472697624
:10B4000065722F7372632F627433326630785F69AE
:10B410007764672E63004C69627261726965732F8D
:10B420005374645065726970685F447269766572BE
:10B430002F7372632F627433326630785F6D697375
:10B44000632E63004C69627261726965732F537475
:10B45000645065726970685F4472697665722F73B3
:10B4600072632F627433326630785F6F70612E635F
:10B47000004C69627261726965732F537464506520
:10B48000726970685F4472697665722F7372632F98
:10B49000627433326630785F7077722E63004C6965
:10B4A000627261726965732F53746450657269705A
:10B4B000685F4472697665722F7372632F627433AA
:10B4C000326630785F7263632E63004C696272612A
:10B4D000726965732F5374645065726970685F4454
:10B4E00072697665722F7372632F627433326630BD
:10B4F000785F7274632E63004C6962726172696571
:10B50000732F5374645065726970685F4472697612
:10B5100065722F7372632F627433326630785F7393
:10B5200070692E63004C69627261726965732F5392
:10B5300074645065726970685F4472697665722FD1
:10B540007372632F627433326630785F737973631A
:10B5500066672E63004C69627261726965732F536E
:10B5600074645065726970685F4472697665722FA1
:10B570007372632F627433326630785F74696D2E34
:10B5800063004C69627261726965732F5374645011
:10B5900065726970685F4472697665722F73726351
:10B5A0002F627433326630785F75736172742E6304
:10B5B000004C69627261726965732F5374645065DF
:10B5C000726970685F4472697665722F7372632F57
:10B5D000627433326630785F777764672E63000574
:10B5E0000A141E2832002530376400252D2A2E2A01
:10B5F000730A0D00C7EBB5C8B4FD2E2E2E00C8B7D8
:10B60000C8CFB3F5CABCBBAF3F0053757265207499
:10B610006F2052657365743F002020C7EBB5C8B436
:10B62000FD2E2E2E202000506C6561736520576121
:10B6300069742E2E2E00253036640025642E256474
:10B640003030002573202573002A00230028292F7D
:10B650005C232030002E2C3F21273A310041424309
:10B660003200444546330047484934004A4B4C3584
:10B67000004D4E4F360050515253370054555638F6
:10B68000005758595A39004024252600203D2B2DBB
:10B690005F0050726F6772616D2E2E2E00CEB4C3A4
:10B6A000FCC3FB20004E4F204E414D450056464FF7
:10B6B00020004348202000253033642E2530356497
:10B6C00000525353490056464F204D6F6465202069
:10B6D000202000C6B5C2CAC4A3CABD2020202000B5
:10B6E0002043482D253033640043482D25303264F3
:10B6F000002530365800B9D8B1D5004F4646004431
:10B700002530336F4900442530336F4E0025644D9A
:10B71000730025640025642E256473656300256429
:10B7200053003630736563003330736563002564FE
:10B730006D696E0056302E303100C8EDBCFEB0E6AB
:10B74000B1BE3A2573005630312020004669726D33
:10B75000776172653A257300D3B2BCFEB0E6B1BE24
:10B760003A25730048617264776172653A25730007
:10B77000C6B5C2CAB3ACB3F6B7B6CEA721006F75D3
:10B7800074206F662072616E6765210025642E2526
:10B790003034640025642E25303564002530336450
:10B7A0002D253033640025642E2564487A00202539
:10B7B0003032640031323300252D2A2E2A730025C1
:10B7C0002A2E2A73006162630041424300205059CF
:10B7D0000037362D3130384D687A0036352D373602
:10B7E0004D687A00446F75626C652057616974001A
:10B7F0005369676E616C205761697400CBABB6CE3C
:10B80000CBABCAD800CBABB6CEB5A5CAD800435493
:10B810004443530043544443532B5369676E616C54
:10B82000696E6700D1C7D2F400D1C7D2F42BBFC96B
:10B83000D1A1D0C5C1EE00CEDE00D2F4B5F700D361
:10B84000EFD2F4004E6F6E6500546F6E6500566F58
:10B85000696365004E6F726D616C005265666C6560
:10B860007800D5FDB3A300B7B4C9E4004245455004
:10B8700000544F4E453132303000E0D6E0BDD2F4B6
:10B88000004D44433132303000546F726368204FB2
:10B890006E2F4F666600506F7765722053656C653A
:10B8A000637420005363616E204F6E2F4F666600F5
:10B8B000564F58204F6E2F4F666600416C61726D77
:10B8C000206F6E2F6F666600526164696F206F6E25
:10B8D0002F6F666600CAD6B5E7CDB2BFAAB9D80049
:10B8E000B9A6C2CAD1A1D4F100C9A8C3E8BFAAB9F8
:10B8F000D800C9F9BFD8BFAAB9D800BEAFB1A8BF98
:10B90000AAB9D800CAD5D2F4BBFABFAAB9D8004C9C
:10B910004F474F004D45535341474500564F4C54F8
:10B9200041474500D4A4C9E8CDBCB1EA00D4A4C9BC
:10B93000E8D0C5CFA200B5E7B3D8B5E7D1B90020AC
:10B9400031303030687A002031343530687A002068
:10B9500031373530687A002032313030687A00561D
:10B96000464F00416C6C00C6B5C2CAC4A3CABD0034
:10B97000C8ABB2BF0044542D535400414E492D531F
:10B98000540044542B414E4900B0B4BCFCB2E0D248
:10B99000F400B0B4BCFC2BC9EDB7DDC2EB00454EE2
:10B9A000474C49534800D6D0CEC4004348004E41CE
:10B9B0004D452B4652455100D0C5B5C0C3FBB3C65B
:10B9C00000D0C5B5C0C6B5C2CA00D0C5B5C0BAC5DD
:10B9D00000C3FBB3C62BC6B5C2CA002B002D003670
:10B9E0002E3235204B0031302E30204B0031322E9C
:10B9F00035204B0032302E30204B0032352E302097
:10BA00004B0035302E30204B0048494748004C4F02
:10BA10005700B8DFB9A6C2CA00B5CDB9A6C2CA00E0
:10BA200057494445004E4152524F5700D5ADB4F8E6
:10BA300000BFEDB4F800424F5400454F5400424F50
:10BA4000544800B0B4CFC2505454B7A2C2EB00CB9C
:10BA5000C9BFAA505454B7A2C2EB00CDACCAB1B70B
:10BA6000A2C2EB00544F00434F00534500CAB1BC83
:10BA7000E400D4D8B2A800CBD1CBF7004F4E20536E
:10BA80004954450053454E4420534F554E440053AE
:10BA9000454E4420434F444500CFD6B3A1B1A8BE84
:10BAA000AF00B7A2CBCDB1A8BEAFD2F400B7A2CB46
:10BAB000CDB1A8BEAFC2EB004F4E00BFAAC6F40086
:10BAC000313A3100313A3200313A34003130004DF0
:10BAD000414945535155450042494E544F4C4B2026
:10BAE000525439303000435553544F4D204649523B
:10BAF0004D5741524500202020442530336F4E20C1
:10BB000000202020253658002020202533642E25B3
:10BB1000302E3164002020204E4F4E452000202042
:10BB2000205343414E5154202020002020202053F8
:10BB3000544F502020202000202052554E4E494E78
:10BB400047202020002533642E25302E35640057F1
:10BB5000582D2530326400232D302B2000686C4C8A
:10BB60000065666745464700303132333435363735
:10BB7000383941424344454600303132333435365A
:10BB80003738396162636465660000202020202018
:10BB9000202020202828282828202020202020207D
:10BBA000202020202020202020202088101010106D
:10BBB00010101010101010101010100404040404C1
:10BBC00004040404041010101010101041414141ED
:10BBD00041410101010101010101010101010101D5
:10BBE00001010101010110101010101042424242E7
:10BBF00042420202020202020202020202020202A5
:10BC000002020202020210101010200000000000C8
:10BC10000000000000000000000000000000000024
:10BC20000000000000000000000000000000000014
:10BC30000000000000000000000000000000000004
:10BC400000000000000000000000000000000000F4
:10BC500000000000000000000000000000000000E4
:10BC600000000000000000000000000000000000D4
:10BC700000000000000000000000000000000000C4
:0CBC8000000000000000000000000000B8
:10BC8C0000A24A04D2A30108A2A3010872A30108CE
:10BC9C0042A3010802A40108FF070000DC010020F8
:10BCAC009C0100205C010020EC010020AC01002074
:10BCBC006C010020FC010020BC0100207C01002054
:10BCCC000C020020CC0100208C0100200D3F341F01
:10BCDC001F31323832020800000000000404040452
:10BCEC000404040402020000000000000404040424
:10BCFC000404040404040404040000000057595B09
:10BD0C005D5F6163666969000000000000595B5D5E
:10BD1C005F616366696B6B000000000064646464BF
:10BD2C0064646464646464646464646464646464C7
:10BD3C0064646464646464646464646464646464B7
:10BD4C0064646464646464646464646464646464A7
:10BD5C0064646464646464646464646496969696CF
:10BD6C009696969696969696969696969696969667
:10BD7C009696969696969696969696969696969657
:10BD8C009696969696969696969696969696969647
:10BD9C00969696969696969696969696C8C8C8C86F
:10BDAC00C8C8C8C8C8C8C8C8C8C8C8C8C8C8C8C807
:10BDBC00C8C8C8C8C8C8C8C8C8C8C8C8C8C8C8C8F7
:10BDCC00C8C8C8C8C8C8C8C8C8C8C8C8C8C8C8C8E7
:10BDDC00C8C8C8C8C8C8C8C8C8C8C8C8FFFFFFD228
:10BDEC006500000400888F00D1B70108DBB701089B
:10BDFC002CBA010831BA010820BA010825BA010889
:10BE0C0012BA010819BA010809BA01080EBA0108D8
:10BE1C00F6B60108DBB90108DDB90108FBB601086B
:10BE2C00DBB90108DDB901086DBA010872BA010865
:10BE3C0077BA010864BA010867BA01086ABA01083E
:10BE4C00F6B6010889B9010897B9010892B9010839
:10BE5C00FBB6010875B901087BB9010882B9010864
:10BE6C00F6B6010843BA01084FBA01085BBA0108DB
:10BE7C00FBB6010836BA01083ABA01083EBA010805
:10BE8C00F6B60108C0BA0108C4BA0108C8BA01085C
:10BE9C00FBB60108C0BA0108C4BA0108C8BA010847
:10BEAC0038B70108E4B50108B6B70108CABA0108E9
:10BEBC006FB6010874B601087AB601087FB601089E
:10BECC0085B60108CCBA01089EB90108A6B90108CB
:10BEDC00F6B601087AB8010871B80108FBB601087A
:10BEEC006CB8010871B8010824B901082DB9010812
:10BEFC0036B901080FB9010814B901081CB90108B9
:10BF0C00F6B60108FCB7010805B80108FBB6010834
:10BF1C00E4B70108F0B70108B8B90108C1B90108C4
:10BF2C00CAB90108D1B90108A8B60108B3B901080A
:10BF3C00ABB90108AEB901083FB9010847B901080E
:10BF4C004FB9010857B90108EEB90108FCB901084D
:10BF5C00DFB90108E6B90108EDB90108F4B9010827
:10BF6C00FBB9010802BA010899BA0108A2BA010882
:10BF7C00ADBA01087CBA010884BA01088FBA01086D
:10BF8C0037B80108D5B80108E0B80108E9B80108CC
:10BF9C00F2B80108FBB8010804B9010844B801085B
:10BFAC0089B8010896B80108A4B80108B0B801080E
:10BFBC00BBB80108C8B8010867B9010870B9010815
:10BFCC005FB9010863B901080EB8010814B801087B
:10BFDC0024B8010829B8010837B801083AB8010893
:10BFEC003FB8010844B8010849B801084EB8010827
:10BFFC0054B801085BB8010862B8010867B80108B9
:10C00C00FBB6010881B80108F6B6010881B8010831
:10C01C00B8BA0108BBBA0108FBB60108B8BA0108E6
:10C02C00F6B60108BBBA01086C0400200000000041
:10C03C000000000068000000D000000000000000BC
:10C04C0000000000000000000000000000000000E4
:10C05C0000000000000000000000000000000000D4
:10C06C0000000000000000000000000000000000C4
:08C07C000000000000000000BC
:0400000508018EE977
:00000001FF
